"Class Name","Class Date","Location","Payrate","Time (h)","Instructor First Name","Instructor Last Name","Employee Code","Payrate Code","Customer Name","Customer Email","Sale Date","Checked in","Checked in","Late Cancelled","Payment Method","Payment Method Name","Paid","Instructor Payout"
"Studio Back Body Blaze","2025-12-16, 11:00 AM","Supreme HQ, Bandra","Full Time","0.95","Mrigakshi","Jaiswal","","","Brinda J","brinda.jot@rediffmail.com","2025-12-10, 10:17 PM","No","No","No","Subscription","Studio Annual Unlimited Membership","1120.58","0.00"
"Studio FIT","2025-12-16, 9:30 AM","Supreme HQ, Bandra","Full Time","0.92","Mrigakshi","Jaiswal","","","Dalreen Patrao","dalreenpatrao@gmail.com","2025-12-10, 6:02 PM","No","No","No","Subscription","Studio 1 Month Unlimited Membership","990.12","0.00"
"Studio FIT","2025-12-16, 9:30 AM","Supreme HQ, Bandra","Full Time","0.92","Mrigakshi","Jaiswal","","","Aili S","ailiseghetti@gmail.com","2025-12-09, 4:40 PM","No","No","No","Subscription","Studio 6 Month Unlimited Membership","629.92","0.00"
"Studio FIT","2025-12-16, 9:30 AM","Supreme HQ, Bandra","Full Time","0.92","Mrigakshi","Jaiswal","","","Liya  Gupta ","liyagupta@gmail.com","2025-12-09, 10:43 AM","No","No","No","Subscription","Studio 3 Month Unlimited Membership","1500.00","0.00"
"Studio FIT","2025-12-16, 9:30 AM","Supreme HQ, Bandra","Full Time","0.92","Mrigakshi","Jaiswal","","","Shuchi Mehta","shuchi.trivedi@gmail.com","2025-12-09, 10:26 AM","No","No","No","Subscription","Studio Annual Unlimited Membership","155.76","0.00"
"Studio FIT","2025-12-16, 9:30 AM","Supreme HQ, Bandra","Full Time","0.92","Mrigakshi","Jaiswal","","","Anisha Goel","anisha.pestonji@gmail.com","2025-12-09, 10:25 AM","No","No","No","Subscription","Studio Annual Unlimited Membership","14.60","0.00"
"Studio FIT","2025-12-16, 9:30 AM","Supreme HQ, Bandra","Full Time","0.92","Mrigakshi","Jaiswal","","","Siya  Kumar ","siyakumar91@gmail.com","2025-12-09, 10:24 AM","No","No","No","Subscription","Studio Annual Unlimited Membership","155.76","0.00"
"Studio FIT","2025-12-16, 9:30 AM","Supreme HQ, Bandra","Full Time","0.92","Mrigakshi","Jaiswal","","","Mallika Mhatre","mallikamhatre1980@gmail.com","2025-12-09, 10:10 AM","No","No","No","Subscription","Studio Annual Unlimited Membership","15.01","0.00"
"Studio FIT","2025-12-16, 9:30 AM","Supreme HQ, Bandra","Full Time","0.92","Mrigakshi","Jaiswal","","","Prachi Ghadge","prachighadge1@gmail.com","2025-12-09, 9:40 AM","No","No","No","Subscription","Studio 3 Month Unlimited Membership","1500.00","0.00"
"Studio FIT","2025-12-16, 9:30 AM","Supreme HQ, Bandra","Full Time","0.92","Mrigakshi","Jaiswal","","","Shona Barua","shonabarua27@gmail.com","2025-12-09, 9:32 AM","No","No","No","Subscription","Studio Annual Unlimited Membership","155.76","0.00"
"Studio FIT","2025-12-16, 9:30 AM","Supreme HQ, Bandra","Full Time","0.92","Mrigakshi","Jaiswal","","","Kanchaan Kaicker ","kanchaan1991@gmail.com","2025-12-09, 9:31 AM","No","No","No","Subscription","Studio 3 Month Unlimited Membership","387.13","0.00"
"Studio FIT","2025-12-15, 7:30 PM","Supreme HQ, Bandra","Full Time","1.00","Mrigakshi","Jaiswal","","","Anupama Mundhra","anupama.mundhra@gmail.com","2025-12-09, 5:10 PM","No","No","No","Subscription","Studio 3 Month Unlimited Membership","507.33","0.00"
"Studio Barre 57","2025-12-15, 6:15 PM","Supreme HQ, Bandra","Full Time","0.95","Mrigakshi","Jaiswal","","","Priyanshi Shah","ps3250@nyu.edu","2025-12-10, 7:02 PM","No","No","No","Package","Studio Open Barre Class","0.00","0.00"
"Studio Barre 57","2025-12-15, 6:15 PM","Supreme HQ, Bandra","Full Time","0.95","Mrigakshi","Jaiswal","","","Apurva Kalav","apurva.4619@gmail.com","2025-12-08, 1:16 PM","No","No","No","Package","Studio Open Barre Class","0.00","0.00"
"Strength Lab (Full Body)","2025-12-12, 11:00 AM","Kwality House, Kemps Corner","Full Time","1.00","Mrigakshi","Jaiswal","","","Reena  Chhabra","reenachh@gmail.com","2025-12-11, 9:09 AM","No","No","No","Subscription","Studio 6 Month Unlimited Membership","635.23","0.00"
"Studio FIT ( SUPER SETS )","2025-12-12, 9:00 AM","Kwality House, Kemps Corner","Full Time","0.95","Mrigakshi","Jaiswal","","","Aditya Malhotra ","adiji12@gmail.com","2025-12-10, 7:42 PM","No","No","No","Subscription","Studio 8 Class Package","1338.75","0.00"
"Studio FIT ( SUPER SETS )","2025-12-12, 9:00 AM","Kwality House, Kemps Corner","Full Time","0.95","Mrigakshi","Jaiswal","","","Sanna Balsari","s.linnea7@gmail.com","2025-12-10, 11:50 AM","No","No","No","Subscription","Studio 1 Month Unlimited Membership","1500.00","0.00"
"Studio FIT ( SUPER SETS )","2025-12-12, 9:00 AM","Kwality House, Kemps Corner","Full Time","0.95","Mrigakshi","Jaiswal","","","Devlina Dalal","devlina_3492@hotmail.com","2025-12-07, 10:48 AM","No","No","No","Subscription","Studio 1 Month Unlimited Membership","1288.92","0.00"
"Studio Back Body Blaze Express","2025-12-12, 7:30 AM","Kwality House, Kemps Corner","Full Time","0.75","Mrigakshi","Jaiswal","","","Amruta Patil","amrutavpatil@gmail.com","2025-12-08, 7:47 AM","No","No","No","Subscription","Studio Annual Unlimited Membership","14.07","0.00"
"Studio Back Body Blaze Express","2025-12-12, 7:30 AM","Kwality House, Kemps Corner","Full Time","0.75","Mrigakshi","Jaiswal","","","Mihir Sheth","sheth07@gmail.com","2025-12-06, 1:39 PM","No","No","No","Subscription","Studio 20 Single Class Pack","1500.00","0.00"
"Strength Lab (Pull) ","2025-12-11, 9:00 AM","Kwality House, Kemps Corner","Full Time","1.00","Mrigakshi","Jaiswal","","","Raman Lamba","turbanbuddha@gmail.com","2025-12-11, 8:45 AM","Yes","No","No","Subscription","Studio 3 Month Unlimited Membership","644.33","0.00"
"Strength Lab (Pull) ","2025-12-11, 9:00 AM","Kwality House, Kemps Corner","Full Time","1.00","Mrigakshi","Jaiswal","","","Joanna Schroder","joanna_schroder@hotmail.com","2025-12-11, 8:45 AM","Yes","No","No","Subscription","Studio 12 Class Package","1185.19","0.00"
"Strength Lab (Pull) ","2025-12-11, 9:00 AM","Kwality House, Kemps Corner","Full Time","1.00","Mrigakshi","Jaiswal","","","Rajul davda","rajulshah1@gmail.com","2025-12-11, 8:21 AM","Yes","No","No","Subscription","Studio 8 Class Package","1338.75","0.00"
"Strength Lab (Pull) ","2025-12-11, 9:00 AM","Kwality House, Kemps Corner","Full Time","1.00","Mrigakshi","Jaiswal","","","Priya Mehta","priyamehta2889@gmail.com","2025-12-11, 8:19 AM","Yes","No","No","Subscription","Studio 8 Class Package","1338.75","0.00"
"Strength Lab (Pull) ","2025-12-11, 9:00 AM","Kwality House, Kemps Corner","Full Time","1.00","Mrigakshi","Jaiswal","","","Reena  Chhabra","reenachh@gmail.com","2025-12-10, 10:06 PM","No","No","Yes","Subscription","Studio 6 Month Unlimited Membership","635.23","0.00"
"Strength Lab (Pull) ","2025-12-11, 9:00 AM","Kwality House, Kemps Corner","Full Time","1.00","Mrigakshi","Jaiswal","","","Anjie Kakar","anjiekakar@gmail.com","2025-12-10, 7:34 PM","Yes","No","No","Subscription","Studio 12 Class Package","1128.75","0.00"
"Strength Lab (Pull) ","2025-12-11, 9:00 AM","Kwality House, Kemps Corner","Full Time","1.00","Mrigakshi","Jaiswal","","","Nikita Pacheriwal","ntodi@hotmail.com","2025-12-10, 5:44 PM","Yes","No","No","Subscription","Studio 3 Month Unlimited Membership","1500.00","0.00"
"Strength Lab (Pull) ","2025-12-11, 9:00 AM","Kwality House, Kemps Corner","Full Time","1.00","Mrigakshi","Jaiswal","","","Devlina Dalal","devlina_3492@hotmail.com","2025-12-07, 10:49 AM","Yes","No","No","Subscription","Studio 1 Month Unlimited Membership","1288.92","0.00"
"Studio Mat 57 Express","2025-12-11, 7:30 AM","Kwality House, Kemps Corner","Full Time","0.75","Mrigakshi","Jaiswal","","","Mrinalini Chandra Goyal","mrinalini.chandra@gmail.com","2025-12-11, 7:46 AM","Yes","No","No","Subscription","Studio 8 Class Package","1338.75","0.00"
"Studio Mat 57 Express","2025-12-11, 7:30 AM","Kwality House, Kemps Corner","Full Time","0.75","Mrigakshi","Jaiswal","","","Swetha Jain","swethajain4@gmail.com","2025-12-11, 7:25 AM","Yes","No","No","Subscription","Studio 6 Month Unlimited Membership","1500.00","0.00"
"Studio Mat 57 Express","2025-12-11, 7:30 AM","Kwality House, Kemps Corner","Full Time","0.75","Mrigakshi","Jaiswal","","","Tina  Mistry","malcolmtina@gmail.com","2025-12-11, 7:24 AM","Yes","No","No","Subscription","Studio 6 Month Unlimited Membership","539.35","0.00"
"Studio Mat 57 Express","2025-12-11, 7:30 AM","Kwality House, Kemps Corner","Full Time","0.75","Mrigakshi","Jaiswal","","","Shikhar  Garodia","shikhargarodia@gmail.com","2025-12-11, 7:22 AM","Yes","No","No","Subscription","Studio 1 Month Unlimited Membership","1500.00","0.00"
"Studio Mat 57 Express","2025-12-11, 7:30 AM","Kwality House, Kemps Corner","Full Time","0.75","Mrigakshi","Jaiswal","","","Namita Jatia","namitajatia@gmail.com","2025-12-11, 7:18 AM","Yes","No","No","Subscription","Studio Annual Unlimited Membership","15.00","0.00"
"Studio Mat 57 Express","2025-12-11, 7:30 AM","Kwality House, Kemps Corner","Full Time","0.75","Mrigakshi","Jaiswal","","","Ayesha Kalyaniwalla","ayeshakalyaniwalla@hotmail.com","2025-12-11, 7:14 AM","Yes","No","No","Subscription","Studio 12 Class Package","1316.88","0.00"
"Studio Mat 57 Express","2025-12-11, 7:30 AM","Kwality House, Kemps Corner","Full Time","0.75","Mrigakshi","Jaiswal","","","Gauri Nayar","gauriknayar@gmail.com","2025-12-10, 6:44 PM","No","No","Yes","Subscription","Studio Annual Unlimited Membership","155.76","0.00"
"Studio Mat 57 Express","2025-12-11, 7:30 AM","Kwality House, Kemps Corner","Full Time","0.75","Mrigakshi","Jaiswal","","","Shreya Agarwal","shreyaagarwalla8@gmail.com","2025-12-09, 10:05 AM","Yes","No","No","Subscription","Studio Extended 10 Single Class Pack","1417.50","0.00"
"Studio Mat 57 Express","2025-12-11, 7:30 AM","Kwality House, Kemps Corner","Full Time","0.75","Mrigakshi","Jaiswal","","","Sabiha Ghiasi ","sabiha.ghiasi@gmail.com","2025-12-07, 11:34 AM","Yes","No","No","Subscription","Studio Annual Unlimited Membership","75.05","0.00"
"Studio Mat 57 Express","2025-12-11, 7:30 AM","Kwality House, Kemps Corner","Full Time","0.75","Mrigakshi","Jaiswal","","","Aarushi Shah","aarushi.shah1@gmail.com","2025-12-05, 10:18 AM","Yes","No","No","Package","Studio 4 Class Package","1404.38","0.00"
"Studio Mat 57 Express","2025-12-11, 7:30 AM","Kwality House, Kemps Corner","Full Time","0.75","Mrigakshi","Jaiswal","","","Aara Mehta","aaramehta@gmail.com","2025-12-05, 10:16 AM","Yes","No","No","Subscription","Studio Extended 10 Single Class Pack","1417.50","0.00"
"Studio Back Body Blaze Express","2025-12-10, 7:15 PM","Supreme HQ, Bandra","Full Time","0.95","Mrigakshi","Jaiswal","","","Anahat Kapur","anahat_kapur@hotmail.com","2025-12-10, 7:21 PM","Yes","No","No","Subscription","Studio 1 Month Unlimited Membership","1500.00","0.00"
"Studio Back Body Blaze Express","2025-12-10, 7:15 PM","Supreme HQ, Bandra","Full Time","0.95","Mrigakshi","Jaiswal","","","Jiyaa Kalra","kalrajiyaa@gmail.com","2025-12-10, 7:10 PM","Yes","No","No","Subscription","Studio 6 Month Unlimited Membership","1500.00","0.00"
"Studio Back Body Blaze Express","2025-12-10, 7:15 PM","Supreme HQ, Bandra","Full Time","0.95","Mrigakshi","Jaiswal","","","Radhika Nihalani","radhika.n92@gmail.com","2025-12-10, 7:01 PM","Yes","No","No","Subscription","Studio 8 Class Package","1338.75","0.00"
"Studio Back Body Blaze Express","2025-12-10, 7:15 PM","Supreme HQ, Bandra","Full Time","0.95","Mrigakshi","Jaiswal","","","Nidhi Kalra","kalranidhi2002@gmail.com","2025-12-10, 6:36 PM","Yes","No","No","Subscription","Studio 6 Month Unlimited Membership","932.14","0.00"
"Studio Back Body Blaze Express","2025-12-10, 7:15 PM","Supreme HQ, Bandra","Full Time","0.95","Mrigakshi","Jaiswal","","","Lianne Trowbridge","l.trowbridge@hotmail.com","2025-12-10, 2:52 PM","Yes","No","No","Subscription","Studio Extended 10 Single Class Pack","1417.50","0.00"
"Studio Back Body Blaze Express","2025-12-10, 7:15 PM","Supreme HQ, Bandra","Full Time","0.95","Mrigakshi","Jaiswal","","","Lavanya Gulati","lavanyagulati@gmail.com","2025-12-10, 2:34 PM","Yes","No","No","Subscription","Studio 3 Month Unlimited Membership","1500.00","0.00"
"Studio Back Body Blaze Express","2025-12-10, 7:15 PM","Supreme HQ, Bandra","Full Time","0.95","Mrigakshi","Jaiswal","","","Naële Marti","naele.marti@gmail.com","2025-12-10, 2:30 PM","Yes","No","No","Package","Studio 4 Class Package","1404.38","0.00"
"Studio Back Body Blaze Express","2025-12-10, 7:15 PM","Supreme HQ, Bandra","Full Time","0.95","Mrigakshi","Jaiswal","","","Leena C","lchaudhari08@gmail.com","2025-12-10, 11:08 AM","Yes","No","No","Subscription","Studio 6 Month Unlimited Membership","1028.39","0.00"
"Studio Back Body Blaze Express","2025-12-10, 7:15 PM","Supreme HQ, Bandra","Full Time","0.95","Mrigakshi","Jaiswal","","","Raashi Mehra","raashimehra30@gmail.com","2025-12-07, 10:13 PM","No","No","Yes","Subscription","Studio 6 Month Unlimited Membership","1174.75","0.00"
"Studio Back Body Blaze","2025-12-02, 11:00 AM","Supreme HQ, Bandra","Full Time","0.95","Mrigakshi","Jaiswal","","","Pooja Nair","nairpooja12@gmail.com","2025-12-02, 10:39 AM","Yes","No","No","Subscription","Studio Annual Unlimited Membership","155.76","0.00"
"Studio Back Body Blaze","2025-12-02, 11:00 AM","Supreme HQ, Bandra","Full Time","0.95","Mrigakshi","Jaiswal","","","Raksha Shroff","rakshamshroff19@gmail.com","2025-11-29, 9:31 AM","Yes","No","No","Subscription","Studio 6 Month Unlimited Membership","1085.53","0.00"
"Studio FIT","2025-12-02, 9:30 AM","Supreme HQ, Bandra","Full Time","0.92","Mrigakshi","Jaiswal","","","Gopi Chawla","gachawla@hotmail.com","2025-11-29, 8:33 AM","Yes","No","No","Subscription","Studio Annual Unlimited Membership","155.76","0.00"
"Studio FIT","2025-12-02, 9:30 AM","Supreme HQ, Bandra","Full Time","0.92","Mrigakshi","Jaiswal","","","Pooja Chen","gadk.pooja@gmail.com","2025-11-26, 11:47 PM","Yes","No","No","Subscription","Studio 1 Month Unlimited Membership","1047.25","0.00"
"Studio FIT","2025-12-02, 9:30 AM","Supreme HQ, Bandra","Full Time","0.92","Mrigakshi","Jaiswal","","","Prachi Ghadge","prachighadge1@gmail.com","2025-11-26, 11:59 AM","Yes","No","No","Subscription","Studio 3 Month Unlimited Membership","1500.00","0.00"
"Studio FIT","2025-12-02, 9:30 AM","Supreme HQ, Bandra","Full Time","0.92","Mrigakshi","Jaiswal","","","Shuchi Mehta","shuchi.trivedi@gmail.com","2025-11-25, 11:15 AM","Yes","No","No","Subscription","Studio Annual Unlimited Membership","155.76","0.00"
"Studio FIT","2025-12-02, 9:30 AM","Supreme HQ, Bandra","Full Time","0.92","Mrigakshi","Jaiswal","","","HUSNA BOOTWALLA","husnajumani93@gmail.com","2025-11-25, 11:14 AM","Yes","No","No","Subscription","Studio 6 Month Unlimited Membership","1279.95","0.00"
"Studio FIT","2025-12-02, 9:30 AM","Supreme HQ, Bandra","Full Time","0.92","Mrigakshi","Jaiswal","","","Kanchaan Kaicker ","kanchaan1991@gmail.com","2025-11-25, 11:06 AM","Yes","No","No","Subscription","Studio 3 Month Unlimited Membership","387.13","0.00"
"Studio FIT","2025-12-02, 9:30 AM","Supreme HQ, Bandra","Full Time","0.92","Mrigakshi","Jaiswal","","","Siya  Kumar ","siyakumar91@gmail.com","2025-11-25, 10:25 AM","Yes","No","No","Subscription","Studio Annual Unlimited Membership","155.76","0.00"
"Studio FIT","2025-12-02, 9:30 AM","Supreme HQ, Bandra","Full Time","0.92","Mrigakshi","Jaiswal","","","Anisha Goel","anisha.pestonji@gmail.com","2025-11-25, 10:22 AM","Yes","No","No","Subscription","Studio Annual Unlimited Membership","14.60","0.00"
"Studio FIT","2025-12-02, 9:30 AM","Supreme HQ, Bandra","Full Time","0.92","Mrigakshi","Jaiswal","","","Liya  Gupta ","liyagupta@gmail.com","2025-11-25, 9:48 AM","Yes","No","No","Subscription","Studio 3 Month Unlimited Membership","1500.00","0.00"
"Studio FIT","2025-12-02, 9:30 AM","Supreme HQ, Bandra","Full Time","0.92","Mrigakshi","Jaiswal","","","Shona Barua","shonabarua27@gmail.com","2025-11-25, 9:31 AM","Yes","No","No","Subscription","Studio Annual Unlimited Membership","155.76","0.00"
"Studio FIT","2025-12-01, 7:30 PM","Supreme HQ, Bandra","Full Time","1.00","Mrigakshi","Jaiswal","","","Aditya Mallya","admallya@gmail.com","2025-12-01, 6:43 PM","Yes","No","No","Subscription","Studio 3 Month Unlimited Membership","1047.55","0.00"
"Studio FIT","2025-12-01, 7:30 PM","Supreme HQ, Bandra","Full Time","1.00","Mrigakshi","Jaiswal","","","Lavanya Gulati","lavanyagulati@gmail.com","2025-12-01, 3:53 PM","Yes","No","No","Subscription","Studio 3 Month Unlimited Membership","1500.00","0.00"
"Studio FIT","2025-12-01, 7:30 PM","Supreme HQ, Bandra","Full Time","1.00","Mrigakshi","Jaiswal","","","Vaishalika Saggi","vaishalikasaggi@gmail.com","2025-12-01, 10:37 AM","Yes","No","No","Subscription","Studio 1 Month Unlimited Membership","1500.00","0.00"
"Studio FIT","2025-12-01, 7:30 PM","Supreme HQ, Bandra","Full Time","1.00","Mrigakshi","Jaiswal","","","Jiyaa Kalra","kalrajiyaa@gmail.com","2025-12-01, 9:32 AM","No","No","Yes","Subscription","Studio 6 Month Unlimited Membership","1500.00","0.00"
"Studio FIT","2025-12-01, 7:30 PM","Supreme HQ, Bandra","Full Time","1.00","Mrigakshi","Jaiswal","","","Anahat Kapur","anahat_kapur@hotmail.com","2025-12-01, 3:03 AM","Yes","No","No","Subscription","Studio 1 Month Unlimited Membership","837.80","0.00"
"Studio FIT","2025-12-01, 7:30 PM","Supreme HQ, Bandra","Full Time","1.00","Mrigakshi","Jaiswal","","","Priyanka  Kauntia","priyankakauntia@hotmail.com","2025-11-30, 9:07 AM","Yes","No","No","Subscription","Studio 1 Month Unlimited Membership","897.64","0.00"
"Studio FIT","2025-12-01, 7:30 PM","Supreme HQ, Bandra","Full Time","1.00","Mrigakshi","Jaiswal","","","Archana  Iyer","archana.archie19@gmail.com","2025-11-29, 3:32 PM","Yes","No","No","Subscription","Studio 1 Month Unlimited Membership","1500.00","0.00"
"Studio FIT","2025-12-01, 7:30 PM","Supreme HQ, Bandra","Full Time","1.00","Mrigakshi","Jaiswal","","","Anupama Mundhra","anupama.mundhra@gmail.com","2025-11-26, 3:44 PM","Yes","No","No","Subscription","Studio 3 Month Unlimited Membership","507.33","0.00"
"Studio Barre 57","2025-12-01, 6:15 PM","Supreme HQ, Bandra","Full Time","0.95","Mrigakshi","Jaiswal","","","Lalita  Jagtiani","ljagtiani@hotmail.com","2025-12-01, 6:20 PM","Yes","No","No","Subscription","Studio 12 Class Package","1119.34","0.00"
"Studio Barre 57","2025-12-01, 6:15 PM","Supreme HQ, Bandra","Full Time","0.95","Mrigakshi","Jaiswal","","","Raashi Mehra","raashimehra30@gmail.com","2025-12-01, 6:05 PM","Yes","No","No","Subscription","Studio 6 Month Unlimited Membership","1174.75","0.00"
"Studio Barre 57","2025-12-01, 6:15 PM","Supreme HQ, Bandra","Full Time","0.95","Mrigakshi","Jaiswal","","","Aaria Mitra","aariamitra34@gmail.com","2025-12-01, 5:57 PM","Yes","No","No","Subscription","Studio 1 Month Unlimited Membership","980.92","0.00"
"Studio Barre 57","2025-12-01, 6:15 PM","Supreme HQ, Bandra","Full Time","0.95","Mrigakshi","Jaiswal","","","Leena C","lchaudhari08@gmail.com","2025-12-01, 5:39 PM","Yes","No","No","Subscription","Studio 6 Month Unlimited Membership","1028.39","0.00"
"Studio Barre 57","2025-12-01, 6:15 PM","Supreme HQ, Bandra","Full Time","0.95","Mrigakshi","Jaiswal","","","Suhaani Shrivastava ","suhaani0107@gmail.com","2025-12-01, 4:45 PM","Yes","No","No","Subscription","Studio Extended 10 Single Class Pack","1500.00","0.00"
"Studio Barre 57","2025-12-01, 6:15 PM","Supreme HQ, Bandra","Full Time","0.95","Mrigakshi","Jaiswal","","","Pooja Nair","nairpooja12@gmail.com","2025-12-01, 4:42 PM","Yes","No","No","Subscription","Studio Annual Unlimited Membership","155.76","0.00"
"Studio Barre 57","2025-12-01, 6:15 PM","Supreme HQ, Bandra","Full Time","0.95","Mrigakshi","Jaiswal","","","Kamaksh G","kamakshi.shal@gmail.com","2025-11-30, 4:19 PM","Yes","No","No","Package","Studio Open Barre Class","0.00","0.00"
"Studio Barre 57","2025-12-01, 6:15 PM","Supreme HQ, Bandra","Full Time","0.95","Mrigakshi","Jaiswal","","","Divya israni Israni","divyaisrani11@gmail.com","2025-11-29, 10:39 AM","Yes","No","No","Package","Studio 4 Class Package","1404.38","0.00"