"Class Name","Class Date","Location","Payrate","Total Revenue","Base Payout","Additional Payout","Total Payout","Tip","Participants","Checked in","Comps","Checked In Comps","Late Cancellations","Non Paid Customers","Time (h)","Instructor First Name","Instructor Last Name","Employee Code","Payrate Code"
"Studio Cardio Barre","2025-12-17, 10:15 AM","Kwality House, Kemps Corner","Senior Trainer","0.00","1750.00","0.00","1750.00","0.00","0","0","0","0","0","0","0.95","Atulan","Purohit","",""
"Strength Lab (Pull) ","2025-12-17, 8:45 AM","Kwality House, Kemps Corner","Senior Trainer","3337.44","1750.00","0.00","1750.00","0.00","5","0","0","0","0","0","1.00","Atulan","Purohit","",""
"Strength Lab (Push) ","2025-12-17, 7:30 AM","Kwality House, Kemps Corner","Senior Trainer","0.00","1750.00","0.00","1750.00","0.00","0","0","0","0","0","0","0.83","Atulan","Purohit","",""
"Strength Lab (Pull) ","2025-12-15, 7:15 PM","Kwality House, Kemps Corner","Senior Trainer","1500.00","1750.00","0.00","1750.00","0.00","1","0","0","0","0","0","1.00","Atulan","Purohit","",""
"Studio FIT","2025-12-15, 6:00 PM","Kwality House, Kemps Corner","Senior Trainer","1500.00","1750.00","0.00","1750.00","0.00","1","0","0","0","0","0","1.00","Atulan","Purohit","",""
"Studio Barre 57","2025-12-13, 11:30 AM","Supreme HQ, Bandra","Senior Trainer","1120.58","1750.00","0.00","1750.00","0.00","2","0","0","0","0","1","0.95","Atulan","Purohit","",""
"Studio FIT ( SUPER SETS )","2025-12-13, 10:15 AM","Supreme HQ, Bandra","Senior Trainer","4913.02","1750.00","0.00","1750.00","0.00","10","0","0","0","0","0","0.92","Atulan","Purohit","",""
"Studio Barre 57","2025-12-13, 9:00 AM","Supreme HQ, Bandra","Senior Trainer","8606.08","1750.00","0.00","1750.00","0.00","9","0","0","0","0","0","0.95","Atulan","Purohit","",""
"Studio Cardio Barre","2025-12-12, 10:15 AM","Supreme HQ, Bandra","Senior Trainer","1451.38","1750.00","0.00","1750.00","0.00","3","0","0","0","0","0","0.95","Atulan","Purohit","",""
"Studio FIT ( SUPER SETS )","2025-12-12, 9:00 AM","Supreme HQ, Bandra","Senior Trainer","3949.02","1750.00","0.00","1750.00","0.00","10","0","0","0","0","0","0.95","Atulan","Purohit","",""
"Studio Back Body Blaze","2025-12-12, 7:30 AM","Supreme HQ, Bandra","Senior Trainer","7931.33","1750.00","0.00","1750.00","0.00","8","0","0","0","0","0","0.95","Atulan","Purohit","",""
"Strength Lab (Push) ","2025-12-11, 7:15 PM","Kwality House, Kemps Corner","Senior Trainer","2910.55","1750.00","0.00","1750.00","0.00","2","0","0","0","0","0","1.00","Atulan","Purohit","",""
"Studio Back Body Blaze Express","2025-12-11, 6:15 PM","Kwality House, Kemps Corner","Senior Trainer","1661.70","1750.00","0.00","1750.00","0.00","2","0","0","0","1","0","0.75","Atulan","Purohit","",""
"Studio Mat 57","2025-12-10, 7:15 PM","Kwality House, Kemps Corner","Senior Trainer","6427.18","1750.00","0.00","1750.00","0.00","6","5","0","0","1","1","0.95","Atulan","Purohit","",""
"Studio Cardio Barre Express","2025-12-10, 6:15 PM","Kwality House, Kemps Corner","Senior Trainer","5308.82","1750.00","0.00","1750.00","0.00","5","4","0","0","1","0","0.75","Atulan","Purohit","",""
"Studio FIT ( SUPER SETS )","2025-12-09, 7:15 PM","Kwality House, Kemps Corner","Senior Trainer","7000.93","1750.00","0.00","1750.00","0.00","6","6","0","0","0","0","0.92","Atulan","Purohit","",""
"Strength Lab (Pull) ","2025-12-09, 6:00 PM","Kwality House, Kemps Corner","Senior Trainer","1912.39","1750.00","0.00","1750.00","0.00","3","2","0","0","1","0","1.00","Atulan","Purohit","",""
"Strength Lab (Pull) ","2025-12-08, 7:15 PM","Kwality House, Kemps Corner","Senior Trainer","7630.62","1750.00","0.00","1750.00","0.00","6","6","0","0","0","0","1.00","Atulan","Purohit","",""
"Studio FIT ( SUPER SETS )","2025-12-08, 6:00 PM","Kwality House, Kemps Corner","Senior Trainer","9670.97","1750.00","0.00","1750.00","0.00","9","7","0","0","2","0","1.00","Atulan","Purohit","",""
"Studio Barre 57","2025-12-06, 11:30 AM","Supreme HQ, Bandra","Senior Trainer","12775.66","1750.00","0.00","1750.00","0.00","11","10","0","0","1","0","0.95","Atulan","Purohit","",""
"Studio FIT","2025-12-06, 10:15 AM","Supreme HQ, Bandra","Senior Trainer","5111.15","1750.00","0.00","1750.00","0.00","11","10","0","0","1","0","0.92","Atulan","Purohit","",""
"Studio Barre 57","2025-12-06, 9:00 AM","Supreme HQ, Bandra","Senior Trainer","5990.93","1750.00","0.00","1750.00","0.00","13","10","0","0","3","4","0.95","Atulan","Purohit","",""
"Studio Cardio Barre","2025-12-05, 10:15 AM","Supreme HQ, Bandra","Senior Trainer","2021.25","1750.00","0.00","1750.00","0.00","4","4","0","0","0","2","0.95","Atulan","Purohit","",""
"Studio FIT","2025-12-05, 9:00 AM","Supreme HQ, Bandra","Senior Trainer","6411.74","1750.00","0.00","1750.00","0.00","10","8","0","0","2","0","0.95","Atulan","Purohit","",""
"Studio Back Body Blaze","2025-12-05, 7:30 AM","Supreme HQ, Bandra","Senior Trainer","5195.60","1750.00","0.00","1750.00","0.00","5","4","0","0","1","0","0.95","Atulan","Purohit","",""
"Strength Lab (Push) ","2025-12-04, 7:15 PM","Kwality House, Kemps Corner","Senior Trainer","2816.88","1750.00","0.00","1750.00","0.00","2","2","0","0","0","0","1.00","Atulan","Purohit","",""
"Studio Back Body Blaze Express","2025-12-04, 6:15 PM","Kwality House, Kemps Corner","Senior Trainer","11934.47","1750.00","0.00","1750.00","0.00","10","10","0","0","0","0","0.75","Atulan","Purohit","",""
"Studio Cardio Barre","2025-12-03, 10:15 AM","Kwality House, Kemps Corner","Senior Trainer","2826.84","1750.00","0.00","1750.00","0.00","3","2","0","0","1","0","0.95","Atulan","Purohit","",""
"Strength Lab (Pull) ","2025-12-03, 8:45 AM","Kwality House, Kemps Corner","Senior Trainer","2586.45","1750.00","0.00","1750.00","0.00","7","7","0","0","0","0","1.00","Atulan","Purohit","",""
"Strength Lab (Push) ","2025-12-03, 7:30 AM","Kwality House, Kemps Corner","Senior Trainer","2838.75","1750.00","0.00","1750.00","0.00","2","1","0","0","1","0","0.83","Atulan","Purohit","",""
"Studio Mat 57","2025-12-02, 11:00 AM","Kwality House, Kemps Corner","Senior Trainer","9014.79","1750.00","0.00","1750.00","0.00","11","10","0","0","1","0","0.95","Atulan","Purohit","",""
"Studio Amped Up! ( Band Land )","2025-12-02, 8:30 AM","Kwality House, Kemps Corner","Senior Trainer","7047.45","1750.00","0.00","1750.00","0.00","7","6","0","0","1","0","0.95","Atulan","Purohit","",""
"Strength Lab (Pull) ","2025-12-01, 7:15 PM","Kwality House, Kemps Corner","Senior Trainer","4546.92","1750.00","0.00","1750.00","0.00","6","6","0","0","0","2","1.00","Atulan","Purohit","",""
"Studio FIT","2025-12-01, 6:00 PM","Kwality House, Kemps Corner","Senior Trainer","6370.72","1750.00","0.00","1750.00","0.00","6","6","0","0","0","1","1.00","Atulan","Purohit","",""