"Class Name","Class Date","Location","Payrate","Time (h)","Instructor First Name","Instructor Last Name","Employee Code","Payrate Code","Customer Name","Customer Email","Sale Date","Checked in","Checked in","Late Cancelled","Payment Method","Payment Method Name","Paid","Instructor Payout"
"powerCycle","2025-12-18, 8:00 AM","Kwality House, Kemps Corner","Full Time","0.83","Vivaran","Dhasmana","","","Sanna Balsari","s.linnea7@gmail.com","2025-12-11, 8:55 AM","No","No","No","Subscription","Studio 1 Month Unlimited Membership","1500.00","0.00"
"Studio FIT","2025-12-17, 11:00 AM","Supreme HQ, Bandra","Full Time","0.95","Vivaran","Dhasmana","","","Brinda J","brinda.jot@rediffmail.com","2025-12-10, 10:18 PM","No","No","No","Subscription","Studio Annual Unlimited Membership","1120.58","0.00"
"Studio Back Body Blaze","2025-12-17, 8:45 AM","Supreme HQ, Bandra","Full Time","0.95","Vivaran","Dhasmana","","","Charmi Gosalia","charmigosalia@gmail.com","2025-12-11, 8:51 AM","No","No","No","Subscription","Studio 1 Month Unlimited Membership","1500.00","0.00"
"Studio Back Body Blaze","2025-12-17, 8:45 AM","Supreme HQ, Bandra","Full Time","0.95","Vivaran","Dhasmana","","","Siya  Kumar ","siyakumar91@gmail.com","2025-12-10, 3:18 PM","No","No","No","Subscription","Studio Annual Unlimited Membership","155.76","0.00"
"Studio Back Body Blaze","2025-12-17, 8:45 AM","Supreme HQ, Bandra","Full Time","0.95","Vivaran","Dhasmana","","","Mallika Mhatre","mallikamhatre1980@gmail.com","2025-12-10, 11:40 AM","No","No","No","Subscription","Studio Annual Unlimited Membership","15.01","0.00"
"Studio Back Body Blaze","2025-12-17, 8:45 AM","Supreme HQ, Bandra","Full Time","0.95","Vivaran","Dhasmana","","","Prachi Ghadge","prachighadge1@gmail.com","2025-12-10, 10:39 AM","No","No","No","Subscription","Studio 3 Month Unlimited Membership","1500.00","0.00"
"Studio Cardio Barre","2025-12-17, 7:30 AM","Supreme HQ, Bandra","Full Time","0.95","Vivaran","Dhasmana","","","Yash  Prasad","yashwewill@gmail.com","2025-12-11, 6:55 AM","No","No","No","Subscription","Studio 1 Month Unlimited Membership","1131.56","0.00"
"Studio Cardio Barre","2025-12-17, 7:30 AM","Supreme HQ, Bandra","Full Time","0.95","Vivaran","Dhasmana","","","Marsha Silgardo","marsha.silgardo@gmail.com","2025-12-10, 9:07 AM","No","No","No","Package","Studio Referrer Complimentary Class Package","0.00","0.00"
"powerCycle ( Spotify Wrapped )","2025-12-16, 9:45 AM","Supreme HQ, Bandra","Full Time","0.83","Vivaran","Dhasmana","","","Aashna Godha","aashna.godha@gmail.com","2025-12-10, 8:29 PM","No","No","No","Subscription","Studio 12 Class Package","1053.50","0.00"
"powerCycle","2025-12-16, 8:00 AM","Supreme HQ, Bandra","Full Time","0.83","Vivaran","Dhasmana","","","Neeti Yellurkar","neeti.yellurkar@gmail.com","2025-12-11, 8:24 AM","No","No","No","Subscription","Studio 8 Class Package","1338.75","0.00"
"powerCycle","2025-12-16, 8:00 AM","Supreme HQ, Bandra","Full Time","0.83","Vivaran","Dhasmana","","","Anisha Goel","anisha.pestonji@gmail.com","2025-12-09, 10:51 AM","No","No","No","Subscription","Studio Annual Unlimited Membership","14.60","0.00"
"powerCycle","2025-12-16, 8:00 AM","Supreme HQ, Bandra","Full Time","0.83","Vivaran","Dhasmana","","","Shona Barua","shonabarua27@gmail.com","2025-12-09, 9:33 AM","No","No","No","Subscription","Studio Annual Unlimited Membership","155.76","0.00"
"Studio Cardio Barre","2025-12-15, 9:00 AM","Supreme HQ, Bandra","Full Time","0.95","Vivaran","Dhasmana","","","Siya  Kumar ","siyakumar91@gmail.com","2025-12-09, 7:42 PM","No","No","No","Subscription","Studio Annual Unlimited Membership","155.76","0.00"
"Studio Cardio Barre","2025-12-15, 9:00 AM","Supreme HQ, Bandra","Full Time","0.95","Vivaran","Dhasmana","","","Sanjam  Kini ","sanjam.sahni@gmail.com","2025-12-08, 9:38 PM","No","No","No","Subscription","Studio Annual Unlimited Membership","15.00","0.00"
"Studio Mat 57","2025-12-15, 7:30 AM","Supreme HQ, Bandra","Full Time","0.95","Vivaran","Dhasmana","","","Charmi Gosalia","charmigosalia@gmail.com","2025-12-11, 8:49 AM","No","No","No","Subscription","Studio 1 Month Unlimited Membership","1500.00","0.00"
"Studio Mat 57","2025-12-15, 7:30 AM","Supreme HQ, Bandra","Full Time","0.95","Vivaran","Dhasmana","","","Yash  Prasad","yashwewill@gmail.com","2025-12-11, 6:55 AM","No","No","No","Subscription","Studio 1 Month Unlimited Membership","1131.56","0.00"
"Studio Mat 57","2025-12-15, 7:30 AM","Supreme HQ, Bandra","Full Time","0.95","Vivaran","Dhasmana","","","Kamaksh G","kamakshi.shal@gmail.com","2025-12-10, 5:00 PM","No","No","No","UPI","","1575.00","0.00"
"Studio Mat 57","2025-12-15, 7:30 AM","Supreme HQ, Bandra","Full Time","0.95","Vivaran","Dhasmana","","","Marsha Silgardo","marsha.silgardo@gmail.com","2025-12-08, 8:44 AM","No","No","No","Subscription","Studio 1 Month Unlimited Membership","931.88","0.00"
"Studio Barre 57","2025-12-12, 5:45 PM","Kwality House, Kemps Corner","Full Time","0.95","Vivaran","Dhasmana","","","Roopali Misra","roopali@icloud.com","2025-12-11, 11:19 AM","No","No","No","Subscription","Barre 1 month Unlimited ","1200.94","0.00"
"Studio FIT ( SUPER SETS )","2025-12-11, 11:00 AM","Kwality House, Kemps Corner","Full Time","0.92","Vivaran","Dhasmana","","","Tanya  Shanti ","tsgoott@gmail.com","2025-12-11, 11:58 AM","Yes","No","No","Subscription","Studio 8 Class Package","1386.50","0.00"
"Studio FIT ( SUPER SETS )","2025-12-11, 11:00 AM","Kwality House, Kemps Corner","Full Time","0.92","Vivaran","Dhasmana","","","Thea Turner","theaturner2@gmail.com","2025-12-11, 10:57 AM","Yes","No","No","Subscription","Studio Annual Unlimited Membership","193.08","0.00"
"Studio FIT ( SUPER SETS )","2025-12-11, 11:00 AM","Kwality House, Kemps Corner","Full Time","0.92","Vivaran","Dhasmana","","","Reena  Chhabra","reenachh@gmail.com","2025-12-11, 10:45 AM","Yes","No","No","Subscription","Studio 6 Month Unlimited Membership","635.23","0.00"
"powerCycle","2025-12-11, 9:30 AM","Kwality House, Kemps Corner","Full Time","0.83","Vivaran","Dhasmana","","","Reyna Jagtiani","reyna@twaincommunications.com","2025-12-11, 9:30 AM","Yes","No","No","Package","Studio Staff/Family Class","0.00","0.00"
"powerCycle","2025-12-11, 9:30 AM","Kwality House, Kemps Corner","Full Time","0.83","Vivaran","Dhasmana","","","Roshni Nanwani","roshni.mahtani@gmail.com","2025-12-11, 9:18 AM","Yes","No","No","Subscription","Studio 20 Single Class Pack","1500.00","0.00"
"powerCycle","2025-12-11, 8:00 AM","Kwality House, Kemps Corner","Full Time","0.83","Vivaran","Dhasmana","","","Prianca Jhaveri","priancajhaveri@gmail.com","2025-12-10, 11:44 PM","Yes","No","No","Subscription","Studio 3 Month Unlimited Membership","1500.00","0.00"
"powerCycle","2025-12-11, 8:00 AM","Kwality House, Kemps Corner","Full Time","0.83","Vivaran","Dhasmana","","","Malcolm Mistry","malcolm@ushtate.com","2025-12-10, 8:39 PM","Yes","No","No","Subscription","Studio 6 Month Unlimited Membership","1500.00","0.00"
"powerCycle","2025-12-11, 8:00 AM","Kwality House, Kemps Corner","Full Time","0.83","Vivaran","Dhasmana","","","Preeti Ambani","preeti.ambani@gmail.com","2025-12-10, 8:37 PM","Yes","No","No","Subscription","Studio Annual Unlimited Membership","15.00","0.00"
"powerCycle","2025-12-11, 8:00 AM","Kwality House, Kemps Corner","Full Time","0.83","Vivaran","Dhasmana","","","Poonam Agarwal","p_mukim@yahoo.com","2025-12-10, 8:31 PM","Yes","No","No","Subscription","Studio Annual Unlimited Membership","15.00","0.00"
"powerCycle","2025-12-11, 8:00 AM","Kwality House, Kemps Corner","Full Time","0.83","Vivaran","Dhasmana","","","Nikita Pacheriwal","ntodi@hotmail.com","2025-12-10, 5:44 PM","Yes","No","No","Subscription","Studio 3 Month Unlimited Membership","1500.00","0.00"
"powerCycle","2025-12-11, 8:00 AM","Kwality House, Kemps Corner","Full Time","0.83","Vivaran","Dhasmana","","","Hena Kapadia","hena88+1@gmail.com","2025-12-10, 12:27 PM","Yes","No","No","Subscription","Studio 1 Month Unlimited Membership","1500.00","0.00"
"powerCycle","2025-12-11, 8:00 AM","Kwality House, Kemps Corner","Full Time","0.83","Vivaran","Dhasmana","","","Sanna Balsari","s.linnea7@gmail.com","2025-12-10, 11:50 AM","Yes","No","No","Subscription","Studio 1 Month Unlimited Membership","1500.00","0.00"
"powerCycle","2025-12-11, 8:00 AM","Kwality House, Kemps Corner","Full Time","0.83","Vivaran","Dhasmana","","","Mahika Thakur","mrt368@nyu.edu","2025-12-07, 12:07 PM","No","No","Yes","Subscription","Studio Annual Unlimited Membership","155.76","0.00"
"Studio FIT ( SUPER SETS )","2025-12-10, 11:00 AM","Supreme HQ, Bandra","Full Time","0.95","Vivaran","Dhasmana","","","Purvi Thakkar","purvi3101@gmail.com","2025-12-10, 9:40 AM","Yes","No","No","Subscription","Studio 6 Month Unlimited Membership","1500.00","0.00"
"Studio FIT ( SUPER SETS )","2025-12-10, 11:00 AM","Supreme HQ, Bandra","Full Time","0.95","Vivaran","Dhasmana","","","Asimah Balwa","asimah.balwa@gmail.com","2025-12-10, 9:27 AM","No","No","Yes","Subscription","Studio Annual Unlimited Membership","155.76","0.00"
"Studio FIT ( SUPER SETS )","2025-12-10, 11:00 AM","Supreme HQ, Bandra","Full Time","0.95","Vivaran","Dhasmana","","","Joyeeta Dutta","joyeetad17@gmail.com","2025-12-09, 10:47 PM","Yes","No","No","Subscription","Studio 3 Month Unlimited Membership","827.90","0.00"
"Studio FIT ( SUPER SETS )","2025-12-10, 11:00 AM","Supreme HQ, Bandra","Full Time","0.95","Vivaran","Dhasmana","","","Sreejita Deb","debsreejita23@gmail.com","2025-12-09, 3:16 PM","Yes","No","No","Subscription","Studio 12 Class Package","1316.88","0.00"
"Studio FIT ( SUPER SETS )","2025-12-10, 11:00 AM","Supreme HQ, Bandra","Full Time","0.95","Vivaran","Dhasmana","","","Nitika Gupta","nitika0059@gmail.com","2025-12-06, 10:40 PM","Yes","No","No","Subscription","Studio Annual Unlimited Membership","15.01","0.00"
"Studio FIT ( SUPER SETS )","2025-12-10, 11:00 AM","Supreme HQ, Bandra","Full Time","0.95","Vivaran","Dhasmana","","","Raksha Shroff","rakshamshroff19@gmail.com","2025-12-06, 5:24 PM","Yes","No","No","Subscription","Studio 6 Month Unlimited Membership","1085.53","0.00"
"Studio FIT ( SUPER SETS )","2025-12-10, 11:00 AM","Supreme HQ, Bandra","Full Time","0.95","Vivaran","Dhasmana","","","Dalreen Patrao","dalreenpatrao@gmail.com","2025-12-04, 7:58 AM","Yes","No","No","Subscription","Studio 1 Month Unlimited Membership","990.12","0.00"
"Studio Back Body Blaze","2025-12-10, 8:45 AM","Supreme HQ, Bandra","Full Time","0.95","Vivaran","Dhasmana","","","Rhea Kumar","rheakumar95@gmail.com","2025-12-09, 7:34 PM","Yes","No","No","Subscription","Studio 20 Single Class Pack","1417.50","0.00"
"Studio Back Body Blaze","2025-12-10, 8:45 AM","Supreme HQ, Bandra","Full Time","0.95","Vivaran","Dhasmana","","","Anupama Mundhra","anupama.mundhra@gmail.com","2025-12-09, 5:05 PM","No","No","Yes","Subscription","Studio 3 Month Unlimited Membership","507.33","0.00"
"Studio Back Body Blaze","2025-12-10, 8:45 AM","Supreme HQ, Bandra","Full Time","0.95","Vivaran","Dhasmana","","","Kanchaan Kaicker ","kanchaan1991@gmail.com","2025-12-09, 10:37 AM","Yes","No","No","Subscription","Studio 3 Month Unlimited Membership","387.13","0.00"
"Studio Back Body Blaze","2025-12-10, 8:45 AM","Supreme HQ, Bandra","Full Time","0.95","Vivaran","Dhasmana","","","Shona Barua","shonabarua27@gmail.com","2025-12-09, 10:37 AM","Yes","No","No","Subscription","Studio Annual Unlimited Membership","155.76","0.00"
"Studio Back Body Blaze","2025-12-10, 8:45 AM","Supreme HQ, Bandra","Full Time","0.95","Vivaran","Dhasmana","","","Anisha Goel","anisha.pestonji@gmail.com","2025-12-09, 10:28 AM","Yes","No","No","Subscription","Studio Annual Unlimited Membership","14.60","0.00"
"Studio Back Body Blaze","2025-12-10, 8:45 AM","Supreme HQ, Bandra","Full Time","0.95","Vivaran","Dhasmana","","","Aili S","ailiseghetti@gmail.com","2025-12-09, 10:26 AM","Yes","No","No","Subscription","Studio 6 Month Unlimited Membership","629.92","0.00"
"Studio Back Body Blaze","2025-12-10, 8:45 AM","Supreme HQ, Bandra","Full Time","0.95","Vivaran","Dhasmana","","","Liya  Gupta ","liyagupta@gmail.com","2025-12-08, 3:09 PM","Yes","No","No","Subscription","Studio 3 Month Unlimited Membership","1500.00","0.00"
"Studio Back Body Blaze","2025-12-10, 8:45 AM","Supreme HQ, Bandra","Full Time","0.95","Vivaran","Dhasmana","","","Gopi Chawla","gachawla@hotmail.com","2025-12-07, 4:46 PM","Yes","No","No","Subscription","Studio Annual Unlimited Membership","155.76","0.00"
"Studio Back Body Blaze","2025-12-10, 8:45 AM","Supreme HQ, Bandra","Full Time","0.95","Vivaran","Dhasmana","","","Siya  Kumar ","siyakumar91@gmail.com","2025-12-07, 7:51 AM","Yes","No","No","Subscription","Studio Annual Unlimited Membership","155.76","0.00"
"Studio Back Body Blaze","2025-12-10, 8:45 AM","Supreme HQ, Bandra","Full Time","0.95","Vivaran","Dhasmana","","","Shuchi Mehta","shuchi.trivedi@gmail.com","2025-12-06, 2:21 PM","Yes","No","No","Subscription","Studio Annual Unlimited Membership","155.76","0.00"
"Studio Back Body Blaze","2025-12-10, 8:45 AM","Supreme HQ, Bandra","Full Time","0.95","Vivaran","Dhasmana","","","Kamaksh G","kamakshi.shal@gmail.com","2025-12-05, 4:05 PM","Yes","No","No","Package","Studio Single Class","1500.00","0.00"
"Studio Back Body Blaze","2025-12-10, 8:45 AM","Supreme HQ, Bandra","Full Time","0.95","Vivaran","Dhasmana","","","Pooja Chen","gadk.pooja@gmail.com","2025-12-05, 9:35 AM","No","No","Yes","Subscription","Studio 1 Month Unlimited Membership","1047.25","0.00"
"Studio Back Body Blaze","2025-12-10, 8:45 AM","Supreme HQ, Bandra","Full Time","0.95","Vivaran","Dhasmana","","","Prachi Ghadge","prachighadge1@gmail.com","2025-12-03, 10:55 AM","Yes","No","No","Subscription","Studio 3 Month Unlimited Membership","1500.00","0.00"
"Studio Back Body Blaze","2025-12-10, 8:45 AM","Supreme HQ, Bandra","Full Time","0.95","Vivaran","Dhasmana","","","Mallika Mhatre","mallikamhatre1980@gmail.com","2025-12-03, 9:09 AM","No","No","Yes","Subscription","Studio Annual Unlimited Membership","15.01","0.00"
"Studio Cardio Barre","2025-12-10, 7:30 AM","Supreme HQ, Bandra","Full Time","0.95","Vivaran","Dhasmana","","","Chandni  Kurup ","chandni.shed@gmail.com","2025-12-10, 8:50 AM","Yes","No","No","Package","Studio 4 Class Package","1404.38","0.00"
"Studio Cardio Barre","2025-12-10, 7:30 AM","Supreme HQ, Bandra","Full Time","0.95","Vivaran","Dhasmana","","","Veronica Bahl","veronica.bahl@gmail.com","2025-12-10, 7:33 AM","Yes","No","No","Package","Studio 4 Class Package","1404.38","0.00"
"Studio Cardio Barre","2025-12-10, 7:30 AM","Supreme HQ, Bandra","Full Time","0.95","Vivaran","Dhasmana","","","Sanjam  Kini ","sanjam.sahni@gmail.com","2025-12-10, 7:22 AM","Yes","No","No","Subscription","Studio Annual Unlimited Membership","15.00","0.00"
"Studio Cardio Barre","2025-12-10, 7:30 AM","Supreme HQ, Bandra","Full Time","0.95","Vivaran","Dhasmana","","","Puneet  Anand","anandpuneet08@gmail.com","2025-12-09, 5:59 PM","Yes","No","No","Package","Studio 2 Week Unlimited Membership","10.42","0.00"
"Studio Cardio Barre","2025-12-10, 7:30 AM","Supreme HQ, Bandra","Full Time","0.95","Vivaran","Dhasmana","","","Shraddha Shah","shraddha.sen108@gmail.com","2025-12-05, 9:42 PM","Yes","No","No","Package","Barre 2 week Unlimited","446.25","0.00"
"Studio Cardio Barre","2025-12-10, 7:30 AM","Supreme HQ, Bandra","Full Time","0.95","Vivaran","Dhasmana","","","Yash  Prasad","yashwewill@gmail.com","2025-12-04, 6:36 PM","Yes","No","No","Subscription","Studio 1 Month Unlimited Membership","1131.56","0.00"
"Studio Cardio Barre","2025-12-10, 7:30 AM","Supreme HQ, Bandra","Full Time","0.95","Vivaran","Dhasmana","","","Marsha Silgardo","marsha.silgardo@gmail.com","2025-12-04, 8:28 AM","Yes","No","No","Subscription","Studio 1 Month Unlimited Membership","931.88","0.00"
"Studio Back Body Blaze","2025-12-09, 11:00 AM","Supreme HQ, Bandra","Full Time","0.95","Vivaran","Dhasmana","","","Sachin Kotre","sachinmeranaam@gmail.com","2025-12-09, 10:04 AM","Yes","No","No","Subscription","Studio 3 Month Unlimited Membership","1060.46","0.00"
"Studio Back Body Blaze","2025-12-09, 11:00 AM","Supreme HQ, Bandra","Full Time","0.95","Vivaran","Dhasmana","","","Pooja Nair","nairpooja12@gmail.com","2025-12-08, 9:45 PM","No","No","Yes","Subscription","Studio Annual Unlimited Membership","155.76","0.00"
"Studio Back Body Blaze","2025-12-09, 11:00 AM","Supreme HQ, Bandra","Full Time","0.95","Vivaran","Dhasmana","","","Raksha Shroff","rakshamshroff19@gmail.com","2025-12-06, 5:23 PM","Yes","No","No","Subscription","Studio 6 Month Unlimited Membership","1085.53","0.00"
"Studio Back Body Blaze","2025-12-09, 11:00 AM","Supreme HQ, Bandra","Full Time","0.95","Vivaran","Dhasmana","","","Dalreen Patrao","dalreenpatrao@gmail.com","2025-12-04, 8:01 AM","Yes","No","No","Subscription","Studio 1 Month Unlimited Membership","990.12","0.00"
"Studio FIT ( SUPER SETS )","2025-12-09, 9:30 AM","Supreme HQ, Bandra","Full Time","0.92","Vivaran","Dhasmana","","","Shalini Pillai Banerjee ","shpillai@gmail.com","2025-12-09, 9:12 AM","Yes","No","No","Subscription","Studio Extended 10 Single Class Pack","1500.00","0.00"
"Studio FIT ( SUPER SETS )","2025-12-09, 9:30 AM","Supreme HQ, Bandra","Full Time","0.92","Vivaran","Dhasmana","","","HUSNA BOOTWALLA","husnajumani93@gmail.com","2025-12-02, 7:08 PM","No","No","Yes","Subscription","Studio 6 Month Unlimited Membership","1279.95","0.00"
"Studio FIT ( SUPER SETS )","2025-12-09, 9:30 AM","Supreme HQ, Bandra","Full Time","0.92","Vivaran","Dhasmana","","","Shuchi Mehta","shuchi.trivedi@gmail.com","2025-12-02, 2:04 PM","Yes","No","No","Subscription","Studio Annual Unlimited Membership","155.76","0.00"
"Studio FIT ( SUPER SETS )","2025-12-09, 9:30 AM","Supreme HQ, Bandra","Full Time","0.92","Vivaran","Dhasmana","","","Gopi Chawla","gachawla@hotmail.com","2025-12-02, 10:30 AM","Yes","No","No","Subscription","Studio Annual Unlimited Membership","155.76","0.00"
"Studio FIT ( SUPER SETS )","2025-12-09, 9:30 AM","Supreme HQ, Bandra","Full Time","0.92","Vivaran","Dhasmana","","","Anisha Goel","anisha.pestonji@gmail.com","2025-12-02, 10:24 AM","Yes","No","No","Subscription","Studio Annual Unlimited Membership","14.60","0.00"
"Studio FIT ( SUPER SETS )","2025-12-09, 9:30 AM","Supreme HQ, Bandra","Full Time","0.92","Vivaran","Dhasmana","","","Siya  Kumar ","siyakumar91@gmail.com","2025-12-02, 10:24 AM","Yes","No","No","Subscription","Studio Annual Unlimited Membership","155.76","0.00"
"Studio FIT ( SUPER SETS )","2025-12-09, 9:30 AM","Supreme HQ, Bandra","Full Time","0.92","Vivaran","Dhasmana","","","Mallika Mhatre","mallikamhatre1980@gmail.com","2025-12-02, 9:56 AM","Yes","No","No","Subscription","Studio Annual Unlimited Membership","15.01","0.00"
"Studio FIT ( SUPER SETS )","2025-12-09, 9:30 AM","Supreme HQ, Bandra","Full Time","0.92","Vivaran","Dhasmana","","","Liya  Gupta ","liyagupta@gmail.com","2025-12-02, 9:53 AM","Yes","No","No","Subscription","Studio 3 Month Unlimited Membership","1500.00","0.00"
"Studio FIT ( SUPER SETS )","2025-12-09, 9:30 AM","Supreme HQ, Bandra","Full Time","0.92","Vivaran","Dhasmana","","","Aili S","ailiseghetti@gmail.com","2025-12-02, 9:42 AM","Yes","No","No","Subscription","Studio 6 Month Unlimited Membership","629.92","0.00"
"Studio FIT ( SUPER SETS )","2025-12-09, 9:30 AM","Supreme HQ, Bandra","Full Time","0.92","Vivaran","Dhasmana","","","Shona Barua","shonabarua27@gmail.com","2025-12-02, 9:31 AM","Yes","No","No","Subscription","Studio Annual Unlimited Membership","155.76","0.00"
"Studio FIT ( SUPER SETS )","2025-12-09, 9:30 AM","Supreme HQ, Bandra","Full Time","0.92","Vivaran","Dhasmana","","","Kanchaan Kaicker ","kanchaan1991@gmail.com","2025-12-02, 9:31 AM","Yes","No","No","Subscription","Studio 3 Month Unlimited Membership","387.13","0.00"
"powerCycle","2025-12-09, 8:00 AM","Supreme HQ, Bandra","Full Time","0.83","Vivaran","Dhasmana","","","Amrita Thakur","amritathakurdesk@gmail.com","2025-12-09, 7:10 AM","Yes","No","No","Subscription","Studio 12 Class Package","1119.34","0.00"
"powerCycle","2025-12-09, 8:00 AM","Supreme HQ, Bandra","Full Time","0.83","Vivaran","Dhasmana","","","Lavanya Gulati","lavanyagulati@gmail.com","2025-12-08, 7:56 PM","Yes","No","No","Subscription","Studio 3 Month Unlimited Membership","1500.00","0.00"
"powerCycle","2025-12-09, 8:00 AM","Supreme HQ, Bandra","Full Time","0.83","Vivaran","Dhasmana","","","Devsmita Mukherjee","devsmita.mukherjee@gmail.com","2025-12-08, 6:41 PM","Yes","No","No","Subscription","Studio 12 Class Package","1316.88","0.00"
"powerCycle","2025-12-09, 8:00 AM","Supreme HQ, Bandra","Full Time","0.83","Vivaran","Dhasmana","","","Kiara Unnikrishnan","kiara.unnikrishnan@gmail.com","2025-12-08, 12:46 PM","Yes","No","No","Subscription","Studio 12 Class Package","1316.88","0.00"
"powerCycle","2025-12-09, 8:00 AM","Supreme HQ, Bandra","Full Time","0.83","Vivaran","Dhasmana","","","Shona Barua","shonabarua27@gmail.com","2025-12-08, 11:26 AM","Yes","No","No","Subscription","Studio Annual Unlimited Membership","155.76","0.00"
"powerCycle","2025-12-09, 8:00 AM","Supreme HQ, Bandra","Full Time","0.83","Vivaran","Dhasmana","","","Puneet  Anand","anandpuneet08@gmail.com","2025-12-07, 1:43 PM","Yes","No","No","Package","Studio 2 Week Unlimited Membership","10.42","0.00"
"powerCycle","2025-12-09, 8:00 AM","Supreme HQ, Bandra","Full Time","0.83","Vivaran","Dhasmana","","","Purvi Thakkar","purvi3101@gmail.com","2025-12-07, 12:15 PM","Yes","No","No","Subscription","Studio 6 Month Unlimited Membership","1500.00","0.00"
"powerCycle","2025-12-09, 8:00 AM","Supreme HQ, Bandra","Full Time","0.83","Vivaran","Dhasmana","","","Khyati Dand","khyatidand@gmail.com","2025-12-05, 10:30 PM","Yes","No","No","Subscription","Studio 12 Class Package","1128.75","0.00"
"powerCycle","2025-12-09, 8:00 AM","Supreme HQ, Bandra","Full Time","0.83","Vivaran","Dhasmana","","","Neeti Yellurkar","neeti.yellurkar@gmail.com","2025-12-02, 10:06 AM","Yes","No","No","Subscription","Studio 8 Class Package","1338.75","0.00"
"powerCycle","2025-12-09, 8:00 AM","Supreme HQ, Bandra","Full Time","0.83","Vivaran","Dhasmana","","","Kanchaan Kaicker ","kanchaan1991@gmail.com","2025-12-02, 9:00 AM","Yes","No","No","Subscription","Studio 3 Month Unlimited Membership","387.13","0.00"
"powerCycle","2025-12-09, 8:00 AM","Supreme HQ, Bandra","Full Time","0.83","Vivaran","Dhasmana","","","HUSNA BOOTWALLA","husnajumani93@gmail.com","2025-12-02, 9:00 AM","No","No","Yes","Subscription","Studio 6 Month Unlimited Membership","1279.95","0.00"
"Studio Mat 57","2025-12-08, 7:30 AM","Supreme HQ, Bandra","Full Time","0.95","Vivaran","Dhasmana","","","Marsha Silgardo","marsha.silgardo@gmail.com","2025-12-08, 7:20 AM","Yes","No","No","Subscription","Studio 1 Month Unlimited Membership","931.88","0.00"
"Studio Mat 57","2025-12-08, 7:30 AM","Supreme HQ, Bandra","Full Time","0.95","Vivaran","Dhasmana","","","Jannat Lokhandwala","jannatvasi@gmail.com","2025-12-08, 7:07 AM","Yes","No","No","Subscription","Studio Extended 10 Single Class Pack","1417.50","0.00"
"Studio Mat 57","2025-12-08, 7:30 AM","Supreme HQ, Bandra","Full Time","0.95","Vivaran","Dhasmana","","","Amrapali Maheshwari","amrapali@hotmail.com","2025-12-07, 10:44 PM","Yes","No","No","Subscription","Studio 1 Month Unlimited Membership","1500.00","0.00"
"Studio Mat 57","2025-12-08, 7:30 AM","Supreme HQ, Bandra","Full Time","0.95","Vivaran","Dhasmana","","","Aniruddha Menon","aniruddhamenon93@gmail.com","2025-12-07, 10:04 PM","Yes","No","No","Subscription","Studio 6 Month Unlimited Membership","1500.00","0.00"
"Studio Mat 57","2025-12-08, 7:30 AM","Supreme HQ, Bandra","Full Time","0.95","Vivaran","Dhasmana","","","Ishita Chhabra","ishi96@live.com","2025-12-07, 3:11 PM","No","No","Yes","Subscription","Studio 6 Month Unlimited Membership","1339.95","0.00"
"Studio Mat 57","2025-12-08, 7:30 AM","Supreme HQ, Bandra","Full Time","0.95","Vivaran","Dhasmana","","","Purvi Thakkar","purvi3101@gmail.com","2025-12-07, 12:15 PM","No","No","Yes","Subscription","Studio 6 Month Unlimited Membership","1500.00","0.00"
"Studio Mat 57","2025-12-08, 7:30 AM","Supreme HQ, Bandra","Full Time","0.95","Vivaran","Dhasmana","","","Pooja Nair","nairpooja12@gmail.com","2025-12-06, 8:53 PM","Yes","No","No","Subscription","Studio Annual Unlimited Membership","155.76","0.00"
"Studio Mat 57","2025-12-08, 7:30 AM","Supreme HQ, Bandra","Full Time","0.95","Vivaran","Dhasmana","","","Aili S","ailiseghetti@gmail.com","2025-12-02, 6:41 AM","Yes","No","No","Subscription","Studio 6 Month Unlimited Membership","629.92","0.00"
"Studio Mat 57","2025-12-08, 7:30 AM","Supreme HQ, Bandra","Full Time","0.95","Vivaran","Dhasmana","","","Purva Agrawal","purva02@gmail.com","2025-12-01, 6:49 PM","No","No","Yes","Subscription","Studio 1 Month Unlimited Membership","1500.00","0.00"
"Studio Cardio Barre","2025-12-08, 9:00 AM","Supreme HQ, Bandra","Full Time","0.95","Vivaran","Dhasmana","","","Aditi .Kumar","aditi_95@yahoo.co.in","2025-12-08, 10:04 AM","Yes","No","No","Subscription","Studio 12 Class Package","1185.19","0.00"
"Studio Cardio Barre","2025-12-08, 9:00 AM","Supreme HQ, Bandra","Full Time","0.95","Vivaran","Dhasmana","","","Sachin Kotre","sachinmeranaam@gmail.com","2025-12-08, 7:57 AM","Yes","No","No","Subscription","Studio 3 Month Unlimited Membership","1060.46","0.00"
"Studio Cardio Barre","2025-12-08, 9:00 AM","Supreme HQ, Bandra","Full Time","0.95","Vivaran","Dhasmana","","","Gopi Chawla","gachawla@hotmail.com","2025-12-07, 4:45 PM","Yes","No","No","Subscription","Studio Annual Unlimited Membership","155.76","0.00"
"Studio Cardio Barre","2025-12-08, 9:00 AM","Supreme HQ, Bandra","Full Time","0.95","Vivaran","Dhasmana","","","Puneet  Anand","anandpuneet08@gmail.com","2025-12-07, 12:02 PM","Yes","No","No","Package","Studio 2 Week Unlimited Membership","10.42","0.00"
"Studio Cardio Barre","2025-12-08, 9:00 AM","Supreme HQ, Bandra","Full Time","0.95","Vivaran","Dhasmana","","","Siya  Kumar ","siyakumar91@gmail.com","2025-12-07, 7:50 AM","Yes","No","No","Subscription","Studio Annual Unlimited Membership","155.76","0.00"
"Studio Cardio Barre","2025-12-08, 9:00 AM","Supreme HQ, Bandra","Full Time","0.95","Vivaran","Dhasmana","","","Kanchaan Kaicker ","kanchaan1991@gmail.com","2025-12-06, 5:31 PM","Yes","No","No","Subscription","Studio 3 Month Unlimited Membership","387.13","0.00"
"Studio Cardio Barre","2025-12-08, 9:00 AM","Supreme HQ, Bandra","Full Time","0.95","Vivaran","Dhasmana","","","Shraddha Shah","shraddha.sen108@gmail.com","2025-12-05, 9:44 PM","Yes","No","No","Package","Barre 2 week Unlimited","446.25","0.00"
"Studio Cardio Barre","2025-12-08, 9:00 AM","Supreme HQ, Bandra","Full Time","0.95","Vivaran","Dhasmana","","","Pooja Chen","gadk.pooja@gmail.com","2025-12-02, 6:27 AM","Yes","No","No","Subscription","Studio 1 Month Unlimited Membership","1047.25","0.00"
"Studio Cardio Barre","2025-12-08, 9:00 AM","Supreme HQ, Bandra","Full Time","0.95","Vivaran","Dhasmana","","","Shona Barua","shonabarua27@gmail.com","2025-12-01, 10:07 AM","Yes","No","No","Subscription","Studio Annual Unlimited Membership","155.76","0.00"
"Studio Cardio Barre","2025-12-01, 9:00 AM","Supreme HQ, Bandra","Full Time","0.95","Vivaran","Dhasmana","","","Sachin Kotre","sachinmeranaam@gmail.com","2025-12-01, 8:15 AM","Yes","No","No","Subscription","Studio 3 Month Unlimited Membership","1060.46","0.00"
"Studio Cardio Barre","2025-12-01, 9:00 AM","Supreme HQ, Bandra","Full Time","0.95","Vivaran","Dhasmana","","","Prachi Ghadge","prachighadge1@gmail.com","2025-11-30, 11:17 PM","Yes","No","No","Subscription","Studio 1 Month Unlimited Membership","644.46","0.00"
"Studio Cardio Barre","2025-12-01, 9:00 AM","Supreme HQ, Bandra","Full Time","0.95","Vivaran","Dhasmana","","","Anisha Goel","anisha.pestonji@gmail.com","2025-11-30, 10:27 PM","Yes","No","No","Subscription","Studio Annual Unlimited Membership","14.60","0.00"
"Studio Cardio Barre","2025-12-01, 9:00 AM","Supreme HQ, Bandra","Full Time","0.95","Vivaran","Dhasmana","","","Vaishalika Saggi","vaishalikasaggi@gmail.com","2025-11-30, 9:35 PM","No","No","Yes","Subscription","Studio 1 Month Unlimited Membership","1500.00","0.00"
"Studio Cardio Barre","2025-12-01, 9:00 AM","Supreme HQ, Bandra","Full Time","0.95","Vivaran","Dhasmana","","","Rhea Kumar","rheakumar95@gmail.com","2025-11-30, 2:01 PM","Yes","No","No","Subscription","Studio 20 Single Class Pack","1417.50","0.00"
"Studio Cardio Barre","2025-12-01, 9:00 AM","Supreme HQ, Bandra","Full Time","0.95","Vivaran","Dhasmana","","","Sanjam  Kini ","sanjam.sahni@gmail.com","2025-11-28, 9:06 AM","Yes","No","No","Subscription","Studio Annual Unlimited Membership","15.00","0.00"
"Studio Cardio Barre","2025-12-01, 9:00 AM","Supreme HQ, Bandra","Full Time","0.95","Vivaran","Dhasmana","","","Kanchaan Kaicker ","kanchaan1991@gmail.com","2025-11-27, 8:51 PM","Yes","No","No","Subscription","Studio 3 Month Unlimited Membership","387.13","0.00"
"Studio Cardio Barre","2025-12-01, 9:00 AM","Supreme HQ, Bandra","Full Time","0.95","Vivaran","Dhasmana","","","Shraddha Shah","shraddha.sen108@gmail.com","2025-11-27, 4:10 PM","Yes","No","No","Subscription","Barre 1 month Unlimited ","1000.78","0.00"
"Studio Cardio Barre","2025-12-01, 9:00 AM","Supreme HQ, Bandra","Full Time","0.95","Vivaran","Dhasmana","","","Shuchi Mehta","shuchi.trivedi@gmail.com","2025-11-26, 1:26 PM","Yes","No","No","Subscription","Studio Annual Unlimited Membership","155.76","0.00"
"Studio Cardio Barre","2025-12-01, 9:00 AM","Supreme HQ, Bandra","Full Time","0.95","Vivaran","Dhasmana","","","Shona Barua","shonabarua27@gmail.com","2025-11-26, 1:18 PM","Yes","No","No","Subscription","Studio Annual Unlimited Membership","155.76","0.00"
"Studio Cardio Barre","2025-12-01, 9:00 AM","Supreme HQ, Bandra","Full Time","0.95","Vivaran","Dhasmana","","","Pooja Chen","gadk.pooja@gmail.com","2025-11-24, 2:39 PM","Yes","No","No","Subscription","Studio 1 Month Unlimited Membership","1047.25","0.00"
"Studio Cardio Barre","2025-12-01, 9:00 AM","Supreme HQ, Bandra","Full Time","0.95","Vivaran","Dhasmana","","","HUSNA BOOTWALLA","husnajumani93@gmail.com","2025-11-24, 9:41 AM","Yes","No","No","Subscription","Studio 6 Month Unlimited Membership","1279.95","0.00"
"powerCycle Express","2025-12-04, 10:30 AM","Supreme HQ, Bandra","Full Time","0.67","Vivaran","Dhasmana","","","Asimah Balwa","asimah.balwa@gmail.com","2025-12-04, 10:30 AM","Yes","No","No","Subscription","Studio Annual Unlimited Membership","155.76","0.00"
"powerCycle Express","2025-12-04, 10:30 AM","Supreme HQ, Bandra","Full Time","0.67","Vivaran","Dhasmana","","","Joyeeta Dutta","joyeetad17@gmail.com","2025-12-04, 9:53 AM","Yes","No","No","Subscription","Studio 3 Month Unlimited Membership","827.90","0.00"
"powerCycle Express","2025-12-04, 10:30 AM","Supreme HQ, Bandra","Full Time","0.67","Vivaran","Dhasmana","","","Shuchi Mehta","shuchi.trivedi@gmail.com","2025-12-04, 9:09 AM","Yes","No","No","Subscription","Studio Annual Unlimited Membership","155.76","0.00"
"powerCycle Express","2025-12-04, 10:30 AM","Supreme HQ, Bandra","Full Time","0.67","Vivaran","Dhasmana","","","Anahat Singh ","anahatnandinisingh@gmail.com","2025-12-03, 4:40 PM","Yes","No","No","Subscription","Studio 1 Month Unlimited Membership","1433.65","0.00"
"Studio Barre 57","2025-12-04, 9:00 AM","Supreme HQ, Bandra","Full Time","0.95","Vivaran","Dhasmana","","","Kshitij Bakshi","kshitijbakshi1886@gmail.com","2025-12-04, 9:12 AM","Yes","No","No","Subscription","Studio 6 Month Unlimited Membership","453.74","0.00"
"Studio Barre 57","2025-12-04, 9:00 AM","Supreme HQ, Bandra","Full Time","0.95","Vivaran","Dhasmana","","","Kanchaan Kaicker ","kanchaan1991@gmail.com","2025-12-04, 9:12 AM","Yes","No","No","Subscription","Studio 3 Month Unlimited Membership","387.13","0.00"
"Studio Barre 57","2025-12-04, 9:00 AM","Supreme HQ, Bandra","Full Time","0.95","Vivaran","Dhasmana","","","Nashy Singh","nashgsingh@noemail.com","2025-12-04, 9:03 AM","Yes","No","No","Subscription","Studio 12 Class Package","1119.34","0.00"
"Studio Barre 57","2025-12-04, 9:00 AM","Supreme HQ, Bandra","Full Time","0.95","Vivaran","Dhasmana","","","Gopi Chawla","gachawla@hotmail.com","2025-12-04, 8:56 AM","Yes","No","No","Subscription","Studio Annual Unlimited Membership","155.76","0.00"
"Studio Barre 57","2025-12-04, 9:00 AM","Supreme HQ, Bandra","Full Time","0.95","Vivaran","Dhasmana","","","Afreen Khanna","afreenchangani@hotmail.com","2025-12-04, 8:51 AM","Yes","No","No","Subscription","Studio 12 Class Package","1119.34","0.00"
"Studio Barre 57","2025-12-04, 9:00 AM","Supreme HQ, Bandra","Full Time","0.95","Vivaran","Dhasmana","","","Anahat Singh ","anahatnandinisingh@gmail.com","2025-12-04, 8:44 AM","Yes","No","No","Subscription","Studio 1 Month Unlimited Membership","1433.65","0.00"
"Studio Barre 57","2025-12-04, 9:00 AM","Supreme HQ, Bandra","Full Time","0.95","Vivaran","Dhasmana","","","Shraddha Shah","shraddha.sen108@gmail.com","2025-12-03, 5:33 PM","Yes","No","No","Package","Barre 2 week Unlimited","446.25","0.00"
"Studio Barre 57","2025-12-04, 9:00 AM","Supreme HQ, Bandra","Full Time","0.95","Vivaran","Dhasmana","","","Kamaksh G","kamakshi.shal@gmail.com","2025-12-03, 11:02 AM","Yes","No","No","Package","Newcomers 2 For 1","787.50","0.00"
"Studio FIT","2025-12-04, 7:15 AM","Supreme HQ, Bandra","Full Time","1.00","Vivaran","Dhasmana","","","Nitika Gupta","nitika0059@gmail.com","2025-12-03, 7:13 PM","Yes","No","No","Subscription","Studio Annual Unlimited Membership","15.01","0.00"
"Studio FIT","2025-12-04, 7:15 AM","Supreme HQ, Bandra","Full Time","1.00","Vivaran","Dhasmana","","","Laurence Chen","c.y.c.laurence@gmail.com","2025-12-03, 12:58 PM","Yes","No","No","Subscription","Studio 12 Class Package","1119.34","0.00"
"Studio FIT","2025-12-04, 7:15 AM","Supreme HQ, Bandra","Full Time","1.00","Vivaran","Dhasmana","","","Meghna Duggal","meghna.d2892@gmail.com","2025-12-03, 4:07 AM","No","No","Yes","Package","Studio 4 Class Package","1404.38","0.00"
"Studio FIT","2025-12-04, 7:15 AM","Supreme HQ, Bandra","Full Time","1.00","Vivaran","Dhasmana","","","Joyeeta Dutta","joyeetad17@gmail.com","2025-12-02, 8:55 AM","No","No","Yes","Subscription","Studio 3 Month Unlimited Membership","827.90","0.00"
"Studio FIT","2025-12-04, 7:15 AM","Supreme HQ, Bandra","Full Time","1.00","Vivaran","Dhasmana","","","Khyati Dand","khyatidand@gmail.com","2025-12-01, 8:28 PM","Yes","No","No","Subscription","Studio 12 Class Package","1128.75","0.00"
"Studio FIT","2025-12-04, 7:15 AM","Supreme HQ, Bandra","Full Time","1.00","Vivaran","Dhasmana","","","Marsha Silgardo","marsha.silgardo@gmail.com","2025-11-28, 6:02 PM","Yes","No","No","Subscription","Studio 1 Month Unlimited Membership","931.88","0.00"
"Studio FIT","2025-12-04, 7:15 AM","Supreme HQ, Bandra","Full Time","1.00","Vivaran","Dhasmana","","","Anupama Mundhra","anupama.mundhra@gmail.com","2025-11-28, 8:55 AM","Yes","No","No","Subscription","Studio 3 Month Unlimited Membership","507.33","0.00"
"powerCycle","2025-12-03, 7:30 PM","Kwality House, Kemps Corner","Full Time","0.83","Vivaran","Dhasmana","","","Riah Daswani","riahdaswani@gmail.com","2025-12-03, 3:57 PM","Yes","No","No","Subscription","Studio Annual Unlimited Membership","15.01","0.00"
"powerCycle","2025-12-03, 7:30 PM","Kwality House, Kemps Corner","Full Time","0.83","Vivaran","Dhasmana","","","Ishitaa Bhatia","ishitaa.bhatia@gmail.com","2025-12-02, 7:43 PM","No","No","Yes","Subscription","Studio 3 Month Unlimited Membership","1283.25","0.00"
"Strength Lab (Push) ","2025-12-03, 6:00 PM","Kwality House, Kemps Corner","Full Time","1.00","Vivaran","Dhasmana","","","Safia Tapal","safia.tapal@gmail.com","2025-12-03, 7:37 PM","Yes","No","No","Subscription","Studio 8 Class Package","1338.75","0.00"
"Strength Lab (Push) ","2025-12-03, 6:00 PM","Kwality House, Kemps Corner","Full Time","1.00","Vivaran","Dhasmana","","","Alina Shah","aliesweddings@gmail.com","2025-12-03, 6:00 PM","Yes","No","No","Subscription","Studio 12 Class Package","1316.88","0.00"
"Strength Lab (Push) ","2025-12-03, 6:00 PM","Kwality House, Kemps Corner","Full Time","1.00","Vivaran","Dhasmana","","","Mahika Thakur","mrt368@nyu.edu","2025-12-02, 5:42 PM","Yes","No","No","Subscription","Studio Annual Unlimited Membership","155.76","0.00"
"Strength Lab (Push) ","2025-12-03, 6:00 PM","Kwality House, Kemps Corner","Full Time","1.00","Vivaran","Dhasmana","","","Divya Somaiya","divyasomaiya@gmail.com","2025-12-01, 11:06 PM","Yes","No","No","Subscription","Studio 1 Month Unlimited Membership","1500.00","0.00"
"powerCycle","2025-12-02, 9:45 AM","Supreme HQ, Bandra","Full Time","0.83","Vivaran","Dhasmana","","","Smera Bhatia","bhatia.smera@gmail.com","2025-12-02, 9:33 AM","Yes","No","No","Package","Studio 2 Week Unlimited Membership","10.42","0.00"
"powerCycle","2025-12-02, 9:45 AM","Supreme HQ, Bandra","Full Time","0.83","Vivaran","Dhasmana","","","Anahat Singh ","anahatnandinisingh@gmail.com","2025-12-01, 11:16 PM","Yes","No","No","Subscription","Studio 1 Month Unlimited Membership","1433.65","0.00"
"powerCycle","2025-12-02, 9:45 AM","Supreme HQ, Bandra","Full Time","0.83","Vivaran","Dhasmana","","","Pooja Nair","nairpooja12@gmail.com","2025-12-01, 4:43 PM","No","No","Yes","Subscription","Studio Annual Unlimited Membership","155.76","0.00"
"powerCycle","2025-12-02, 9:45 AM","Supreme HQ, Bandra","Full Time","0.83","Vivaran","Dhasmana","","","Chitra Balachandran","chitrabalachandran@gmail.com","2025-11-27, 8:28 PM","Yes","No","No","Subscription","Studio 10 Single Class Pack","1180.00","0.00"
"powerCycle ( Retro -Future Nostalgia )","2025-12-02, 8:00 AM","Supreme HQ, Bandra","Full Time","0.83","Vivaran","Dhasmana","","","Joyeeta Dutta","joyeetad17@gmail.com","2025-12-01, 10:15 PM","Yes","No","No","Subscription","Studio 3 Month Unlimited Membership","827.90","0.00"
"powerCycle ( Retro -Future Nostalgia )","2025-12-02, 8:00 AM","Supreme HQ, Bandra","Full Time","0.83","Vivaran","Dhasmana","","","Kamaksh G","kamakshi.shal@gmail.com","2025-12-01, 7:38 PM","Yes","No","No","Package","Newcomers 2 For 1","787.50","0.00"
"powerCycle ( Retro -Future Nostalgia )","2025-12-02, 8:00 AM","Supreme HQ, Bandra","Full Time","0.83","Vivaran","Dhasmana","","","Malika Noor Mehta","malikanoormehta@gmail.com","2025-12-01, 7:16 PM","No","No","Yes","Subscription","Studio Annual Unlimited Membership","16.55","0.00"
"powerCycle ( Retro -Future Nostalgia )","2025-12-02, 8:00 AM","Supreme HQ, Bandra","Full Time","0.83","Vivaran","Dhasmana","","","Lavanya Gulati","lavanyagulati@gmail.com","2025-12-01, 3:50 PM","No","No","Yes","Subscription","Studio 3 Month Unlimited Membership","1500.00","0.00"
"powerCycle ( Retro -Future Nostalgia )","2025-12-02, 8:00 AM","Supreme HQ, Bandra","Full Time","0.83","Vivaran","Dhasmana","","","Purvi Thakkar","purvi3101@gmail.com","2025-11-30, 7:27 PM","No","No","Yes","Subscription","Studio 6 Month Unlimited Membership","1500.00","0.00"
"powerCycle ( Retro -Future Nostalgia )","2025-12-02, 8:00 AM","Supreme HQ, Bandra","Full Time","0.83","Vivaran","Dhasmana","","","HUSNA BOOTWALLA","husnajumani93@gmail.com","2025-11-30, 1:50 PM","Yes","No","No","Subscription","Studio 6 Month Unlimited Membership","1279.95","0.00"
"powerCycle ( Retro -Future Nostalgia )","2025-12-02, 8:00 AM","Supreme HQ, Bandra","Full Time","0.83","Vivaran","Dhasmana","","","Avantika Shah","avantika.shah.24@gmail.com","2025-11-30, 11:52 AM","Yes","No","No","Subscription","Studio Extended 10 Single Class Pack","1417.50","0.00"
"powerCycle ( Retro -Future Nostalgia )","2025-12-02, 8:00 AM","Supreme HQ, Bandra","Full Time","0.83","Vivaran","Dhasmana","","","Prachi Ghadge","prachighadge1@gmail.com","2025-11-28, 11:07 AM","Yes","No","No","Subscription","Studio 1 Month Unlimited Membership","644.46","0.00"
"powerCycle ( Retro -Future Nostalgia )","2025-12-02, 8:00 AM","Supreme HQ, Bandra","Full Time","0.83","Vivaran","Dhasmana","","","Nidhi  Jhavar ","ndhoot31@gmail.com","2025-11-27, 12:18 PM","Yes","No","No","Subscription","Studio Extended 10 Single Class Pack","1500.00","0.00"
"powerCycle ( Retro -Future Nostalgia )","2025-12-02, 8:00 AM","Supreme HQ, Bandra","Full Time","0.83","Vivaran","Dhasmana","","","Arundhati Kamat","amyfianrel96neptune@gmail.com","2025-11-25, 12:09 PM","No","No","Yes","Subscription","Studio Extended 10 Single Class Pack","1500.00","0.00"
"powerCycle ( Retro -Future Nostalgia )","2025-12-02, 8:00 AM","Supreme HQ, Bandra","Full Time","0.83","Vivaran","Dhasmana","","","Kanchaan Kaicker ","kanchaan1991@gmail.com","2025-11-25, 11:06 AM","Yes","No","No","Subscription","Studio 3 Month Unlimited Membership","387.13","0.00"
"powerCycle ( Retro -Future Nostalgia )","2025-12-02, 8:00 AM","Supreme HQ, Bandra","Full Time","0.83","Vivaran","Dhasmana","","","Shona Barua","shonabarua27@gmail.com","2025-11-25, 9:16 AM","Yes","No","No","Subscription","Studio Annual Unlimited Membership","155.76","0.00"
"powerCycle ( Retro -Future Nostalgia )","2025-12-02, 8:00 AM","Supreme HQ, Bandra","Full Time","0.83","Vivaran","Dhasmana","","","Neeti Yellurkar","neeti.yellurkar@gmail.com","2025-11-25, 8:29 AM","Yes","No","No","Subscription","Studio Extended 10 Single Class Pack","1500.00","0.00"
"Studio Mat 57","2025-12-01, 7:30 AM","Supreme HQ, Bandra","Full Time","0.95","Vivaran","Dhasmana","","","Aaniya  Rawtani ","aaniya09r@gmail.com","2025-11-30, 9:17 PM","Yes","No","No","Subscription","Studio 1 Month Unlimited Membership","1218.61","0.00"
"Studio Mat 57","2025-12-01, 7:30 AM","Supreme HQ, Bandra","Full Time","0.95","Vivaran","Dhasmana","","","Yash  Prasad","yashwewill@gmail.com","2025-11-30, 9:11 PM","Yes","No","No","Subscription","Studio 1 Month Unlimited Membership","1131.56","0.00"
"Studio Mat 57","2025-12-01, 7:30 AM","Supreme HQ, Bandra","Full Time","0.95","Vivaran","Dhasmana","","","Karishma Gajaria","kari.gajaria@gmail.com","2025-11-29, 9:36 PM","Yes","No","No","Subscription","Studio 12 Class Package","1128.75","0.00"
"Studio Mat 57","2025-12-01, 7:30 AM","Supreme HQ, Bandra","Full Time","0.95","Vivaran","Dhasmana","","","Siya  Kumar ","siyakumar91@gmail.com","2025-11-28, 10:07 AM","Yes","No","No","Subscription","Studio Annual Unlimited Membership","155.76","0.00"
"Studio Mat 57","2025-12-01, 7:30 AM","Supreme HQ, Bandra","Full Time","0.95","Vivaran","Dhasmana","","","Marsha Silgardo","marsha.silgardo@gmail.com","2025-11-27, 12:06 PM","Yes","No","No","Subscription","Studio 1 Month Unlimited Membership","931.88","0.00"
"Studio Mat 57","2025-12-01, 7:30 AM","Supreme HQ, Bandra","Full Time","0.95","Vivaran","Dhasmana","","","Purva Agrawal","purva02@gmail.com","2025-11-24, 5:34 PM","Yes","No","No","Subscription","Studio 1 Month Unlimited Membership","1500.00","0.00"