"Class Name","Class Date","Location","Payrate","Time (h)","Instructor First Name","Instructor Last Name","Employee Code","Payrate Code","Customer Name","Customer Email","Sale Date","Checked in","Checked in","Late Cancelled","Payment Method","Payment Method Name","Paid","Instructor Payout"
"Physique 57 x Raman's Barre Hosted Class","2025-12-06, 11:30 AM","Kwality House, Kemps Corner","Senior Trainer","0.95","Pranjali","Jain","","","Sukesh Nayak","sukeshnayak@gmail.com","2025-12-06, 11:47 AM","Yes","No","No","Free","","0.00","0.00"
"Physique 57 x Raman's Barre Hosted Class","2025-12-06, 11:30 AM","Kwality House, Kemps Corner","Senior Trainer","0.95","Pranjali","Jain","","","Raman Lamba","turbanbuddha@gmail.com","2025-12-06, 11:18 AM","Yes","No","No","Free","","0.00","0.00"
"Physique 57 x Raman's Barre Hosted Class","2025-12-06, 11:30 AM","Kwality House, Kemps Corner","Senior Trainer","0.95","Pranjali","Jain","","","Rajmohan  Amonkar ","r.a.amonkar@gmail.com","2025-12-05, 7:55 PM","Yes","No","No","Free","","0.00","0.00"
"Physique 57 x Raman's Barre Hosted Class","2025-12-06, 11:30 AM","Kwality House, Kemps Corner","Senior Trainer","0.95","Pranjali","Jain","","","Tanuja Padwal","tanujapadwal@gmail.com","2025-12-05, 4:29 PM","Yes","No","No","Free","","0.00","0.00"
"Physique 57 x Raman's Barre Hosted Class","2025-12-06, 11:30 AM","Kwality House, Kemps Corner","Senior Trainer","0.95","Pranjali","Jain","","","Mohitraj Singh","mohitrajsngh@gmail.com","2025-12-05, 8:37 AM","Yes","No","No","Free","","0.00","0.00"
"Physique 57 x Raman's Barre Hosted Class","2025-12-06, 11:30 AM","Kwality House, Kemps Corner","Senior Trainer","0.95","Pranjali","Jain","","","Vivek Soni","viveksoni75@gmail.com","2025-12-04, 9:31 PM","Yes","No","No","Free","","0.00","0.00"
"Physique 57 x Raman's Barre Hosted Class","2025-12-06, 11:30 AM","Kwality House, Kemps Corner","Senior Trainer","0.95","Pranjali","Jain","","","Devna Shah","devnashah@hotmail.com","2025-12-04, 4:55 PM","Yes","No","No","Free","","0.00","0.00"
"Physique 57 x Raman's Barre Hosted Class","2025-12-06, 11:30 AM","Kwality House, Kemps Corner","Senior Trainer","0.95","Pranjali","Jain","","","Aman Kapoor","amanvkapoor@gmail.com","2025-12-04, 2:45 PM","Yes","No","No","Free","","0.00","0.00"
"Physique 57 x Raman's Barre Hosted Class","2025-12-06, 11:30 AM","Kwality House, Kemps Corner","Senior Trainer","0.95","Pranjali","Jain","","","Kanchan Kundanmal","kanchankundanmal@yahoo.com","2025-12-04, 2:33 PM","Yes","No","No","Free","","0.00","0.00"
"Physique 57 x Raman's Barre Hosted Class","2025-12-06, 11:30 AM","Kwality House, Kemps Corner","Senior Trainer","0.95","Pranjali","Jain","","","Mansi Bahal","mansibahal@gmail.com","2025-12-04, 2:09 PM","Yes","No","No","Free","","0.00","0.00"
"Physique 57 x Raman's Barre Hosted Class","2025-12-06, 11:30 AM","Kwality House, Kemps Corner","Senior Trainer","0.95","Pranjali","Jain","","","Sudipta Ghosh","sudiptaxghosh@yahoo.com","2025-12-04, 1:42 PM","Yes","No","No","Free","","0.00","0.00"
"Physique 57 x Soundrise - BANDRA FORT","2025-12-07, 8:15 AM","Supreme HQ, Bandra","Senior Trainer","0.95","Pranjali","Jain","","","Tasneem Lokhandwala","tlokhandwala75@gmail.com","2025-12-07, 7:18 AM","Yes","No","No","Unknown","","0.00","0.00"
"Physique 57 x Soundrise - BANDRA FORT","2025-12-07, 8:15 AM","Supreme HQ, Bandra","Senior Trainer","0.95","Pranjali","Jain","","","Tasneem Lokhandwala","tlokhandwala75@gmail.com","2025-12-07, 7:18 AM","Yes","No","No","Free","","0.00","0.00"
"Physique 57 x Soundrise - BANDRA FORT","2025-12-07, 8:15 AM","Supreme HQ, Bandra","Senior Trainer","0.95","Pranjali","Jain","","","Rushabh Shah","rushabhshah91@gmail.com","2025-12-06, 8:33 PM","Yes","No","No","Unknown","","0.00","0.00"
"Physique 57 x Soundrise - BANDRA FORT","2025-12-07, 8:15 AM","Supreme HQ, Bandra","Senior Trainer","0.95","Pranjali","Jain","","","Pooja Dadoo","dadoo.pooja@gmail.com","2025-12-06, 8:33 PM","Yes","No","No","Free","","0.00","0.00"
"Physique 57 x Soundrise - BANDRA FORT","2025-12-07, 8:15 AM","Supreme HQ, Bandra","Senior Trainer","0.95","Pranjali","Jain","","","Neelu Oberoi","neeluoberoi@gmail.com","2025-12-06, 5:03 PM","No","No","Yes","Free","","0.00","0.00"
"Physique 57 x Soundrise - BANDRA FORT","2025-12-07, 8:15 AM","Supreme HQ, Bandra","Senior Trainer","0.95","Pranjali","Jain","","","Teenal Sethi","teenal.sethi@gmail.com","2025-12-06, 4:00 PM","No","No","Yes","Free","","0.00","0.00"
"Physique 57 x Soundrise - BANDRA FORT","2025-12-07, 8:15 AM","Supreme HQ, Bandra","Senior Trainer","0.95","Pranjali","Jain","","","Shruti Tulsiyan","disndat.shruti@gmail.com","2025-12-06, 9:41 AM","Yes","No","No","Unknown","","0.00","0.00"
"Physique 57 x Soundrise - BANDRA FORT","2025-12-07, 8:15 AM","Supreme HQ, Bandra","Senior Trainer","0.95","Pranjali","Jain","","","Shruti Tulsiyan","disndat.shruti@gmail.com","2025-12-06, 9:41 AM","Yes","No","No","Free","","0.00","0.00"
"Physique 57 x Soundrise - BANDRA FORT","2025-12-07, 8:15 AM","Supreme HQ, Bandra","Senior Trainer","0.95","Pranjali","Jain","","","Madhavi Arora","madhavi.arora@emkayglobal.com","2025-12-06, 8:33 AM","Yes","No","No","Free","","0.00","0.00"
"Physique 57 x Soundrise - BANDRA FORT","2025-12-07, 8:15 AM","Supreme HQ, Bandra","Senior Trainer","0.95","Pranjali","Jain","","","karishma joshi","karishmajoshi3@gmail.com","2025-12-05, 6:24 PM","Yes","No","No","Free","","0.00","0.00"
"Physique 57 x Soundrise - BANDRA FORT","2025-12-07, 8:15 AM","Supreme HQ, Bandra","Senior Trainer","0.95","Pranjali","Jain","","","Raksha Bokadia","bokadia39@gmail.com","2025-12-05, 1:49 PM","Yes","No","No","Free","","0.00","0.00"
"Physique 57 x Soundrise - BANDRA FORT","2025-12-07, 8:15 AM","Supreme HQ, Bandra","Senior Trainer","0.95","Pranjali","Jain","","","Jitendra Bokadia ","jkbokadia@gmail.com","2025-12-05, 1:47 PM","Yes","No","No","Free","","0.00","0.00"
"Physique 57 x Soundrise - BANDRA FORT","2025-12-07, 8:15 AM","Supreme HQ, Bandra","Senior Trainer","0.95","Pranjali","Jain","","","Pritish Daudkhane","pritishd10@gmail.com","2025-12-03, 2:07 PM","Yes","No","No","Unknown","","0.00","0.00"
"Physique 57 x Soundrise - BANDRA FORT","2025-12-07, 8:15 AM","Supreme HQ, Bandra","Senior Trainer","0.95","Pranjali","Jain","","","Anushka  Mittal","anushkamittal48@yahoo.in","2025-12-03, 2:07 PM","Yes","No","No","Free","","0.00","0.00"
"Physique 57 x Soundrise - BANDRA FORT","2025-12-07, 8:15 AM","Supreme HQ, Bandra","Senior Trainer","0.95","Pranjali","Jain","","","Anu Mundhra","anupama.mundhra@idfy.com","2025-12-01, 8:36 PM","Yes","No","No","Unknown","","0.00","0.00"
"Physique 57 x Soundrise - BANDRA FORT","2025-12-07, 8:15 AM","Supreme HQ, Bandra","Senior Trainer","0.95","Pranjali","Jain","","","Anupama Mundhra","anupama.mundhra@gmail.com","2025-12-01, 8:36 PM","Yes","No","No","Free","","0.00","0.00"
"Studio Cardio Barre Express","2025-12-16, 10:15 AM","Kwality House, Kemps Corner","Senior Trainer","0.75","Pranjali","Jain","","","Sreejita Deb","debsreejita23@gmail.com","2025-12-09, 12:29 PM","No","No","No","Subscription","Studio 12 Class Package","1316.88","0.00"
"Strength Lab (Full Body)","2025-12-16, 9:00 AM","Kwality House, Kemps Corner","Senior Trainer","1.00","Pranjali","Jain","","","Sanna Balsari","s.linnea7@gmail.com","2025-12-10, 11:51 AM","No","No","No","Subscription","Studio 1 Month Unlimited Membership","1500.00","0.00"
"Studio Recovery","2025-12-13, 12:30 PM","Kwality House, Kemps Corner","Senior Trainer","0.50","Pranjali","Jain","","","Yash  Sanghvi","sanghviyash@hotmail.com","2025-12-07, 4:36 PM","No","No","No","Subscription","Studio 6 Month Unlimited Membership","1500.00","0.00"
"Studio Mat 57","2025-12-13, 10:15 AM","Kwality House, Kemps Corner","Senior Trainer","0.95","Pranjali","Jain","","","Sabiha Ghiasi ","sabiha.ghiasi@gmail.com","2025-12-10, 5:40 PM","No","No","No","Subscription","Studio Annual Unlimited Membership","75.05","0.00"
"Studio Mat 57","2025-12-13, 10:15 AM","Kwality House, Kemps Corner","Senior Trainer","0.95","Pranjali","Jain","","","Sreejita Deb","debsreejita23@gmail.com","2025-12-10, 2:54 PM","No","No","No","Subscription","Studio 12 Class Package","1316.88","0.00"
"Studio Mat 57","2025-12-13, 10:15 AM","Kwality House, Kemps Corner","Senior Trainer","0.95","Pranjali","Jain","","","Anuja Vasa","anuja.vasa@gmail.com","2025-12-10, 10:10 AM","No","No","No","Card","","1575.00","0.00"
"Studio Mat 57","2025-12-13, 10:15 AM","Kwality House, Kemps Corner","Senior Trainer","0.95","Pranjali","Jain","","","Nida Peshimam","nida.vaseem@gmail.com","2025-12-10, 8:44 AM","No","No","No","Subscription","Studio 6 Month Unlimited Membership","1500.00","0.00"
"Studio Mat 57","2025-12-12, 11:00 AM","Supreme HQ, Bandra","Senior Trainer","0.95","Pranjali","Jain","","","Brinda J","brinda.jot@rediffmail.com","2025-12-10, 10:15 PM","No","No","No","Subscription","Studio Annual Unlimited Membership","1120.58","0.00"
"Studio Mat 57","2025-12-12, 11:00 AM","Supreme HQ, Bandra","Senior Trainer","0.95","Pranjali","Jain","","","Raksha Shroff","rakshamshroff19@gmail.com","2025-12-06, 5:25 PM","No","No","No","Subscription","Studio 6 Month Unlimited Membership","1085.53","0.00"
"Studio Barre 57","2025-12-12, 9:30 AM","Supreme HQ, Bandra","Senior Trainer","0.95","Pranjali","Jain","","","Macy Dye","macydye28@yahoo.com","2025-12-09, 10:15 PM","No","No","No","Subscription","Barre 3 months Unlimited ","1500.00","0.00"
"Studio Barre 57","2025-12-12, 9:30 AM","Supreme HQ, Bandra","Senior Trainer","0.95","Pranjali","Jain","","","Shai S","shahira.sunder@gmail.com","2025-12-08, 11:51 PM","No","No","No","Subscription","Studio 12 Class Package","1128.75","0.00"
"Studio Barre 57","2025-12-12, 9:30 AM","Supreme HQ, Bandra","Senior Trainer","0.95","Pranjali","Jain","","","Alicja Domanska","alicja1domanska@gmail.com","2025-12-08, 4:11 PM","No","No","No","Package","Studio Complimentary Referral Class","0.00","0.00"
"Studio Cardio Barre","2025-12-10, 10:15 AM","Kwality House, Kemps Corner","Senior Trainer","0.95","Pranjali","Jain","","","Srishti Shah","srishtishah03@gmail.com","2025-12-10, 10:19 AM","Yes","No","No","Package","Studio Open Barre Class","0.00","0.00"
"Studio Cardio Barre","2025-12-10, 10:15 AM","Kwality House, Kemps Corner","Senior Trainer","0.95","Pranjali","Jain","","","Heer Shah","heer.v.shah@gmail.com","2025-12-10, 10:14 AM","Yes","No","No","Package","Studio Open Barre Class","0.00","0.00"
"Studio Cardio Barre","2025-12-10, 10:15 AM","Kwality House, Kemps Corner","Senior Trainer","0.95","Pranjali","Jain","","","Kiran Nebhnani","kirannebhnani14@gmail.com","2025-12-10, 10:08 AM","Yes","No","No","Subscription","Barre 3 months Unlimited ","1384.09","0.00"
"Studio Cardio Barre","2025-12-10, 10:15 AM","Kwality House, Kemps Corner","Senior Trainer","0.95","Pranjali","Jain","","","Pooja Kabra","kabra_pooja@hotmail.com","2025-12-10, 8:59 AM","Yes","No","No","Subscription","Studio Annual Unlimited Membership","155.76","0.00"
"Studio Cardio Barre","2025-12-10, 10:15 AM","Kwality House, Kemps Corner","Senior Trainer","0.95","Pranjali","Jain","","","Roopali Misra","roopali@icloud.com","2025-12-09, 1:01 PM","Yes","No","No","Subscription","Barre 1 month Unlimited ","1200.94","0.00"
"Strength Lab (Pull) ","2025-12-10, 8:45 AM","Kwality House, Kemps Corner","Senior Trainer","1.00","Pranjali","Jain","","","Shikhar  Garodia","shikhargarodia@gmail.com","2025-12-10, 7:13 AM","Yes","No","No","Subscription","Studio 1 Month Unlimited Membership","838.69","0.00"
"Strength Lab (Push) ","2025-12-10, 7:30 AM","Kwality House, Kemps Corner","Senior Trainer","0.83","Pranjali","Jain","","","Tina  Mistry","malcolmtina@gmail.com","2025-12-08, 6:30 PM","Yes","No","No","Subscription","Studio 6 Month Unlimited Membership","539.35","0.00"
"Studio Cardio Barre Express","2025-12-09, 10:15 AM","Kwality House, Kemps Corner","Senior Trainer","0.75","Pranjali","Jain","","","Maithili Raut","maithili.raut@gmail.com","2025-12-09, 10:17 AM","Yes","No","No","Subscription","Studio Annual Unlimited Membership","155.76","0.00"
"Studio Cardio Barre Express","2025-12-09, 10:15 AM","Kwality House, Kemps Corner","Senior Trainer","0.75","Pranjali","Jain","","","Raksha Bokadia","bokadia39@gmail.com","2025-12-09, 9:24 AM","Yes","No","No","Subscription","Barre 3 months Unlimited ","623.29","0.00"
"Studio Cardio Barre Express","2025-12-09, 10:15 AM","Kwality House, Kemps Corner","Senior Trainer","0.75","Pranjali","Jain","","","Alekha Engineer","alekhaengineer@gmail.com","2025-12-09, 9:19 AM","Yes","No","No","Package","Studio Open Barre Class","0.00","0.00"
"Studio Cardio Barre Express","2025-12-09, 10:15 AM","Kwality House, Kemps Corner","Senior Trainer","0.75","Pranjali","Jain","","","Nikita Pacheriwal","ntodi@hotmail.com","2025-12-09, 7:03 AM","Yes","No","No","Subscription","Studio 3 Month Unlimited Membership","1500.00","0.00"
"Studio Cardio Barre Express","2025-12-09, 10:15 AM","Kwality House, Kemps Corner","Senior Trainer","0.75","Pranjali","Jain","","","Sreejita Deb","debsreejita23@gmail.com","2025-12-08, 10:22 AM","Yes","No","No","Subscription","Studio 12 Class Package","1316.88","0.00"
"Strength Lab (Full Body)","2025-12-09, 9:00 AM","Kwality House, Kemps Corner","Senior Trainer","1.00","Pranjali","Jain","","","Rabia Kader","rabea.j@live.com","2025-12-09, 8:47 AM","No","No","No","Subscription","Studio 3 Month Unlimited Membership","1500.00","0.00"
"Strength Lab (Full Body)","2025-12-09, 9:00 AM","Kwality House, Kemps Corner","Senior Trainer","1.00","Pranjali","Jain","","","Roshni Nanwani","roshni.mahtani@gmail.com","2025-12-09, 8:34 AM","No","No","No","Subscription","Studio 20 Single Class Pack","1500.00","0.00"
"Strength Lab (Full Body)","2025-12-09, 9:00 AM","Kwality House, Kemps Corner","Senior Trainer","1.00","Pranjali","Jain","","","Prachi Ghadge","prachighadge1@gmail.com","2025-12-04, 11:31 AM","No","No","Yes","Subscription","Studio 3 Month Unlimited Membership","1500.00","0.00"
"Studio FIT ( SUPER SETS )","2025-12-09, 7:30 AM","Kwality House, Kemps Corner","Senior Trainer","0.92","Pranjali","Jain","","","Swetha Jain","swethajain4@gmail.com","2025-12-09, 7:38 AM","Yes","No","No","Subscription","Studio 6 Month Unlimited Membership","1500.00","0.00"
"Studio FIT ( SUPER SETS )","2025-12-09, 7:30 AM","Kwality House, Kemps Corner","Senior Trainer","0.92","Pranjali","Jain","","","Ayesha Kalyaniwalla","ayeshakalyaniwalla@hotmail.com","2025-12-09, 7:24 AM","Yes","No","No","Subscription","Studio 12 Class Package","1316.88","0.00"
"Studio FIT ( SUPER SETS )","2025-12-09, 7:30 AM","Kwality House, Kemps Corner","Senior Trainer","0.92","Pranjali","Jain","","","Priyanka Chokhani","priyankaa2787@gmail.com","2025-12-08, 9:27 PM","Yes","No","No","Subscription","Studio 6 Month Unlimited Membership","1361.21","0.00"
"Studio FIT ( SUPER SETS )","2025-12-09, 7:30 AM","Kwality House, Kemps Corner","Senior Trainer","0.92","Pranjali","Jain","","","Surabhi Agrawal","surabhi.gini@gmail.com","2025-12-08, 5:58 PM","Yes","No","No","Subscription","Studio 6 Month Unlimited Membership","1500.00","0.00"
"Studio FIT ( SUPER SETS )","2025-12-09, 7:30 AM","Kwality House, Kemps Corner","Senior Trainer","0.92","Pranjali","Jain","","","Amruta Patil","amrutavpatil@gmail.com","2025-12-08, 7:46 AM","Yes","No","No","Subscription","Studio Annual Unlimited Membership","14.07","0.00"
"Studio FIT ( SUPER SETS )","2025-12-09, 7:30 AM","Kwality House, Kemps Corner","Senior Trainer","0.92","Pranjali","Jain","","","Simran Shahani","simran_shahani@icloud.com","2025-12-06, 10:53 PM","Yes","No","No","Subscription","Studio 3 Month Unlimited Membership","1500.00","0.00"
"Studio FIT ( SUPER SETS )","2025-12-09, 7:30 AM","Kwality House, Kemps Corner","Senior Trainer","0.92","Pranjali","Jain","","","Sabiha Ghiasi ","sabiha.ghiasi@gmail.com","2025-12-03, 10:54 PM","Yes","No","No","Subscription","Studio Annual Unlimited Membership","75.05","0.00"
"Studio Barre 57","2025-12-08, 6:45 PM","Kwality House, Kemps Corner","Senior Trainer","0.95","Pranjali","Jain","","","Ritu Jain","rjblog2723@gmail.com","2025-12-08, 6:38 PM","Yes","No","No","Subscription","Studio 12 Class Package","1185.19","0.00"
"Studio Barre 57","2025-12-08, 6:45 PM","Kwality House, Kemps Corner","Senior Trainer","0.95","Pranjali","Jain","","","Ayesha Kalyaniwalla","ayeshakalyaniwalla@hotmail.com","2025-12-08, 6:24 PM","Yes","No","No","Subscription","Studio 12 Class Package","1316.88","0.00"
"Studio Barre 57","2025-12-08, 6:45 PM","Kwality House, Kemps Corner","Senior Trainer","0.95","Pranjali","Jain","","","Aashna Mansharamani","aashnamansharamani@gmail.com","2025-12-08, 6:15 PM","Yes","No","No","Subscription","Barre 3 months Unlimited ","1350.79","0.00"
"Studio Barre 57","2025-12-08, 6:45 PM","Kwality House, Kemps Corner","Senior Trainer","0.95","Pranjali","Jain","","","Krutika Mehta","krutika.harianto@gmail.com","2025-12-08, 6:10 PM","Yes","No","No","Subscription","Studio 12 Class Package","1128.75","0.00"
"Studio Barre 57","2025-12-08, 6:45 PM","Kwality House, Kemps Corner","Senior Trainer","0.95","Pranjali","Jain","","","Shraddha Dalal","shraddhadalal@hotmail.com","2025-12-08, 5:08 PM","Yes","No","No","Subscription","Studio 10 Single Class Pack","1417.50","0.00"
"Studio Barre 57","2025-12-08, 6:45 PM","Kwality House, Kemps Corner","Senior Trainer","0.95","Pranjali","Jain","","","Ria Chauhan Vora","ria@apwig.com","2025-12-08, 4:08 PM","Yes","No","No","Subscription","Studio 6 Month Unlimited Membership","1500.00","0.00"
"Studio Barre 57","2025-12-08, 6:45 PM","Kwality House, Kemps Corner","Senior Trainer","0.95","Pranjali","Jain","","","Avi Kadakia","avikadakia12@gmail.com","2025-12-08, 3:43 PM","Yes","No","No","Subscription","Barre 1 month Unlimited ","1500.00","0.00"
"Studio Barre 57","2025-12-08, 6:45 PM","Kwality House, Kemps Corner","Senior Trainer","0.95","Pranjali","Jain","","","Saanthia Bulchandani","saanthiab@gmail.com","2025-12-08, 1:31 PM","Yes","No","No","Subscription","Barre 1 month Unlimited ","1500.00","0.00"
"Studio Barre 57","2025-12-08, 6:45 PM","Kwality House, Kemps Corner","Senior Trainer","0.95","Pranjali","Jain","","","Saanthia Bulchandani","saanthiab@gmail.com","2025-12-08, 9:10 AM","No","No","Yes","Subscription","Barre 1 month Unlimited ","1500.00","0.00"
"Studio Barre 57","2025-12-08, 6:45 PM","Kwality House, Kemps Corner","Senior Trainer","0.95","Pranjali","Jain","","","Yash  Sanghvi","sanghviyash@hotmail.com","2025-12-07, 4:35 PM","Yes","No","No","Subscription","Studio 6 Month Unlimited Membership","1500.00","0.00"
"Studio Barre 57","2025-12-08, 6:45 PM","Kwality House, Kemps Corner","Senior Trainer","0.95","Pranjali","Jain","","","Aashna Dalmia","esmecrystals@gmail.com","2025-12-07, 3:08 PM","No","No","Yes","Subscription","Studio 6 Month Unlimited Membership","1500.00","0.00"
"Studio Mat 57 Express","2025-12-08, 5:45 PM","Kwality House, Kemps Corner","Senior Trainer","0.75","Pranjali","Jain","","","Maansi Parikh","maansiparikh@gmail.com","2025-12-08, 5:23 PM","Yes","No","No","Subscription","Barre 1 month Unlimited ","1500.00","0.00"
"Studio Mat 57 Express","2025-12-08, 5:45 PM","Kwality House, Kemps Corner","Senior Trainer","0.75","Pranjali","Jain","","","Disha  Jain","jaindisha668@gmail.com","2025-12-08, 4:40 PM","Yes","No","No","Subscription","Barre 3 months Unlimited ","1500.00","0.00"
"Studio Mat 57 Express","2025-12-08, 5:45 PM","Kwality House, Kemps Corner","Senior Trainer","0.75","Pranjali","Jain","","","Dipali Ved","dipali911@gmail.com","2025-12-08, 4:34 PM","Yes","No","No","Subscription","Studio 12 Class Package","1128.75","0.00"
"Studio Mat 57 Express","2025-12-08, 5:45 PM","Kwality House, Kemps Corner","Senior Trainer","0.75","Pranjali","Jain","","","Dhanshri Merchant","dhanshri.merchant@gmail.com","2025-12-08, 4:09 PM","Yes","No","No","Subscription","Studio 3 Month Unlimited Membership","898.28","0.00"
"Studio Mat 57 Express","2025-12-08, 5:45 PM","Kwality House, Kemps Corner","Senior Trainer","0.75","Pranjali","Jain","","","Mallika Kumar","malikakumar60@gmail.com","2025-12-08, 3:07 PM","Yes","No","No","Subscription","Studio 1 Month Unlimited Membership","1500.00","0.00"
"Studio Mat 57 Express","2025-12-08, 5:45 PM","Kwality House, Kemps Corner","Senior Trainer","0.75","Pranjali","Jain","","","Khyati Doshi","khyati.doshi1995@gmail.com","2025-12-08, 3:00 PM","Yes","No","No","Subscription","Studio 1 Month Unlimited Membership","1500.00","0.00"
"Studio Recovery","2025-12-06, 12:30 PM","Kwality House, Kemps Corner","Senior Trainer","0.50","Pranjali","Jain","","","Aliasgar  Nalwala","ali@asmaco.com","2025-12-06, 12:31 PM","Yes","No","No","Subscription","Studio 6 Month Unlimited Membership","477.59","0.00"
"Studio Recovery","2025-12-06, 12:30 PM","Kwality House, Kemps Corner","Senior Trainer","0.50","Pranjali","Jain","","","Mallika Kumar","malikakumar60@gmail.com","2025-12-06, 12:04 PM","Yes","No","No","Subscription","Studio 1 Month Unlimited Membership","1500.00","0.00"
"Studio Recovery","2025-12-06, 12:30 PM","Kwality House, Kemps Corner","Senior Trainer","0.50","Pranjali","Jain","","","Niyanta Datta","niyantadatta@gmail.com","2025-12-05, 4:10 PM","Yes","No","No","Subscription","Studio Annual Unlimited Membership","161.70","0.00"
"Studio Recovery","2025-12-06, 12:30 PM","Kwality House, Kemps Corner","Senior Trainer","0.50","Pranjali","Jain","","","Yash  Sanghvi","sanghviyash@hotmail.com","2025-12-01, 7:17 PM","Yes","No","No","Subscription","Studio 6 Month Unlimited Membership","1500.00","0.00"
"Studio Mat 57","2025-12-06, 10:15 AM","Kwality House, Kemps Corner","Senior Trainer","0.95","Pranjali","Jain","","","Ria Chauhan Vora","ria@apwig.com","2025-12-06, 10:13 AM","Yes","No","No","Subscription","Studio 6 Month Unlimited Membership","1500.00","0.00"
"Studio Mat 57","2025-12-06, 10:15 AM","Kwality House, Kemps Corner","Senior Trainer","0.95","Pranjali","Jain","","","Thea Turner","theaturner2@gmail.com","2025-12-06, 10:09 AM","Yes","No","No","Subscription","Studio Annual Unlimited Membership","193.08","0.00"
"Studio Mat 57","2025-12-06, 10:15 AM","Kwality House, Kemps Corner","Senior Trainer","0.95","Pranjali","Jain","","","Devlina Dalal","devlina_3492@hotmail.com","2025-12-06, 10:08 AM","Yes","No","No","Subscription","Studio 1 Month Unlimited Membership","1288.92","0.00"
"Studio Mat 57","2025-12-06, 10:15 AM","Kwality House, Kemps Corner","Senior Trainer","0.95","Pranjali","Jain","","","Riah Daswani","riahdaswani@gmail.com","2025-12-06, 9:57 AM","Yes","No","No","Subscription","Studio Annual Unlimited Membership","15.01","0.00"
"Studio Mat 57","2025-12-06, 10:15 AM","Kwality House, Kemps Corner","Senior Trainer","0.95","Pranjali","Jain","","","Dipali Ved","dipali911@gmail.com","2025-12-06, 9:06 AM","Yes","No","No","Subscription","Studio 12 Class Package","1128.75","0.00"
"Studio Mat 57","2025-12-06, 10:15 AM","Kwality House, Kemps Corner","Senior Trainer","0.95","Pranjali","Jain","","","Avi Kadakia","avikadakia12@gmail.com","2025-12-06, 8:16 AM","Yes","No","No","Subscription","Barre 1 month Unlimited ","1500.00","0.00"
"Studio Mat 57","2025-12-06, 10:15 AM","Kwality House, Kemps Corner","Senior Trainer","0.95","Pranjali","Jain","","","Surabhi Agrawal","surabhi.gini@gmail.com","2025-12-06, 8:14 AM","No","No","Yes","Subscription","Studio 6 Month Unlimited Membership","1500.00","0.00"
"Studio Mat 57","2025-12-06, 10:15 AM","Kwality House, Kemps Corner","Senior Trainer","0.95","Pranjali","Jain","","","Abinaya Raman","abinayaraman1996@gmail.com","2025-12-06, 1:27 AM","Yes","No","No","Subscription","Studio 6 Month Unlimited Membership","1225.09","0.00"
"Studio Mat 57","2025-12-06, 10:15 AM","Kwality House, Kemps Corner","Senior Trainer","0.95","Pranjali","Jain","","","Kriti Singh","kritisingh1418@gmail.com","2025-12-05, 10:30 PM","Yes","No","No","Subscription","Studio 3 Month Unlimited Membership","1050.00","0.00"
"Studio Mat 57","2025-12-06, 10:15 AM","Kwality House, Kemps Corner","Senior Trainer","0.95","Pranjali","Jain","","","Shikhar  Garodia","shikhargarodia@gmail.com","2025-12-05, 9:45 PM","Yes","No","No","Subscription","Studio 1 Month Unlimited Membership","838.69","0.00"
"Studio Mat 57","2025-12-06, 10:15 AM","Kwality House, Kemps Corner","Senior Trainer","0.95","Pranjali","Jain","","","Sharon Mittal","sharonjadhav95@gmail.com","2025-12-04, 10:11 PM","No","No","Yes","Subscription","Studio Annual Unlimited Membership","15.01","0.00"
"Studio Mat 57","2025-12-06, 10:15 AM","Kwality House, Kemps Corner","Senior Trainer","0.95","Pranjali","Jain","","","Aliasgar  Nalwala","ali@asmaco.com","2025-12-03, 10:38 PM","Yes","No","No","Subscription","Studio 6 Month Unlimited Membership","477.59","0.00"
"Studio Mat 57","2025-12-06, 10:15 AM","Kwality House, Kemps Corner","Senior Trainer","0.95","Pranjali","Jain","","","Mahika Thakur","mrt368@nyu.edu","2025-12-03, 12:22 AM","Yes","No","No","Subscription","Studio Annual Unlimited Membership","155.76","0.00"
"Studio Mat 57","2025-12-06, 10:15 AM","Kwality House, Kemps Corner","Senior Trainer","0.95","Pranjali","Jain","","","Latisha Shah","latishashah@gmail.com","2025-12-02, 9:41 PM","Yes","No","No","Subscription","Studio 1 Month Unlimited Membership","1500.00","0.00"
"Studio Mat 57","2025-12-06, 10:15 AM","Kwality House, Kemps Corner","Senior Trainer","0.95","Pranjali","Jain","","","Nishka Garware","nishkagarware@gmail.com","2025-12-01, 4:39 PM","Yes","No","No","Subscription","Studio Extended 10 Single Class Pack","1500.00","0.00"
"Studio Mat 57","2025-12-06, 10:15 AM","Kwality House, Kemps Corner","Senior Trainer","0.95","Pranjali","Jain","","","Nandini Kothari","nandini1998@hotmail.com","2025-12-01, 4:10 PM","Yes","No","No","Subscription","Studio Annual Unlimited Membership","155.75","0.00"
"Studio Mat 57","2025-12-06, 10:15 AM","Kwality House, Kemps Corner","Senior Trainer","0.95","Pranjali","Jain","","","Tanya Singh","tanyasingh1596@gmail.com","2025-11-30, 6:27 PM","Yes","No","No","Subscription","Studio 20 Single Class Pack","1417.50","0.00"
"Studio Mat 57","2025-12-05, 11:00 AM","Supreme HQ, Bandra","Senior Trainer","0.95","Pranjali","Jain","","","Kanchaan Kaicker ","kanchaan1991@gmail.com","2025-12-05, 11:06 AM","Yes","No","No","Subscription","Studio 3 Month Unlimited Membership","387.13","0.00"
"Studio Mat 57","2025-12-05, 11:00 AM","Supreme HQ, Bandra","Senior Trainer","0.95","Pranjali","Jain","","","Shona Barua","shonabarua27@gmail.com","2025-12-05, 11:06 AM","Yes","No","No","Subscription","Studio Annual Unlimited Membership","155.76","0.00"
"Studio Mat 57","2025-12-05, 11:00 AM","Supreme HQ, Bandra","Senior Trainer","0.95","Pranjali","Jain","","","Sachin Kotre","sachinmeranaam@gmail.com","2025-12-05, 9:35 AM","No","No","Yes","Subscription","Studio 3 Month Unlimited Membership","1060.46","0.00"
"Studio Mat 57","2025-12-05, 11:00 AM","Supreme HQ, Bandra","Senior Trainer","0.95","Pranjali","Jain","","","Brinda J","brinda.jot@rediffmail.com","2025-12-04, 10:53 PM","No","No","Yes","Subscription","Studio Annual Unlimited Membership","1120.58","0.00"
"Studio Mat 57","2025-12-05, 11:00 AM","Supreme HQ, Bandra","Senior Trainer","0.95","Pranjali","Jain","","","Reena  Chhabra","reenachh@gmail.com","2025-12-01, 7:07 PM","Yes","No","No","Subscription","Studio 6 Month Unlimited Membership","635.23","0.00"
"Studio Barre 57","2025-12-05, 9:30 AM","Supreme HQ, Bandra","Senior Trainer","0.95","Pranjali","Jain","","","Macy Dye","macydye28@yahoo.com","2025-12-05, 6:19 AM","Yes","No","No","Subscription","Barre 3 months Unlimited ","1500.00","0.00"
"Studio Barre 57","2025-12-05, 9:30 AM","Supreme HQ, Bandra","Senior Trainer","0.95","Pranjali","Jain","","","ieva jasaite","jasaite.ieva@gmail.com","2025-12-04, 8:24 PM","Yes","No","No","Package","Studio 4 Class Package","0.00","0.00"
"Studio Barre 57","2025-12-05, 9:30 AM","Supreme HQ, Bandra","Senior Trainer","0.95","Pranjali","Jain","","","Devika Sardana","devika.sardana@gmail.com","2025-12-04, 4:05 PM","Yes","No","No","Package","Studio Complimentary Referral Class","0.00","0.00"
"Studio Barre 57","2025-12-05, 9:30 AM","Supreme HQ, Bandra","Senior Trainer","0.95","Pranjali","Jain","","","Vaishalika Saggi","vaishalikasaggi@gmail.com","2025-12-04, 4:04 PM","Yes","No","No","Subscription","Studio 1 Month Unlimited Membership","1500.00","0.00"
"Studio Barre 57","2025-12-05, 9:30 AM","Supreme HQ, Bandra","Senior Trainer","0.95","Pranjali","Jain","","","Karishma Gajaria","kari.gajaria@gmail.com","2025-12-04, 7:24 AM","Yes","No","No","Subscription","Studio 12 Class Package","1128.75","0.00"
"Studio Barre 57","2025-12-05, 9:30 AM","Supreme HQ, Bandra","Senior Trainer","0.95","Pranjali","Jain","","","Sanskruti Mehta","sanskruti.mehta@gmail.com","2025-12-01, 11:59 AM","Yes","No","No","Package","Studio Open Barre Class","0.00","0.00"
"Studio Barre 57","2025-12-05, 9:30 AM","Supreme HQ, Bandra","Senior Trainer","0.95","Pranjali","Jain","","","Dalreen Patrao","dalreenpatrao@gmail.com","2025-11-28, 1:37 PM","Yes","No","No","Subscription","Studio 1 Month Unlimited Membership","990.12","0.00"
"Studio FIT","2025-12-04, 11:00 AM","Kwality House, Kemps Corner","Senior Trainer","0.92","Pranjali","Jain","","","Tanya  Shanti ","tsgoott@gmail.com","2025-12-04, 10:55 AM","Yes","No","No","Subscription","Studio 8 Class Package","1338.75","0.00"
"Studio FIT","2025-12-04, 11:00 AM","Kwality House, Kemps Corner","Senior Trainer","0.92","Pranjali","Jain","","","Namita Jatia","namitajatia@gmail.com","2025-12-04, 10:45 AM","Yes","No","No","Subscription","Studio Annual Unlimited Membership","15.00","0.00"
"Studio FIT","2025-12-04, 11:00 AM","Kwality House, Kemps Corner","Senior Trainer","0.92","Pranjali","Jain","","","Zainab Bagsaria","zainab.retiwala@yahoo.in","2025-12-04, 10:44 AM","Yes","No","No","Package","Studio 2 Week Unlimited Membership","10.42","0.00"
"Studio FIT","2025-12-04, 11:00 AM","Kwality House, Kemps Corner","Senior Trainer","0.92","Pranjali","Jain","","","Gauri Nayar","gauriknayar@gmail.com","2025-12-04, 6:46 AM","Yes","No","No","Subscription","Studio Annual Unlimited Membership","155.76","0.00"
"Studio FIT","2025-12-04, 11:00 AM","Kwality House, Kemps Corner","Senior Trainer","0.92","Pranjali","Jain","","","Sanna Balsari","s.linnea7@gmail.com","2025-12-03, 7:29 PM","No","No","Yes","Package","Studio 2 Week Unlimited Membership","10.42","0.00"
"Strength Lab (Pull) ","2025-12-04, 9:00 AM","Kwality House, Kemps Corner","Senior Trainer","1.00","Pranjali","Jain","","","Rajul davda","rajulshah1@gmail.com","2025-12-06, 11:39 AM","Yes","No","No","Subscription","Studio 8 Class Package","1338.75","0.00"
"Strength Lab (Pull) ","2025-12-04, 9:00 AM","Kwality House, Kemps Corner","Senior Trainer","1.00","Pranjali","Jain","","","Aliasgar  Nalwala","ali@asmaco.com","2025-12-04, 8:41 AM","Yes","No","No","Subscription","Studio 6 Month Unlimited Membership","477.59","0.00"
"Strength Lab (Pull) ","2025-12-04, 9:00 AM","Kwality House, Kemps Corner","Senior Trainer","1.00","Pranjali","Jain","","","Asimah Balwa","asimah.balwa@gmail.com","2025-12-04, 8:28 AM","No","No","Yes","Subscription","Studio Annual Unlimited Membership","155.76","0.00"
"Strength Lab (Pull) ","2025-12-04, 9:00 AM","Kwality House, Kemps Corner","Senior Trainer","1.00","Pranjali","Jain","","","Karishma Kirpalani","karishh124@gmail.com","2025-12-04, 7:04 AM","Yes","No","No","Subscription","Studio 3 Month Unlimited Membership","1330.78","0.00"
"Studio Mat 57 Express","2025-12-04, 7:30 AM","Kwality House, Kemps Corner","Senior Trainer","0.75","Pranjali","Jain","","","Simran Shahani","simran_shahani@icloud.com","2025-12-04, 7:31 AM","Yes","No","No","Subscription","Studio 3 Month Unlimited Membership","1500.00","0.00"
"Studio Mat 57 Express","2025-12-04, 7:30 AM","Kwality House, Kemps Corner","Senior Trainer","0.75","Pranjali","Jain","","","Shikhar  Garodia","shikhargarodia@gmail.com","2025-12-04, 7:30 AM","Yes","No","No","Subscription","Studio 1 Month Unlimited Membership","1500.00","0.00"
"Studio Mat 57 Express","2025-12-04, 7:30 AM","Kwality House, Kemps Corner","Senior Trainer","0.75","Pranjali","Jain","","","Avi Kadakia","avikadakia12@gmail.com","2025-12-04, 7:30 AM","Yes","No","No","Subscription","Barre 1 month Unlimited ","1500.00","0.00"
"Studio Mat 57 Express","2025-12-04, 7:30 AM","Kwality House, Kemps Corner","Senior Trainer","0.75","Pranjali","Jain","","","Tina  Mistry","malcolmtina@gmail.com","2025-12-04, 7:26 AM","Yes","No","No","Subscription","Studio 6 Month Unlimited Membership","539.35","0.00"
"Studio Mat 57 Express","2025-12-04, 7:30 AM","Kwality House, Kemps Corner","Senior Trainer","0.75","Pranjali","Jain","","","Nandini Kothari","nandini1998@hotmail.com","2025-12-04, 7:26 AM","Yes","No","No","Subscription","Studio Annual Unlimited Membership","155.75","0.00"
"Studio Mat 57 Express","2025-12-04, 7:30 AM","Kwality House, Kemps Corner","Senior Trainer","0.75","Pranjali","Jain","","","Aarushi Shah","aarushi.shah1@gmail.com","2025-12-02, 4:43 PM","Yes","No","No","Package","Studio 4 Class Package","1404.38","0.00"
"Studio Mat 57 Express","2025-12-04, 7:30 AM","Kwality House, Kemps Corner","Senior Trainer","0.75","Pranjali","Jain","","","Sabiha Ghiasi ","sabiha.ghiasi@gmail.com","2025-12-02, 8:26 AM","Yes","No","No","Subscription","Studio Annual Unlimited Membership","75.05","0.00"
"Studio Mat 57 Express","2025-12-04, 7:30 AM","Kwality House, Kemps Corner","Senior Trainer","0.75","Pranjali","Jain","","","Aara Mehta","aaramehta@gmail.com","2025-11-28, 4:18 PM","Yes","No","No","Subscription","Studio Extended 10 Single Class Pack","1417.50","0.00"
"Studio Mat 57","2025-12-03, 7:15 PM","Kwality House, Kemps Corner","Senior Trainer","0.95","Pranjali","Jain","","","Zya Fernandes","zyafernandesss1239@gmail.com","2025-12-03, 7:05 PM","Yes","No","No","Subscription","Studio 1 Month Unlimited Membership","596.40","0.00"
"Studio Mat 57","2025-12-03, 7:15 PM","Kwality House, Kemps Corner","Senior Trainer","0.95","Pranjali","Jain","","","Raysa Vahi","raysa.vahi@gmail.com","2025-12-03, 7:05 PM","Yes","No","No","Subscription","Barre 1 month Unlimited ","1500.00","0.00"
"Studio Mat 57","2025-12-03, 7:15 PM","Kwality House, Kemps Corner","Senior Trainer","0.95","Pranjali","Jain","","","Sunaina Kewalramani","sukewalramani@gmail.com","2025-12-03, 6:26 PM","Yes","No","No","Subscription","Studio Annual Unlimited Membership","14.60","0.00"
"Studio Mat 57","2025-12-03, 7:15 PM","Kwality House, Kemps Corner","Senior Trainer","0.95","Pranjali","Jain","","","Rida Sopariwala","ridasopariwala@gmail.com","2025-12-03, 2:05 PM","Yes","No","No","Subscription","Barre 1 month Unlimited ","1500.00","0.00"
"Studio Cardio Barre Express","2025-12-03, 6:15 PM","Kwality House, Kemps Corner","Senior Trainer","0.75","Pranjali","Jain","","","Dhanushi Dhandhukiya","dhanu.dhandhukiya@gmail.com","2025-12-03, 6:12 PM","Yes","No","No","Subscription","Studio 6 Month Unlimited Membership","1158.86","0.00"
"Studio Cardio Barre Express","2025-12-03, 6:15 PM","Kwality House, Kemps Corner","Senior Trainer","0.75","Pranjali","Jain","","","Avni Padsala ","avnipadsala@gmail.com","2025-12-03, 6:11 PM","Yes","No","No","Subscription","Studio 6 Month Unlimited Membership","1143.41","0.00"
"Studio Cardio Barre Express","2025-12-03, 6:15 PM","Kwality House, Kemps Corner","Senior Trainer","0.75","Pranjali","Jain","","","Urvi Kothari","urvikothari3@gmail.com","2025-12-03, 6:08 PM","Yes","No","No","Subscription","Studio 6 Month Unlimited Membership","339.13","0.00"
"Studio Cardio Barre Express","2025-12-03, 6:15 PM","Kwality House, Kemps Corner","Senior Trainer","0.75","Pranjali","Jain","","","Diya Shivdasani","diyashivdasani@gmail.com","2025-12-03, 6:06 PM","Yes","No","No","Subscription","Studio 1 Month Unlimited Membership","887.50","0.00"
"Studio Cardio Barre Express","2025-12-03, 6:15 PM","Kwality House, Kemps Corner","Senior Trainer","0.75","Pranjali","Jain","","","Ria Chauhan Vora","ria@apwig.com","2025-12-03, 5:58 PM","Yes","No","No","Subscription","Studio 6 Month Unlimited Membership","1500.00","0.00"
"Studio Cardio Barre Express","2025-12-03, 6:15 PM","Kwality House, Kemps Corner","Senior Trainer","0.75","Pranjali","Jain","","","Simran Shahani","simran_shahani@icloud.com","2025-12-03, 7:11 AM","No","No","Yes","Subscription","Studio 3 Month Unlimited Membership","1500.00","0.00"
"Studio Cardio Barre Express","2025-12-02, 10:15 AM","Kwality House, Kemps Corner","Senior Trainer","0.75","Pranjali","Jain","","","Shahena Zaveri","shahena.zaveri92@gmail.com","2025-12-02, 11:00 AM","Yes","No","No","Subscription","Studio Annual Unlimited Membership","155.76","0.00"
"Studio Cardio Barre Express","2025-12-02, 10:15 AM","Kwality House, Kemps Corner","Senior Trainer","0.75","Pranjali","Jain","","","Shikha Velkar","shikhavelkar@gmail.com","2025-12-02, 8:58 AM","Yes","No","No","Subscription","Studio 3 Month Unlimited Membership","1500.00","0.00"
"Strength Lab (Full Body)","2025-12-02, 9:00 AM","Kwality House, Kemps Corner","Senior Trainer","1.00","Pranjali","Jain","","","Urvi Kothari","urvikothari3@gmail.com","2025-12-02, 9:05 AM","Yes","No","No","Subscription","Studio 6 Month Unlimited Membership","339.13","0.00"
"Strength Lab (Full Body)","2025-12-02, 9:00 AM","Kwality House, Kemps Corner","Senior Trainer","1.00","Pranjali","Jain","","","Roshni Nanwani","roshni.mahtani@gmail.com","2025-12-01, 1:15 PM","Yes","No","No","Subscription","Studio 20 Single Class Pack","1500.00","0.00"
"Strength Lab (Full Body)","2025-12-02, 9:00 AM","Kwality House, Kemps Corner","Senior Trainer","1.00","Pranjali","Jain","","","Sanna Balsari","s.linnea7@gmail.com","2025-11-27, 10:12 AM","Yes","No","No","Package","Studio 2 Week Unlimited Membership","10.42","0.00"
"Studio FIT","2025-12-02, 7:30 AM","Kwality House, Kemps Corner","Senior Trainer","0.92","Pranjali","Jain","","","Kiran Nebhnani","kirannebhnani14@gmail.com","2025-12-02, 7:33 AM","Yes","No","No","Subscription","Barre 3 months Unlimited ","1384.09","0.00"
"Studio FIT","2025-12-02, 7:30 AM","Kwality House, Kemps Corner","Senior Trainer","0.92","Pranjali","Jain","","","Priyanka Chokhani","priyankaa2787@gmail.com","2025-12-02, 6:54 AM","Yes","No","No","Subscription","Studio 6 Month Unlimited Membership","1361.21","0.00"
"Studio FIT","2025-12-02, 7:30 AM","Kwality House, Kemps Corner","Senior Trainer","0.92","Pranjali","Jain","","","Sabiha Ghiasi ","sabiha.ghiasi@gmail.com","2025-11-30, 7:36 PM","Yes","No","No","Subscription","Studio Annual Unlimited Membership","75.05","0.00"
"Studio FIT","2025-12-02, 7:30 AM","Kwality House, Kemps Corner","Senior Trainer","0.92","Pranjali","Jain","","","Simran Shahani","simran_shahani@icloud.com","2025-11-29, 10:32 PM","Yes","No","No","Subscription","Studio 3 Month Unlimited Membership","1500.00","0.00"
"Studio Barre 57","2025-12-01, 6:45 PM","Kwality House, Kemps Corner","Senior Trainer","0.95","Pranjali","Jain","","","Zoya  Saqlain ","zoyalakdawala98@gmail.com","2025-12-01, 6:51 PM","Yes","No","No","Subscription","Studio 3 Month Unlimited Membership","1500.00","0.00"
"Studio Barre 57","2025-12-01, 6:45 PM","Kwality House, Kemps Corner","Senior Trainer","0.95","Pranjali","Jain","","","Rida Sopariwala","ridasopariwala@gmail.com","2025-12-01, 6:48 PM","Yes","No","No","Subscription","Barre 1 month Unlimited ","1500.00","0.00"
"Studio Barre 57","2025-12-01, 6:45 PM","Kwality House, Kemps Corner","Senior Trainer","0.95","Pranjali","Jain","","","Kiran Nebhnani","kirannebhnani14@gmail.com","2025-12-01, 6:45 PM","Yes","No","No","Subscription","Barre 3 months Unlimited ","1384.09","0.00"
"Studio Barre 57","2025-12-01, 6:45 PM","Kwality House, Kemps Corner","Senior Trainer","0.95","Pranjali","Jain","","","Ekta Maru","m.ekta90@gmail.com","2025-12-01, 6:45 PM","Yes","No","No","Package","Studio Open Barre Class","0.00","0.00"
"Studio Barre 57","2025-12-01, 6:45 PM","Kwality House, Kemps Corner","Senior Trainer","0.95","Pranjali","Jain","","","Avni Padsala ","avnipadsala@gmail.com","2025-12-01, 6:43 PM","Yes","No","No","Subscription","Studio 6 Month Unlimited Membership","1143.41","0.00"
"Studio Barre 57","2025-12-01, 6:45 PM","Kwality House, Kemps Corner","Senior Trainer","0.95","Pranjali","Jain","","","Nandita Dalmia","nandita@lemill.in","2025-12-01, 6:41 PM","Yes","No","No","Subscription","Barre 1 month Unlimited ","1164.55","0.00"
"Studio Barre 57","2025-12-01, 6:45 PM","Kwality House, Kemps Corner","Senior Trainer","0.95","Pranjali","Jain","","","Ekta Mulchandani Kapur ","ekta.pinklemon@gmail.com","2025-12-01, 6:37 PM","No","No","Yes","Subscription","Studio 12 Class Package","1316.88","0.00"
"Studio Barre 57","2025-12-01, 6:45 PM","Kwality House, Kemps Corner","Senior Trainer","0.95","Pranjali","Jain","","","Diya Shivdasani","diyashivdasani@gmail.com","2025-12-01, 6:36 PM","Yes","No","No","Subscription","Studio 1 Month Unlimited Membership","887.50","0.00"
"Studio Barre 57","2025-12-01, 6:45 PM","Kwality House, Kemps Corner","Senior Trainer","0.95","Pranjali","Jain","","","Anahita Khanna","anahitakhanna9@gmail.com","2025-12-01, 5:50 PM","Yes","No","No","Subscription","Studio 3 Month Unlimited Membership","1500.00","0.00"
"Studio Barre 57","2025-12-01, 6:45 PM","Kwality House, Kemps Corner","Senior Trainer","0.95","Pranjali","Jain","","","Maansi Parikh","maansiparikh@gmail.com","2025-12-01, 5:01 PM","Yes","No","No","Subscription","Barre 1 month Unlimited ","1500.00","0.00"
"Studio Barre 57","2025-12-01, 6:45 PM","Kwality House, Kemps Corner","Senior Trainer","0.95","Pranjali","Jain","","","Kriti Singh","kritisingh1418@gmail.com","2025-12-01, 4:46 PM","Yes","No","No","Subscription","Studio 3 Month Unlimited Membership","1050.00","0.00"
"Studio Barre 57","2025-12-01, 6:45 PM","Kwality House, Kemps Corner","Senior Trainer","0.95","Pranjali","Jain","","","Tisha Hegde","tisha.hegde@gmail.com","2025-12-01, 4:29 PM","Yes","No","No","Subscription","Studio 8 Class Package","1338.75","0.00"
"Studio Barre 57","2025-12-01, 6:45 PM","Kwality House, Kemps Corner","Senior Trainer","0.95","Pranjali","Jain","","","Shreya Gupta","shreyasanjeevgupta@gmail.com","2025-12-01, 7:12 AM","No","No","Yes","UPI","","1575.00","0.00"
"Studio Barre 57","2025-12-01, 6:45 PM","Kwality House, Kemps Corner","Senior Trainer","0.95","Pranjali","Jain","","","Anu Patel","anu.patel91@gmail.com","2025-12-01, 12:16 AM","Yes","No","No","Subscription","Studio 3 Month Unlimited Membership","1500.00","0.00"
"Studio Mat 57 Express","2025-12-01, 5:45 PM","Kwality House, Kemps Corner","Senior Trainer","0.75","Pranjali","Jain","","","Amruta Patil","amrutavpatil@gmail.com","2025-12-01, 5:44 PM","Yes","No","No","Subscription","Studio Annual Unlimited Membership","14.07","0.00"
"Studio Mat 57 Express","2025-12-01, 5:45 PM","Kwality House, Kemps Corner","Senior Trainer","0.75","Pranjali","Jain","","","Alya Mistry","alyamistry@hotmail.com","2025-12-01, 5:02 PM","Yes","No","No","Subscription","Studio 20 Single Class Pack","1500.00","0.00"
"Studio Mat 57 Express","2025-12-01, 5:45 PM","Kwality House, Kemps Corner","Senior Trainer","0.75","Pranjali","Jain","","","Zya Fernandes","zyafernandesss1239@gmail.com","2025-12-01, 3:53 PM","Yes","No","No","Subscription","Studio 1 Month Unlimited Membership","596.40","0.00"
"Studio Mat 57 Express","2025-12-01, 5:45 PM","Kwality House, Kemps Corner","Senior Trainer","0.75","Pranjali","Jain","","","Raahi Kapadia","rahikapadia0000@gmail.com","2025-12-01, 3:07 PM","Yes","No","No","Package","Studio Single Class","1500.00","0.00"
"Studio Mat 57 Express","2025-12-01, 5:45 PM","Kwality House, Kemps Corner","Senior Trainer","0.75","Pranjali","Jain","","","Kanika Khakhar","kanikakhakhar@gmail.com","2025-12-01, 11:23 AM","Yes","No","No","Subscription","Studio 12 Class Package","1119.34","0.00"
"Studio Mat 57 Express","2025-12-01, 5:45 PM","Kwality House, Kemps Corner","Senior Trainer","0.75","Pranjali","Jain","","","Mahika Thakur","mrt368@nyu.edu","2025-12-01, 11:13 AM","No","No","Yes","Subscription","Studio Annual Unlimited Membership","155.76","0.00"