"Class Name","Class Date","Location","Payrate","Total Revenue","Base Payout","Additional Payout","Total Payout","Tip","Participants","Checked in","Comps","Checked In Comps","Late Cancellations","Non Paid Customers","Time (h)","Instructor First Name","Instructor Last Name","Employee Code","Payrate Code"
"Physique 57 x Raman's Barre Hosted Class","2025-12-06, 11:30 AM","Kwality House, Kemps Corner","Senior Trainer","0.00","1750.00","0.00","1750.00","0.00","11","11","0","0","0","11","0.95","Pranjali","Jain","",""
"Physique 57 x Soundrise - BANDRA FORT","2025-12-07, 8:15 AM","Supreme HQ, Bandra","Senior Trainer","0.00","1750.00","0.00","1750.00","0.00","16","14","0","0","2","16","0.95","Pranjali","Jain","",""
"Studio Mat 57","2025-12-17, 7:15 PM","Kwality House, Kemps Corner","Senior Trainer","0.00","1750.00","0.00","1750.00","0.00","0","0","0","0","0","0","0.95","Pranjali","Jain","",""
"Studio Cardio Barre Express","2025-12-17, 6:15 PM","Kwality House, Kemps Corner","Senior Trainer","0.00","1750.00","0.00","1750.00","0.00","0","0","0","0","0","0","0.75","Pranjali","Jain","",""
"Studio Cardio Barre Express","2025-12-16, 10:15 AM","Kwality House, Kemps Corner","Senior Trainer","1316.88","1750.00","0.00","1750.00","0.00","1","0","0","0","0","0","0.75","Pranjali","Jain","",""
"Strength Lab (Full Body)","2025-12-16, 9:00 AM","Kwality House, Kemps Corner","Senior Trainer","1500.00","1750.00","0.00","1750.00","0.00","1","0","0","0","0","0","1.00","Pranjali","Jain","",""
"Studio FIT","2025-12-16, 7:30 AM","Kwality House, Kemps Corner","Senior Trainer","0.00","1750.00","0.00","1750.00","0.00","0","0","0","0","0","0","0.92","Pranjali","Jain","",""
"Studio Barre 57","2025-12-15, 6:45 PM","Kwality House, Kemps Corner","Senior Trainer","0.00","1750.00","0.00","1750.00","0.00","0","0","0","0","0","0","0.95","Pranjali","Jain","",""
"Studio Mat 57 Express","2025-12-15, 5:45 PM","Kwality House, Kemps Corner","Senior Trainer","0.00","1750.00","0.00","1750.00","0.00","0","0","0","0","0","0","0.75","Pranjali","Jain","",""
"Studio Recovery","2025-12-13, 12:30 PM","Kwality House, Kemps Corner","Senior Trainer","1500.00","1750.00","0.00","1750.00","0.00","1","0","0","0","0","0","0.50","Pranjali","Jain","",""
"Studio Barre 57","2025-12-13, 11:30 AM","Kwality House, Kemps Corner","Senior Trainer","0.00","1750.00","0.00","1750.00","0.00","0","0","0","0","0","0","0.95","Pranjali","Jain","",""
"Studio Mat 57","2025-12-13, 10:15 AM","Kwality House, Kemps Corner","Senior Trainer","4466.93","1750.00","0.00","1750.00","0.00","4","0","0","0","0","0","0.95","Pranjali","Jain","",""
"Studio Mat 57","2025-12-12, 11:00 AM","Supreme HQ, Bandra","Senior Trainer","2206.11","1750.00","0.00","1750.00","0.00","2","0","0","0","0","0","0.95","Pranjali","Jain","",""
"Studio Barre 57","2025-12-12, 9:30 AM","Supreme HQ, Bandra","Senior Trainer","2628.75","1750.00","0.00","1750.00","0.00","3","0","0","0","0","1","0.95","Pranjali","Jain","",""
"Studio Cardio Barre","2025-12-10, 10:15 AM","Kwality House, Kemps Corner","Senior Trainer","2740.79","1750.00","0.00","1750.00","0.00","5","5","0","0","0","2","0.95","Pranjali","Jain","",""
"Strength Lab (Pull) ","2025-12-10, 8:45 AM","Kwality House, Kemps Corner","Senior Trainer","838.69","1750.00","0.00","1750.00","0.00","1","1","0","0","0","0","1.00","Pranjali","Jain","",""
"Strength Lab (Push) ","2025-12-10, 7:30 AM","Kwality House, Kemps Corner","Senior Trainer","539.35","1750.00","0.00","1750.00","0.00","1","1","0","0","0","0","0.83","Pranjali","Jain","",""
"Studio Cardio Barre Express","2025-12-09, 10:15 AM","Kwality House, Kemps Corner","Senior Trainer","3595.93","1750.00","0.00","1750.00","0.00","5","5","0","0","0","1","0.75","Pranjali","Jain","",""
"Strength Lab (Full Body)","2025-12-09, 9:00 AM","Kwality House, Kemps Corner","Senior Trainer","4500.00","1750.00","0.00","1750.00","0.00","3","0","0","0","1","0","1.00","Pranjali","Jain","",""
"Studio FIT ( SUPER SETS )","2025-12-09, 7:30 AM","Kwality House, Kemps Corner","Senior Trainer","7267.21","1750.00","0.00","1750.00","0.00","7","7","0","0","0","0","0.92","Pranjali","Jain","",""
"Studio Barre 57","2025-12-08, 6:45 PM","Kwality House, Kemps Corner","Senior Trainer","15399.11","1750.00","0.00","1750.00","0.00","11","9","0","0","2","0","0.95","Pranjali","Jain","",""
"Studio Mat 57 Express","2025-12-08, 5:45 PM","Kwality House, Kemps Corner","Senior Trainer","8027.03","1750.00","0.00","1750.00","0.00","6","6","0","0","0","0","0.75","Pranjali","Jain","",""
"Studio Recovery","2025-12-06, 12:30 PM","Kwality House, Kemps Corner","Senior Trainer","3639.29","1750.00","0.00","1750.00","0.00","4","4","0","0","0","0","0.50","Pranjali","Jain","",""
"Studio Mat 57","2025-12-06, 10:15 AM","Kwality House, Kemps Corner","Senior Trainer","15461.15","1750.00","0.00","1750.00","0.00","17","15","0","0","2","0","0.95","Pranjali","Jain","",""
"Studio Mat 57","2025-12-05, 11:00 AM","Supreme HQ, Bandra","Senior Trainer","3359.16","1750.00","0.00","1750.00","0.00","5","3","0","0","2","0","0.95","Pranjali","Jain","",""
"Studio Barre 57","2025-12-05, 9:30 AM","Supreme HQ, Bandra","Senior Trainer","5118.87","1750.00","0.00","1750.00","0.00","7","7","0","0","0","3","0.95","Pranjali","Jain","",""
"Studio FIT","2025-12-04, 11:00 AM","Kwality House, Kemps Corner","Senior Trainer","1530.35","1750.00","0.00","1750.00","0.00","5","4","0","0","1","0","0.92","Pranjali","Jain","",""
"Strength Lab (Pull) ","2025-12-04, 9:00 AM","Kwality House, Kemps Corner","Senior Trainer","3302.88","1750.00","0.00","1750.00","0.00","4","3","0","0","1","0","1.00","Pranjali","Jain","",""
"Studio Mat 57 Express","2025-12-04, 7:30 AM","Kwality House, Kemps Corner","Senior Trainer","8092.03","1750.00","0.00","1750.00","0.00","8","8","0","0","0","0","0.75","Pranjali","Jain","",""
"Studio Mat 57","2025-12-03, 7:15 PM","Kwality House, Kemps Corner","Senior Trainer","3611.00","1750.00","0.00","1750.00","0.00","4","4","0","0","0","0","0.95","Pranjali","Jain","",""
"Studio Cardio Barre Express","2025-12-03, 6:15 PM","Kwality House, Kemps Corner","Senior Trainer","6528.90","1750.00","0.00","1750.00","0.00","6","5","0","0","1","0","0.75","Pranjali","Jain","",""
"Studio Cardio Barre Express","2025-12-02, 10:15 AM","Kwality House, Kemps Corner","Senior Trainer","1655.76","1750.00","0.00","1750.00","0.00","2","2","0","0","0","0","0.75","Pranjali","Jain","",""
"Strength Lab (Full Body)","2025-12-02, 9:00 AM","Kwality House, Kemps Corner","Senior Trainer","1849.55","1750.00","0.00","1750.00","0.00","3","3","0","0","0","0","1.00","Pranjali","Jain","",""
"Studio FIT","2025-12-02, 7:30 AM","Kwality House, Kemps Corner","Senior Trainer","4320.35","1750.00","0.00","1750.00","0.00","4","4","0","0","0","0","0.92","Pranjali","Jain","",""
"Studio Barre 57","2025-12-01, 6:45 PM","Kwality House, Kemps Corner","Senior Trainer","17360.18","1750.00","0.00","1750.00","0.00","14","12","0","0","2","1","0.95","Pranjali","Jain","",""
"Studio Mat 57 Express","2025-12-01, 5:45 PM","Kwality House, Kemps Corner","Senior Trainer","4885.57","1750.00","0.00","1750.00","0.00","6","5","0","0","1","0","0.75","Pranjali","Jain","",""