"Class Name","Class Date","Location","Payrate","Total Revenue","Base Payout","Additional Payout","Total Payout","Tip","Participants","Checked in","Comps","Checked In Comps","Late Cancellations","Non Paid Customers","Time (h)","Instructor First Name","Instructor Last Name","Employee Code","Payrate Code"
"Studio Cardio Barre","2025-12-18, 11:00 AM","Supreme HQ, Bandra","Full Time","0.00","0.00","0.00","0.00","0.00","0","0","0","0","0","0","0.95","Anisha","Shah","",""
"Studio Mat 57","2025-12-18, 9:30 AM","Supreme HQ, Bandra","Full Time","1547.61","0.00","0.00","0.00","0.00","4","0","0","0","0","0","0.95","Anisha","Shah","",""
"powerCycle","2025-12-18, 8:00 AM","Supreme HQ, Bandra","Full Time","557.49","0.00","0.00","0.00","0.00","3","0","0","0","0","0","0.83","Anisha","Shah","",""
"Studio Back Body Blaze","2025-12-17, 9:00 AM","Kwality House, Kemps Corner","Full Time","0.00","0.00","0.00","0.00","0.00","0","0","0","0","0","0","0.95","Anisha","Shah","",""
"Studio Cardio Barre","2025-12-17, 7:30 AM","Kwality House, Kemps Corner","Full Time","0.00","0.00","0.00","0.00","0.00","0","0","0","0","0","0","0.95","Anisha","Shah","",""
"Studio FIT","2025-12-16, 7:15 PM","Kwality House, Kemps Corner","Full Time","0.00","0.00","0.00","0.00","0.00","0","0","0","0","0","0","0.92","Anisha","Shah","",""
"Strength Lab (Pull) ","2025-12-16, 6:00 PM","Kwality House, Kemps Corner","Full Time","0.00","0.00","0.00","0.00","0.00","0","0","0","0","0","0","1.00","Anisha","Shah","",""
"Studio Mat 57","2025-12-15, 8:30 AM","Kwality House, Kemps Corner","Full Time","1661.70","0.00","0.00","0.00","0.00","2","0","0","0","0","0","0.95","Anisha","Shah","",""
"Strength Lab (Pull) ","2025-12-15, 7:15 AM","Kwality House, Kemps Corner","Full Time","15.01","0.00","0.00","0.00","0.00","1","0","0","0","0","0","1.00","Anisha","Shah","",""
"Studio Mat 57","2025-12-11, 9:30 AM","Supreme HQ, Bandra","Full Time","7261.23","0.00","0.00","0.00","0.00","11","9","0","0","2","0","0.95","Anisha","Shah","",""
"powerCycle","2025-12-11, 8:00 AM","Supreme HQ, Bandra","Full Time","7242.85","0.00","0.00","0.00","0.00","12","8","0","0","3","0","0.83","Anisha","Shah","",""
"Studio Back Body Blaze","2025-12-10, 9:00 AM","Kwality House, Kemps Corner","Full Time","10372.73","0.00","0.00","0.00","0.00","11","9","0","0","2","0","0.95","Anisha","Shah","",""
"Studio Cardio Barre","2025-12-10, 7:30 AM","Kwality House, Kemps Corner","Full Time","7519.99","0.00","0.00","0.00","0.00","8","7","0","0","1","0","0.95","Anisha","Shah","",""
"powerCycle","2025-12-09, 7:15 PM","Kwality House, Kemps Corner","Full Time","7010.19","0.00","0.00","0.00","0.00","7","6","0","0","1","0","0.83","Anisha","Shah","",""
"Studio Barre 57","2025-12-09, 5:45 PM","Kwality House, Kemps Corner","Full Time","8035.65","0.00","0.00","0.00","0.00","12","11","0","0","1","4","0.95","Anisha","Shah","",""
"Studio Mat 57","2025-12-08, 8:30 AM","Kwality House, Kemps Corner","Full Time","7125.58","0.00","0.00","0.00","0.00","9","7","0","0","2","0","0.95","Anisha","Shah","",""
"Strength Lab (Pull) ","2025-12-08, 7:15 AM","Kwality House, Kemps Corner","Full Time","170.77","0.00","0.00","0.00","0.00","2","2","0","0","0","0","1.00","Anisha","Shah","",""
"Strength Lab (Push) ","2025-12-06, 11:30 AM","Kwality House, Kemps Corner","Full Time","9264.43","0.00","0.00","0.00","0.00","8","6","0","0","2","0","1.00","Anisha","Shah","",""
"Studio Barre 57","2025-12-06, 10:15 AM","Kwality House, Kemps Corner","Full Time","9509.62","0.00","0.00","0.00","0.00","9","8","0","0","1","0","0.95","Anisha","Shah","",""
"Strength Lab (Push) ","2025-12-06, 9:00 AM","Kwality House, Kemps Corner","Full Time","2538.49","0.00","0.00","0.00","0.00","7","5","0","0","2","0","1.00","Anisha","Shah","",""
"Studio Cardio Barre Plus","2025-12-05, 7:00 PM","Kwality House, Kemps Corner","Full Time","7340.15","0.00","0.00","0.00","0.00","8","8","0","0","0","1","0.95","Anisha","Shah","",""
"Strength Lab (Full Body)","2025-12-05, 6:00 PM","Kwality House, Kemps Corner","Full Time","4432.51","0.00","0.00","0.00","0.00","4","4","0","0","0","0","1.00","Anisha","Shah","",""
"Studio Cardio Barre","2025-12-11, 11:00 AM","Supreme HQ, Bandra","Full Time","2620.58","0.00","0.00","0.00","0.00","2","1","0","0","1","0","0.95","Anisha","Shah","",""
"Studio Cardio Barre","2025-12-04, 11:00 AM","Supreme HQ, Bandra","Full Time","1590.00","0.00","0.00","0.00","0.00","2","2","0","0","0","0","0.95","Anisha","Shah","",""
"Studio Mat 57","2025-12-04, 9:30 AM","Supreme HQ, Bandra","Full Time","9812.41","0.00","0.00","0.00","0.00","11","10","0","0","1","0","0.95","Anisha","Shah","",""
"powerCycle","2025-12-04, 8:00 AM","Supreme HQ, Bandra","Full Time","13268.04","0.00","0.00","0.00","0.00","13","9","0","0","4","0","0.83","Anisha","Shah","",""
"Studio Back Body Blaze","2025-12-03, 9:00 AM","Kwality House, Kemps Corner","Full Time","8508.74","0.00","0.00","0.00","0.00","10","9","0","0","1","0","0.95","Anisha","Shah","",""
"Studio Cardio Barre","2025-12-03, 7:30 AM","Kwality House, Kemps Corner","Full Time","9715.53","0.00","0.00","0.00","0.00","11","10","0","0","1","0","0.95","Anisha","Shah","",""
"Studio FIT","2025-12-02, 7:15 PM","Kwality House, Kemps Corner","Full Time","6744.88","0.00","0.00","0.00","0.00","7","7","0","0","0","0","0.92","Anisha","Shah","",""
"Strength Lab (Pull) ","2025-12-02, 6:00 PM","Kwality House, Kemps Corner","Full Time","2890.88","0.00","0.00","0.00","0.00","4","4","0","0","0","0","1.00","Anisha","Shah","",""
"Studio Mat 57","2025-12-01, 8:30 AM","Kwality House, Kemps Corner","Full Time","8346.06","0.00","0.00","0.00","0.00","10","8","0","0","2","0","0.95","Anisha","Shah","",""
"Strength Lab (Pull) ","2025-12-01, 7:15 AM","Kwality House, Kemps Corner","Full Time","2225.11","0.00","0.00","0.00","0.00","5","3","0","0","2","0","1.00","Anisha","Shah","",""
"powerCycle","2025-12-10, 10:00 AM","Kwality House, Kemps Corner","Junior Trainer","5178.43","1250.00","0.00","1250.00","0.00","7","6","0","0","1","0","0.83","Anmol","Sharma","",""
"powerCycle","2025-12-17, 10:00 AM","Kwality House, Kemps Corner","Junior Trainer","0.00","1250.00","0.00","1250.00","0.00","0","0","0","0","0","0","0.83","Anmol","Sharma","",""
"powerCycle","2025-12-03, 10:00 AM","Kwality House, Kemps Corner","Junior Trainer","7458.32","1250.00","0.00","1250.00","0.00","6","6","0","0","0","0","0.83","Anmol","Sharma","",""
"powerCycle","2025-12-16, 6:00 PM","Kwality House, Kemps Corner","Junior Trainer","0.00","1250.00","0.00","1250.00","0.00","0","0","0","0","0","0","0.83","Anmol","Sharma","",""
"powerCycle","2025-12-15, 7:30 PM","Kwality House, Kemps Corner","Junior Trainer","0.00","1250.00","0.00","1250.00","0.00","0","0","0","0","0","0","0.83","Anmol","Sharma","",""
"powerCycle","2025-12-15, 6:00 PM","Kwality House, Kemps Corner","Junior Trainer","2287.50","1250.00","0.00","1250.00","0.00","2","0","0","0","0","0","0.83","Anmol","Sharma","",""
"powerCycle","2025-12-14, 5:00 PM","Kwality House, Kemps Corner","Junior Trainer","0.00","1250.00","0.00","1250.00","0.00","0","0","0","0","0","0","0.83","Anmol","Sharma","",""
"powerCycle","2025-12-11, 7:15 PM","Supreme HQ, Bandra","Junior Trainer","1500.00","1250.00","0.00","1250.00","0.00","1","0","0","0","0","0","0.83","Anmol","Sharma","",""
"powerCycle  ( PolyJAMourous )","2025-12-11, 6:00 PM","Supreme HQ, Bandra","Junior Trainer","1404.38","1250.00","0.00","1250.00","0.00","1","0","0","0","0","0","0.83","Anmol","Sharma","",""
"powerCycle","2025-12-09, 6:00 PM","Kwality House, Kemps Corner","Junior Trainer","3021.13","1250.00","0.00","1250.00","0.00","4","4","0","0","0","0","0.83","Anmol","Sharma","",""
"powerCycle","2025-12-08, 7:30 PM","Kwality House, Kemps Corner","Junior Trainer","6477.59","1250.00","0.00","1250.00","0.00","5","5","0","0","0","0","0.83","Anmol","Sharma","",""
"powerCycle","2025-12-08, 6:00 PM","Kwality House, Kemps Corner","Junior Trainer","6000.00","1250.00","0.00","1250.00","0.00","4","4","0","0","0","0","0.83","Anmol","Sharma","",""
"powerCycle","2025-12-07, 5:00 PM","Kwality House, Kemps Corner","Junior Trainer","6075.00","1250.00","0.00","1250.00","0.00","4","4","0","0","0","0","0.83","Anmol","Sharma","",""
"powerCycle ( Disney Pop )","2025-12-06, 11:00 AM","Supreme HQ, Bandra","Junior Trainer","3647.93","1250.00","0.00","1250.00","0.00","3","2","0","0","1","0","0.83","Anmol","Sharma","",""
"powerCycle ","2025-12-06, 9:30 AM","Supreme HQ, Bandra","Junior Trainer","10926.26","1250.00","0.00","1250.00","0.00","10","9","0","0","1","2","0.83","Anmol","Sharma","",""
"powerCycle Express","2025-12-05, 7:15 PM","Kwality House, Kemps Corner","Junior Trainer","1500.00","1250.00","0.00","1250.00","0.00","1","1","0","0","0","0","0.67","Anmol","Sharma","",""
"powerCycle","2025-12-04, 7:15 PM","Supreme HQ, Bandra","Junior Trainer","2674.75","1250.00","0.00","1250.00","0.00","2","1","0","0","1","0","0.83","Anmol","Sharma","",""
"powerCycle","2025-12-04, 6:00 PM","Supreme HQ, Bandra","Junior Trainer","1500.00","1250.00","0.00","1250.00","0.00","1","0","0","0","1","0","0.83","Anmol","Sharma","",""
"powerCycle","2025-12-02, 6:00 PM","Kwality House, Kemps Corner","Junior Trainer","1515.01","1250.00","0.00","1250.00","0.00","2","2","0","0","0","0","0.83","Anmol","Sharma","",""
"powerCycle","2025-12-01, 7:30 PM","Kwality House, Kemps Corner","Junior Trainer","4500.00","1250.00","0.00","1250.00","0.00","3","3","0","0","0","0","0.83","Anmol","Sharma","",""
"powerCycle","2025-12-01, 6:00 PM","Kwality House, Kemps Corner","Junior Trainer","1655.76","1250.00","0.00","1250.00","0.00","2","2","0","0","0","0","0.83","Anmol","Sharma","",""
"Studio Cardio Barre","2025-12-17, 10:15 AM","Kwality House, Kemps Corner","Senior Trainer","0.00","1750.00","0.00","1750.00","0.00","0","0","0","0","0","0","0.95","Atulan","Purohit","",""
"Strength Lab (Pull) ","2025-12-17, 8:45 AM","Kwality House, Kemps Corner","Senior Trainer","3337.44","1750.00","0.00","1750.00","0.00","5","0","0","0","0","0","1.00","Atulan","Purohit","",""
"Strength Lab (Push) ","2025-12-17, 7:30 AM","Kwality House, Kemps Corner","Senior Trainer","0.00","1750.00","0.00","1750.00","0.00","0","0","0","0","0","0","0.83","Atulan","Purohit","",""
"Strength Lab (Pull) ","2025-12-15, 7:15 PM","Kwality House, Kemps Corner","Senior Trainer","1500.00","1750.00","0.00","1750.00","0.00","1","0","0","0","0","0","1.00","Atulan","Purohit","",""
"Studio FIT","2025-12-15, 6:00 PM","Kwality House, Kemps Corner","Senior Trainer","1500.00","1750.00","0.00","1750.00","0.00","1","0","0","0","0","0","1.00","Atulan","Purohit","",""
"Studio Barre 57","2025-12-13, 11:30 AM","Supreme HQ, Bandra","Senior Trainer","1120.58","1750.00","0.00","1750.00","0.00","2","0","0","0","0","1","0.95","Atulan","Purohit","",""
"Studio FIT ( SUPER SETS )","2025-12-13, 10:15 AM","Supreme HQ, Bandra","Senior Trainer","4913.02","1750.00","0.00","1750.00","0.00","10","0","0","0","0","0","0.92","Atulan","Purohit","",""
"Studio Barre 57","2025-12-13, 9:00 AM","Supreme HQ, Bandra","Senior Trainer","8606.08","1750.00","0.00","1750.00","0.00","9","0","0","0","0","0","0.95","Atulan","Purohit","",""
"Studio Cardio Barre","2025-12-12, 10:15 AM","Supreme HQ, Bandra","Senior Trainer","1451.38","1750.00","0.00","1750.00","0.00","3","0","0","0","0","0","0.95","Atulan","Purohit","",""
"Studio FIT ( SUPER SETS )","2025-12-12, 9:00 AM","Supreme HQ, Bandra","Senior Trainer","3949.02","1750.00","0.00","1750.00","0.00","10","0","0","0","0","0","0.95","Atulan","Purohit","",""
"Studio Back Body Blaze","2025-12-12, 7:30 AM","Supreme HQ, Bandra","Senior Trainer","7931.33","1750.00","0.00","1750.00","0.00","8","0","0","0","0","0","0.95","Atulan","Purohit","",""
"Strength Lab (Push) ","2025-12-11, 7:15 PM","Kwality House, Kemps Corner","Senior Trainer","2910.55","1750.00","0.00","1750.00","0.00","2","0","0","0","0","0","1.00","Atulan","Purohit","",""
"Studio Back Body Blaze Express","2025-12-11, 6:15 PM","Kwality House, Kemps Corner","Senior Trainer","1661.70","1750.00","0.00","1750.00","0.00","2","0","0","0","1","0","0.75","Atulan","Purohit","",""
"Studio Mat 57","2025-12-10, 7:15 PM","Kwality House, Kemps Corner","Senior Trainer","6427.18","1750.00","0.00","1750.00","0.00","6","5","0","0","1","1","0.95","Atulan","Purohit","",""
"Studio Cardio Barre Express","2025-12-10, 6:15 PM","Kwality House, Kemps Corner","Senior Trainer","5308.82","1750.00","0.00","1750.00","0.00","5","4","0","0","1","0","0.75","Atulan","Purohit","",""
"Studio FIT ( SUPER SETS )","2025-12-09, 7:15 PM","Kwality House, Kemps Corner","Senior Trainer","7000.93","1750.00","0.00","1750.00","0.00","6","6","0","0","0","0","0.92","Atulan","Purohit","",""
"Strength Lab (Pull) ","2025-12-09, 6:00 PM","Kwality House, Kemps Corner","Senior Trainer","1912.39","1750.00","0.00","1750.00","0.00","3","2","0","0","1","0","1.00","Atulan","Purohit","",""
"Strength Lab (Pull) ","2025-12-08, 7:15 PM","Kwality House, Kemps Corner","Senior Trainer","7630.62","1750.00","0.00","1750.00","0.00","6","6","0","0","0","0","1.00","Atulan","Purohit","",""
"Studio FIT ( SUPER SETS )","2025-12-08, 6:00 PM","Kwality House, Kemps Corner","Senior Trainer","9670.97","1750.00","0.00","1750.00","0.00","9","7","0","0","2","0","1.00","Atulan","Purohit","",""
"Studio Barre 57","2025-12-06, 11:30 AM","Supreme HQ, Bandra","Senior Trainer","12775.66","1750.00","0.00","1750.00","0.00","11","10","0","0","1","0","0.95","Atulan","Purohit","",""
"Studio FIT","2025-12-06, 10:15 AM","Supreme HQ, Bandra","Senior Trainer","5111.15","1750.00","0.00","1750.00","0.00","11","10","0","0","1","0","0.92","Atulan","Purohit","",""
"Studio Barre 57","2025-12-06, 9:00 AM","Supreme HQ, Bandra","Senior Trainer","5990.93","1750.00","0.00","1750.00","0.00","13","10","0","0","3","4","0.95","Atulan","Purohit","",""
"Studio Cardio Barre","2025-12-05, 10:15 AM","Supreme HQ, Bandra","Senior Trainer","2021.25","1750.00","0.00","1750.00","0.00","4","4","0","0","0","2","0.95","Atulan","Purohit","",""
"Studio FIT","2025-12-05, 9:00 AM","Supreme HQ, Bandra","Senior Trainer","6411.74","1750.00","0.00","1750.00","0.00","10","8","0","0","2","0","0.95","Atulan","Purohit","",""
"Studio Back Body Blaze","2025-12-05, 7:30 AM","Supreme HQ, Bandra","Senior Trainer","5195.60","1750.00","0.00","1750.00","0.00","5","4","0","0","1","0","0.95","Atulan","Purohit","",""
"Strength Lab (Push) ","2025-12-04, 7:15 PM","Kwality House, Kemps Corner","Senior Trainer","2816.88","1750.00","0.00","1750.00","0.00","2","2","0","0","0","0","1.00","Atulan","Purohit","",""
"Studio Back Body Blaze Express","2025-12-04, 6:15 PM","Kwality House, Kemps Corner","Senior Trainer","11934.47","1750.00","0.00","1750.00","0.00","10","10","0","0","0","0","0.75","Atulan","Purohit","",""
"Studio Cardio Barre","2025-12-03, 10:15 AM","Kwality House, Kemps Corner","Senior Trainer","2826.84","1750.00","0.00","1750.00","0.00","3","2","0","0","1","0","0.95","Atulan","Purohit","",""
"Strength Lab (Pull) ","2025-12-03, 8:45 AM","Kwality House, Kemps Corner","Senior Trainer","2586.45","1750.00","0.00","1750.00","0.00","7","7","0","0","0","0","1.00","Atulan","Purohit","",""
"Strength Lab (Push) ","2025-12-03, 7:30 AM","Kwality House, Kemps Corner","Senior Trainer","2838.75","1750.00","0.00","1750.00","0.00","2","1","0","0","1","0","0.83","Atulan","Purohit","",""
"Studio Mat 57","2025-12-02, 11:00 AM","Kwality House, Kemps Corner","Senior Trainer","9014.79","1750.00","0.00","1750.00","0.00","11","10","0","0","1","0","0.95","Atulan","Purohit","",""
"Studio Amped Up! ( Band Land )","2025-12-02, 8:30 AM","Kwality House, Kemps Corner","Senior Trainer","7047.45","1750.00","0.00","1750.00","0.00","7","6","0","0","1","0","0.95","Atulan","Purohit","",""
"Strength Lab (Pull) ","2025-12-01, 7:15 PM","Kwality House, Kemps Corner","Senior Trainer","4546.92","1750.00","0.00","1750.00","0.00","6","6","0","0","0","2","1.00","Atulan","Purohit","",""
"Studio FIT","2025-12-01, 6:00 PM","Kwality House, Kemps Corner","Senior Trainer","6370.72","1750.00","0.00","1750.00","0.00","6","6","0","0","0","1","1.00","Atulan","Purohit","",""
"Physique 57 x Meghana's powerCycle Hosted Class","2025-12-07, 10:00 AM","Supreme HQ, Bandra","Junior Trainer","0.00","1250.00","0.00","1250.00","0.00","12","11","0","0","1","12","0.83","Bret","Saldanha","",""
"powerCycle","2025-12-15, 7:30 PM","Supreme HQ, Bandra","Junior Trainer","1404.38","1250.00","0.00","1250.00","0.00","1","0","0","0","0","0","0.83","Bret","Saldanha","",""
"powerCycle ( Concert Energy )","2025-12-15, 6:00 PM","Supreme HQ, Bandra","Junior Trainer","0.00","1250.00","0.00","1250.00","0.00","0","0","0","0","0","0","0.83","Bret","Saldanha","",""
"powerCycle","2025-12-13, 5:00 PM","Supreme HQ, Bandra","Junior Trainer","2816.88","1250.00","0.00","1250.00","0.00","2","0","0","0","0","0","0.83","Bret","Saldanha","",""
"powerCycle","2025-12-12, 10:00 AM","Kwality House, Kemps Corner","Junior Trainer","0.00","1250.00","0.00","1250.00","0.00","0","0","0","0","0","0","0.83","Bret","Saldanha","",""
"powerCycle","2025-12-12, 8:30 AM","Kwality House, Kemps Corner","Junior Trainer","1404.38","1250.00","0.00","1250.00","0.00","1","0","0","0","0","0","0.83","Bret","Saldanha","",""
"powerCycle","2025-12-08, 7:30 PM","Supreme HQ, Bandra","Junior Trainer","8277.93","1250.00","0.00","1250.00","0.00","7","7","0","0","0","0","0.83","Bret","Saldanha","",""
"powerCycle","2025-12-08, 6:00 PM","Supreme HQ, Bandra","Junior Trainer","1170.67","1250.00","0.00","1250.00","0.00","2","2","0","0","0","0","0.83","Bret","Saldanha","",""
"powerCycle Express","2025-12-07, 11:30 AM","Supreme HQ, Bandra","Junior Trainer","8228.66","1250.00","0.00","1250.00","0.00","7","6","0","0","1","0","0.67","Bret","Saldanha","",""
"powerCycle","2025-12-06, 5:00 PM","Supreme HQ, Bandra","Junior Trainer","5008.76","1250.00","0.00","1250.00","0.00","5","4","0","0","1","1","0.83","Bret","Saldanha","",""
"powerCycle","2025-12-05, 10:00 AM","Kwality House, Kemps Corner","Junior Trainer","2097.43","1250.00","0.00","1250.00","0.00","3","2","0","0","1","0","0.83","Bret","Saldanha","",""
"powerCycle","2025-12-05, 8:30 AM","Kwality House, Kemps Corner","Junior Trainer","7833.75","1250.00","0.00","1250.00","0.00","7","7","0","0","0","1","0.83","Bret","Saldanha","",""
"powerCycle","2025-12-04, 9:30 AM","Kwality House, Kemps Corner","Junior Trainer","3155.76","1250.00","0.00","1250.00","0.00","3","3","0","0","0","0","0.83","Bret","Saldanha","",""
"powerCycle","2025-12-04, 8:00 AM","Kwality House, Kemps Corner","Junior Trainer","1588.26","1250.00","0.00","1250.00","0.00","4","3","0","0","1","1","0.83","Bret","Saldanha","",""
"powerCycle ( Rock vs Techno )","2025-12-01, 7:30 PM","Supreme HQ, Bandra","Junior Trainer","4128.75","1250.00","0.00","1250.00","0.00","3","3","0","0","0","0","0.83","Bret","Saldanha","",""
"powerCycle","2025-12-01, 6:00 PM","Supreme HQ, Bandra","Junior Trainer","2436.22","1250.00","0.00","1250.00","0.00","2","2","0","0","0","0","0.83","Bret","Saldanha","",""
"Physique 57 x Kareena's Barre Hosted Class","2025-12-07, 12:45 PM","Supreme HQ, Bandra","Junior Trainer","0.00","1250.00","0.00","1250.00","0.00","13","8","0","0","5","13","0.95","Cauveri","Vikrant","",""
"powerCycle","2025-12-10, 8:00 AM","Kwality House, Kemps Corner","Junior Trainer","7575.05","1250.00","0.00","1250.00","0.00","7","7","0","0","0","1","0.83","Cauveri","Vikrant","",""
"powerCycle","2025-12-15, 10:00 AM","Supreme HQ, Bandra","Junior Trainer","0.00","1250.00","0.00","1250.00","0.00","0","0","0","0","0","0","0.83","Cauveri","Vikrant","",""
"powerCycle","2025-12-15, 8:45 AM","Supreme HQ, Bandra","Junior Trainer","15.01","1250.00","0.00","1250.00","0.00","1","0","0","0","0","0","0.83","Cauveri","Vikrant","",""
"powerCycle","2025-12-14, 11:30 AM","Kwality House, Kemps Corner","Junior Trainer","2338.69","1250.00","0.00","1250.00","0.00","2","0","0","0","0","0","0.83","Cauveri","Vikrant","",""
"Studio Cardio Barre","2025-12-14, 10:15 AM","Kwality House, Kemps Corner","Junior Trainer","1350.79","1250.00","0.00","1250.00","0.00","2","0","0","0","0","1","0.95","Cauveri","Vikrant","",""
"powerCycle","2025-12-13, 11:30 AM","Kwality House, Kemps Corner","Junior Trainer","1661.70","1250.00","0.00","1250.00","0.00","2","0","0","0","0","0","0.83","Cauveri","Vikrant","",""
"powerCycle","2025-12-13, 10:00 AM","Kwality House, Kemps Corner","Junior Trainer","2721.26","1250.00","0.00","1250.00","0.00","3","0","0","0","0","1","0.83","Cauveri","Vikrant","",""
"Studio Cardio Barre Express","2025-12-13, 8:00 AM","Kwality House, Kemps Corner","Junior Trainer","5850.79","1250.00","0.00","1250.00","0.00","4","0","0","0","0","0","0.75","Cauveri","Vikrant","",""
"powerCycle Express ( Only Legends )","2025-12-12, 7:30 PM","Supreme HQ, Bandra","Junior Trainer","155.76","1250.00","0.00","1250.00","0.00","1","0","0","0","0","0","0.67","Cauveri","Vikrant","",""
"powerCycle","2025-12-12, 6:00 PM","Supreme HQ, Bandra","Junior Trainer","2838.75","1250.00","0.00","1250.00","0.00","2","0","0","0","0","0","0.83","Cauveri","Vikrant","",""
"Studio FIT ( SUPER SETS )","2025-12-11, 7:30 PM","Supreme HQ, Bandra","Junior Trainer","3714.52","1250.00","0.00","1250.00","0.00","3","0","0","0","0","0","1.00","Cauveri","Vikrant","",""
"Studio Barre 57","2025-12-11, 6:15 PM","Supreme HQ, Bandra","Junior Trainer","5107.75","1250.00","0.00","1250.00","0.00","7","0","0","0","0","1","0.95","Cauveri","Vikrant","",""
"Studio Barre 57","2025-12-10, 11:30 AM","Kwality House, Kemps Corner","Junior Trainer","5933.99","1250.00","0.00","1250.00","0.00","6","6","0","0","0","0","0.95","Cauveri","Vikrant","",""
"Studio Barre 57","2025-12-10, 9:15 AM","Kwality House, Kemps Corner","Junior Trainer","4255.35","1250.00","0.00","1250.00","0.00","5","3","0","0","2","1","0.95","Cauveri","Vikrant","",""
"powerCycle","2025-12-08, 10:00 AM","Supreme HQ, Bandra","Junior Trainer","6138.94","1250.00","0.00","1250.00","0.00","11","9","0","0","2","2","0.83","Cauveri","Vikrant","",""
"powerCycle ( Boy Bands )","2025-12-08, 8:45 AM","Supreme HQ, Bandra","Junior Trainer","2929.81","1250.00","0.00","1250.00","0.00","4","3","0","0","1","0","0.83","Cauveri","Vikrant","",""
"Studio Cardio Barre","2025-12-07, 11:30 AM","Supreme HQ, Bandra","Junior Trainer","15.01","1250.00","0.00","1250.00","0.00","1","1","0","0","0","0","1.00","Cauveri","Vikrant","",""
"Studio Barre 57","2025-12-07, 10:15 AM","Supreme HQ, Bandra","Junior Trainer","6687.18","1250.00","0.00","1250.00","0.00","8","6","0","0","2","1","0.95","Cauveri","Vikrant","",""
"powerCycle","2025-12-06, 11:30 AM","Kwality House, Kemps Corner","Junior Trainer","12627.59","1250.00","0.00","1250.00","0.00","10","9","0","0","1","1","0.83","Cauveri","Vikrant","",""
"powerCycle","2025-12-06, 10:00 AM","Kwality House, Kemps Corner","Junior Trainer","1515.00","1250.00","0.00","1250.00","0.00","2","2","0","0","0","0","0.83","Cauveri","Vikrant","",""
"Studio Cardio Barre Express","2025-12-06, 8:00 AM","Kwality House, Kemps Corner","Junior Trainer","4602.83","1250.00","0.00","1250.00","0.00","4","4","0","0","0","0","0.75","Cauveri","Vikrant","",""
"powerCycle Express","2025-12-05, 7:30 PM","Supreme HQ, Bandra","Junior Trainer","17939.92","1250.00","0.00","1250.00","0.00","15","12","0","0","3","0","0.67","Cauveri","Vikrant","",""
"powerCycle","2025-12-05, 6:00 PM","Supreme HQ, Bandra","Junior Trainer","8849.48","1250.00","0.00","1250.00","0.00","8","7","0","0","1","0","0.83","Cauveri","Vikrant","",""
"Studio FIT","2025-12-04, 7:30 PM","Supreme HQ, Bandra","Junior Trainer","12346.29","1250.00","0.00","1250.00","0.00","10","9","0","0","1","0","1.00","Cauveri","Vikrant","",""
"Studio Barre 57","2025-12-04, 6:15 PM","Supreme HQ, Bandra","Junior Trainer","5303.49","1250.00","0.00","1250.00","0.00","5","4","0","0","1","0","0.95","Cauveri","Vikrant","",""
"Studio Back Body Blaze Express","2025-12-03, 7:15 PM","Supreme HQ, Bandra","Junior Trainer","3509.42","1250.00","0.00","1250.00","0.00","4","4","0","0","0","0","0.95","Cauveri","Vikrant","",""
"powerCycle ( Disney Pop )","2025-12-03, 6:00 PM","Supreme HQ, Bandra","Junior Trainer","7889.47","1250.00","0.00","1250.00","0.00","7","7","0","0","0","0","0.83","Cauveri","Vikrant","",""
"powerCycle Express","2025-12-02, 7:15 PM","Supreme HQ, Bandra","Junior Trainer","6847.49","1250.00","0.00","1250.00","0.00","6","6","0","0","0","0","0.67","Cauveri","Vikrant","",""
"powerCycle","2025-12-02, 6:00 PM","Supreme HQ, Bandra","Junior Trainer","4399.26","1250.00","0.00","1250.00","0.00","5","5","0","0","0","1","0.83","Cauveri","Vikrant","",""
"powerCycle","2025-12-03, 8:00 AM","Kwality House, Kemps Corner","Junior Trainer","1886.56","1250.00","0.00","1250.00","0.00","4","4","0","0","0","0","0.83","Karan","Bhatia","",""
"Studio Barre 57","2025-12-17, 7:00 PM","Kwality House, Kemps Corner","Junior Trainer","0.00","1250.00","0.00","1250.00","0.00","0","0","0","0","0","0","0.95","Karan","Bhatia","",""
"Studio Barre 57","2025-12-17, 5:45 PM","Kwality House, Kemps Corner","Junior Trainer","0.00","1250.00","0.00","1250.00","0.00","0","0","0","0","0","0","0.95","Karan","Bhatia","",""
"Studio Cardio Barre Express","2025-12-16, 8:30 AM","Supreme HQ, Bandra","Junior Trainer","0.00","1250.00","0.00","1250.00","0.00","0","0","0","0","0","0","0.75","Karan","Bhatia","",""
"Studio Barre 57","2025-12-16, 7:15 AM","Supreme HQ, Bandra","Junior Trainer","2631.56","1250.00","0.00","1250.00","0.00","3","0","0","0","0","1","0.95","Karan","Bhatia","",""
"Studio Cardio Barre","2025-12-14, 11:30 AM","Supreme HQ, Bandra","Junior Trainer","2437.46","1250.00","0.00","1250.00","0.00","2","0","0","0","0","0","1.00","Karan","Bhatia","",""
"Studio Barre 57","2025-12-14, 10:15 AM","Supreme HQ, Bandra","Junior Trainer","2431.88","1250.00","0.00","1250.00","0.00","2","0","0","0","0","0","0.95","Karan","Bhatia","",""
"Studio Recovery","2025-12-13, 12:30 PM","Supreme HQ, Bandra","Junior Trainer","0.00","1250.00","0.00","1250.00","0.00","0","0","0","0","0","0","0.50","Karan","Bhatia","",""
"Studio Cardio Barre","2025-12-13, 10:15 AM","Supreme HQ, Bandra","Junior Trainer","0.00","1250.00","0.00","1250.00","0.00","0","0","0","0","0","0","0.95","Karan","Bhatia","",""
"Studio Barre 57","2025-12-11, 7:15 PM","Kwality House, Kemps Corner","Junior Trainer","6480.78","1250.00","0.00","1250.00","0.00","5","0","0","0","0","0","0.95","Karan","Bhatia","",""
"powerCycle","2025-12-11, 5:45 PM","Kwality House, Kemps Corner","Junior Trainer","0.00","1250.00","0.00","1250.00","0.00","0","0","0","0","0","0","0.83","Karan","Bhatia","",""
"Studio Barre 57","2025-12-10, 7:00 PM","Kwality House, Kemps Corner","Junior Trainer","8995.97","1250.00","0.00","1250.00","0.00","8","8","0","0","0","1","0.95","Karan","Bhatia","",""
"Studio Barre 57","2025-12-10, 5:45 PM","Kwality House, Kemps Corner","Junior Trainer","11415.82","1250.00","0.00","1250.00","0.00","9","9","0","0","0","1","0.95","Karan","Bhatia","",""
"powerCycle","2025-12-09, 9:45 AM","Supreme HQ, Bandra","Junior Trainer","51.33","1250.00","0.00","1250.00","0.00","1","1","0","0","0","0","0.83","Karan","Bhatia","",""
"Studio Cardio Barre Express","2025-12-09, 8:30 AM","Supreme HQ, Bandra","Junior Trainer","0.00","1250.00","0.00","1250.00","0.00","0","0","0","0","0","0","0.75","Karan","Bhatia","",""
"Studio Barre 57","2025-12-09, 7:15 AM","Supreme HQ, Bandra","Junior Trainer","2063.44","1250.00","0.00","1250.00","0.00","2","2","0","0","0","0","0.95","Karan","Bhatia","",""
"powerCycle","2025-12-07, 11:30 AM","Kwality House, Kemps Corner","Junior Trainer","12527.11","1250.00","0.00","1250.00","0.00","10","10","0","0","0","1","0.83","Karan","Bhatia","",""
"Studio Cardio Barre","2025-12-07, 10:15 AM","Kwality House, Kemps Corner","Junior Trainer","4413.43","1250.00","0.00","1250.00","0.00","6","6","0","0","0","1","0.95","Karan","Bhatia","",""
"Studio Recovery","2025-12-06, 12:30 PM","Supreme HQ, Bandra","Junior Trainer","2432.14","1250.00","0.00","1250.00","0.00","2","2","0","0","0","0","0.50","Karan","Bhatia","",""
"Studio Cardio Barre","2025-12-06, 10:15 AM","Supreme HQ, Bandra","Junior Trainer","1120.58","1250.00","0.00","1250.00","0.00","1","0","0","0","1","0","0.95","Karan","Bhatia","",""
"Studio Cardio Barre","2025-12-05, 7:15 PM","Supreme HQ, Bandra","Junior Trainer","3041.55","1250.00","0.00","1250.00","0.00","3","1","0","0","2","0","1.00","Karan","Bhatia","",""
"Studio Barre 57","2025-12-05, 6:00 PM","Supreme HQ, Bandra","Junior Trainer","1964.16","1250.00","0.00","1250.00","0.00","3","3","0","0","0","0","0.95","Karan","Bhatia","",""
"Studio Barre 57","2025-12-03, 11:30 AM","Kwality House, Kemps Corner","Junior Trainer","10109.32","1250.00","0.00","1250.00","0.00","9","9","0","0","0","0","0.95","Karan","Bhatia","",""
"Studio Barre 57","2025-12-03, 9:15 AM","Kwality House, Kemps Corner","Junior Trainer","7888.20","1250.00","0.00","1250.00","0.00","6","5","0","0","1","0","0.95","Karan","Bhatia","",""
"Studio Cardio Barre Express","2025-12-02, 8:30 AM","Supreme HQ, Bandra","Junior Trainer","0.00","1250.00","0.00","1250.00","0.00","0","0","0","0","0","0","0.75","Karan","Bhatia","",""
"Studio Barre 57","2025-12-02, 7:15 AM","Supreme HQ, Bandra","Junior Trainer","7381.10","1250.00","0.00","1250.00","0.00","7","6","0","0","1","1","0.95","Karan","Bhatia","",""
"Strength Lab (Pull) ","2025-12-18, 9:00 AM","Kwality House, Kemps Corner","Full Time","0.00","0.00","0.00","0.00","0.00","0","0","0","0","0","0","1.00","Mrigakshi","Jaiswal","",""
"Studio Mat 57 Express","2025-12-18, 7:30 AM","Kwality House, Kemps Corner","Full Time","0.00","0.00","0.00","0.00","0.00","0","0","0","0","0","0","0.75","Mrigakshi","Jaiswal","",""
"Studio Back Body Blaze Express","2025-12-17, 7:15 PM","Supreme HQ, Bandra","Full Time","0.00","0.00","0.00","0.00","0.00","0","0","0","0","0","0","0.95","Mrigakshi","Jaiswal","",""
"powerCycle ( Concert Energy )","2025-12-17, 6:00 PM","Supreme HQ, Bandra","Full Time","0.00","0.00","0.00","0.00","0.00","0","0","0","0","0","0","0.83","Mrigakshi","Jaiswal","",""
"Studio Back Body Blaze","2025-12-16, 11:00 AM","Supreme HQ, Bandra","Full Time","1120.58","0.00","0.00","0.00","0.00","1","0","0","0","0","0","0.95","Mrigakshi","Jaiswal","",""
"Studio FIT","2025-12-16, 9:30 AM","Supreme HQ, Bandra","Full Time","5504.06","0.00","0.00","0.00","0.00","10","0","0","0","0","0","0.92","Mrigakshi","Jaiswal","",""
"Studio FIT","2025-12-15, 7:30 PM","Supreme HQ, Bandra","Full Time","507.33","0.00","0.00","0.00","0.00","1","0","0","0","0","0","1.00","Mrigakshi","Jaiswal","",""
"Studio Barre 57","2025-12-15, 6:15 PM","Supreme HQ, Bandra","Full Time","0.00","0.00","0.00","0.00","0.00","2","0","0","0","0","2","0.95","Mrigakshi","Jaiswal","",""
"Strength Lab (Full Body)","2025-12-12, 11:00 AM","Kwality House, Kemps Corner","Full Time","635.23","0.00","0.00","0.00","0.00","1","0","0","0","0","0","1.00","Mrigakshi","Jaiswal","",""
"Studio FIT ( SUPER SETS )","2025-12-12, 9:00 AM","Kwality House, Kemps Corner","Full Time","4127.67","0.00","0.00","0.00","0.00","3","0","0","0","0","0","0.95","Mrigakshi","Jaiswal","",""
"Studio Back Body Blaze Express","2025-12-12, 7:30 AM","Kwality House, Kemps Corner","Full Time","1514.07","0.00","0.00","0.00","0.00","2","0","0","0","0","0","0.75","Mrigakshi","Jaiswal","",""
"Strength Lab (Pull) ","2025-12-11, 9:00 AM","Kwality House, Kemps Corner","Full Time","9059.92","0.00","0.00","0.00","0.00","8","7","0","0","1","0","1.00","Mrigakshi","Jaiswal","",""
"Studio Mat 57 Express","2025-12-11, 7:30 AM","Kwality House, Kemps Corner","Full Time","10680.17","0.00","0.00","0.00","0.00","11","10","0","0","1","0","0.75","Mrigakshi","Jaiswal","",""
"Studio Back Body Blaze Express","2025-12-10, 7:15 PM","Supreme HQ, Bandra","Full Time","11795.91","0.00","0.00","0.00","0.00","9","8","0","0","1","0","0.95","Mrigakshi","Jaiswal","",""
"powerCycle","2025-12-10, 6:00 PM","Supreme HQ, Bandra","Full Time","0.00","0.00","0.00","0.00","0.00","0","0","0","0","0","0","0.83","Mrigakshi","Jaiswal","",""
"Studio Back Body Blaze","2025-12-02, 11:00 AM","Supreme HQ, Bandra","Full Time","1241.29","0.00","0.00","0.00","0.00","2","2","0","0","0","0","0.95","Mrigakshi","Jaiswal","",""
"Studio FIT","2025-12-02, 9:30 AM","Supreme HQ, Bandra","Full Time","6351.97","0.00","0.00","0.00","0.00","10","10","0","0","0","0","0.92","Mrigakshi","Jaiswal","",""
"Studio FIT","2025-12-01, 7:30 PM","Supreme HQ, Bandra","Full Time","9290.32","0.00","0.00","0.00","0.00","8","7","0","0","1","0","1.00","Mrigakshi","Jaiswal","",""
"Studio Barre 57","2025-12-01, 6:15 PM","Supreme HQ, Bandra","Full Time","7363.54","0.00","0.00","0.00","0.00","8","8","0","0","0","1","0.95","Mrigakshi","Jaiswal","",""
"Physique 57 x Raman's Barre Hosted Class","2025-12-06, 11:30 AM","Kwality House, Kemps Corner","Senior Trainer","0.00","1750.00","0.00","1750.00","0.00","11","11","0","0","0","11","0.95","Pranjali","Jain","",""
"Physique 57 x Soundrise - BANDRA FORT","2025-12-07, 8:15 AM","Supreme HQ, Bandra","Senior Trainer","0.00","1750.00","0.00","1750.00","0.00","16","14","0","0","2","16","0.95","Pranjali","Jain","",""
"Studio Mat 57","2025-12-17, 7:15 PM","Kwality House, Kemps Corner","Senior Trainer","0.00","1750.00","0.00","1750.00","0.00","0","0","0","0","0","0","0.95","Pranjali","Jain","",""
"Studio Cardio Barre Express","2025-12-17, 6:15 PM","Kwality House, Kemps Corner","Senior Trainer","0.00","1750.00","0.00","1750.00","0.00","0","0","0","0","0","0","0.75","Pranjali","Jain","",""
"Studio Cardio Barre Express","2025-12-16, 10:15 AM","Kwality House, Kemps Corner","Senior Trainer","1316.88","1750.00","0.00","1750.00","0.00","1","0","0","0","0","0","0.75","Pranjali","Jain","",""
"Strength Lab (Full Body)","2025-12-16, 9:00 AM","Kwality House, Kemps Corner","Senior Trainer","1500.00","1750.00","0.00","1750.00","0.00","1","0","0","0","0","0","1.00","Pranjali","Jain","",""
"Studio FIT","2025-12-16, 7:30 AM","Kwality House, Kemps Corner","Senior Trainer","0.00","1750.00","0.00","1750.00","0.00","0","0","0","0","0","0","0.92","Pranjali","Jain","",""
"Studio Barre 57","2025-12-15, 6:45 PM","Kwality House, Kemps Corner","Senior Trainer","0.00","1750.00","0.00","1750.00","0.00","0","0","0","0","0","0","0.95","Pranjali","Jain","",""
"Studio Mat 57 Express","2025-12-15, 5:45 PM","Kwality House, Kemps Corner","Senior Trainer","0.00","1750.00","0.00","1750.00","0.00","0","0","0","0","0","0","0.75","Pranjali","Jain","",""
"Studio Recovery","2025-12-13, 12:30 PM","Kwality House, Kemps Corner","Senior Trainer","1500.00","1750.00","0.00","1750.00","0.00","1","0","0","0","0","0","0.50","Pranjali","Jain","",""
"Studio Barre 57","2025-12-13, 11:30 AM","Kwality House, Kemps Corner","Senior Trainer","0.00","1750.00","0.00","1750.00","0.00","0","0","0","0","0","0","0.95","Pranjali","Jain","",""
"Studio Mat 57","2025-12-13, 10:15 AM","Kwality House, Kemps Corner","Senior Trainer","4466.93","1750.00","0.00","1750.00","0.00","4","0","0","0","0","0","0.95","Pranjali","Jain","",""
"Studio Mat 57","2025-12-12, 11:00 AM","Supreme HQ, Bandra","Senior Trainer","2206.11","1750.00","0.00","1750.00","0.00","2","0","0","0","0","0","0.95","Pranjali","Jain","",""
"Studio Barre 57","2025-12-12, 9:30 AM","Supreme HQ, Bandra","Senior Trainer","2628.75","1750.00","0.00","1750.00","0.00","3","0","0","0","0","1","0.95","Pranjali","Jain","",""
"Studio Cardio Barre","2025-12-10, 10:15 AM","Kwality House, Kemps Corner","Senior Trainer","2740.79","1750.00","0.00","1750.00","0.00","5","5","0","0","0","2","0.95","Pranjali","Jain","",""
"Strength Lab (Pull) ","2025-12-10, 8:45 AM","Kwality House, Kemps Corner","Senior Trainer","838.69","1750.00","0.00","1750.00","0.00","1","1","0","0","0","0","1.00","Pranjali","Jain","",""
"Strength Lab (Push) ","2025-12-10, 7:30 AM","Kwality House, Kemps Corner","Senior Trainer","539.35","1750.00","0.00","1750.00","0.00","1","1","0","0","0","0","0.83","Pranjali","Jain","",""
"Studio Cardio Barre Express","2025-12-09, 10:15 AM","Kwality House, Kemps Corner","Senior Trainer","3595.93","1750.00","0.00","1750.00","0.00","5","5","0","0","0","1","0.75","Pranjali","Jain","",""
"Strength Lab (Full Body)","2025-12-09, 9:00 AM","Kwality House, Kemps Corner","Senior Trainer","4500.00","1750.00","0.00","1750.00","0.00","3","0","0","0","1","0","1.00","Pranjali","Jain","",""
"Studio FIT ( SUPER SETS )","2025-12-09, 7:30 AM","Kwality House, Kemps Corner","Senior Trainer","7267.21","1750.00","0.00","1750.00","0.00","7","7","0","0","0","0","0.92","Pranjali","Jain","",""
"Studio Barre 57","2025-12-08, 6:45 PM","Kwality House, Kemps Corner","Senior Trainer","15399.11","1750.00","0.00","1750.00","0.00","11","9","0","0","2","0","0.95","Pranjali","Jain","",""
"Studio Mat 57 Express","2025-12-08, 5:45 PM","Kwality House, Kemps Corner","Senior Trainer","8027.03","1750.00","0.00","1750.00","0.00","6","6","0","0","0","0","0.75","Pranjali","Jain","",""
"Studio Recovery","2025-12-06, 12:30 PM","Kwality House, Kemps Corner","Senior Trainer","3639.29","1750.00","0.00","1750.00","0.00","4","4","0","0","0","0","0.50","Pranjali","Jain","",""
"Studio Mat 57","2025-12-06, 10:15 AM","Kwality House, Kemps Corner","Senior Trainer","15461.15","1750.00","0.00","1750.00","0.00","17","15","0","0","2","0","0.95","Pranjali","Jain","",""
"Studio Mat 57","2025-12-05, 11:00 AM","Supreme HQ, Bandra","Senior Trainer","3359.16","1750.00","0.00","1750.00","0.00","5","3","0","0","2","0","0.95","Pranjali","Jain","",""
"Studio Barre 57","2025-12-05, 9:30 AM","Supreme HQ, Bandra","Senior Trainer","5118.87","1750.00","0.00","1750.00","0.00","7","7","0","0","0","3","0.95","Pranjali","Jain","",""
"Studio FIT","2025-12-04, 11:00 AM","Kwality House, Kemps Corner","Senior Trainer","1530.35","1750.00","0.00","1750.00","0.00","5","4","0","0","1","0","0.92","Pranjali","Jain","",""
"Strength Lab (Pull) ","2025-12-04, 9:00 AM","Kwality House, Kemps Corner","Senior Trainer","3302.88","1750.00","0.00","1750.00","0.00","4","3","0","0","1","0","1.00","Pranjali","Jain","",""
"Studio Mat 57 Express","2025-12-04, 7:30 AM","Kwality House, Kemps Corner","Senior Trainer","8092.03","1750.00","0.00","1750.00","0.00","8","8","0","0","0","0","0.75","Pranjali","Jain","",""
"Studio Mat 57","2025-12-03, 7:15 PM","Kwality House, Kemps Corner","Senior Trainer","3611.00","1750.00","0.00","1750.00","0.00","4","4","0","0","0","0","0.95","Pranjali","Jain","",""
"Studio Cardio Barre Express","2025-12-03, 6:15 PM","Kwality House, Kemps Corner","Senior Trainer","6528.90","1750.00","0.00","1750.00","0.00","6","5","0","0","1","0","0.75","Pranjali","Jain","",""
"Studio Cardio Barre Express","2025-12-02, 10:15 AM","Kwality House, Kemps Corner","Senior Trainer","1655.76","1750.00","0.00","1750.00","0.00","2","2","0","0","0","0","0.75","Pranjali","Jain","",""
"Strength Lab (Full Body)","2025-12-02, 9:00 AM","Kwality House, Kemps Corner","Senior Trainer","1849.55","1750.00","0.00","1750.00","0.00","3","3","0","0","0","0","1.00","Pranjali","Jain","",""
"Studio FIT","2025-12-02, 7:30 AM","Kwality House, Kemps Corner","Senior Trainer","4320.35","1750.00","0.00","1750.00","0.00","4","4","0","0","0","0","0.92","Pranjali","Jain","",""
"Studio Barre 57","2025-12-01, 6:45 PM","Kwality House, Kemps Corner","Senior Trainer","17360.18","1750.00","0.00","1750.00","0.00","14","12","0","0","2","1","0.95","Pranjali","Jain","",""
"Studio Mat 57 Express","2025-12-01, 5:45 PM","Kwality House, Kemps Corner","Senior Trainer","4885.57","1750.00","0.00","1750.00","0.00","6","5","0","0","1","0","0.75","Pranjali","Jain","",""
"powerCycle","2025-12-17, 10:30 AM","Supreme HQ, Bandra","Junior Trainer","0.00","1250.00","0.00","1250.00","0.00","0","0","0","0","0","0","0.83","Raunak","Khemuka","",""
"powerCycle Express","2025-12-16, 7:15 PM","Supreme HQ, Bandra","Junior Trainer","0.00","1250.00","0.00","1250.00","0.00","0","0","0","0","0","0","0.67","Raunak","Khemuka","",""
"powerCycle","2025-12-16, 6:00 PM","Supreme HQ, Bandra","Junior Trainer","0.00","1250.00","0.00","1250.00","0.00","0","0","0","0","0","0","0.83","Raunak","Khemuka","",""
"powerCycle","2025-12-14, 10:00 AM","Kwality House, Kemps Corner","Junior Trainer","0.00","1250.00","0.00","1250.00","0.00","0","0","0","0","0","0","0.83","Raunak","Khemuka","",""
"powerCycle","2025-12-12, 8:00 AM","Supreme HQ, Bandra","Junior Trainer","0.00","1250.00","0.00","1250.00","0.00","0","0","0","0","0","0","0.83","Raunak","Khemuka","",""
"powerCycle ( Only Legends )","2025-12-10, 10:30 AM","Supreme HQ, Bandra","Junior Trainer","1433.65","1250.00","0.00","1250.00","0.00","1","1","0","0","0","0","0.83","Raunak","Khemuka","",""
"powerCycle Express ( Only Legends )","2025-12-09, 7:15 PM","Supreme HQ, Bandra","Junior Trainer","5036.81","1250.00","0.00","1250.00","0.00","5","5","0","0","0","0","0.67","Raunak","Khemuka","",""
"powerCycle","2025-12-09, 6:00 PM","Supreme HQ, Bandra","Junior Trainer","2634.34","1250.00","0.00","1250.00","0.00","3","2","0","0","1","0","0.83","Raunak","Khemuka","",""
"powerCycle","2025-12-07, 10:00 AM","Kwality House, Kemps Corner","Junior Trainer","4512.68","1250.00","0.00","1250.00","0.00","5","5","0","0","0","0","0.83","Raunak","Khemuka","",""
"powerCycle ( Rock vs Techno )","2025-12-05, 8:00 AM","Supreme HQ, Bandra","Junior Trainer","3075.00","1250.00","0.00","1250.00","0.00","2","2","0","0","0","0","0.83","Raunak","Khemuka","",""
"powerCycle","2025-12-04, 7:15 PM","Kwality House, Kemps Corner","Junior Trainer","1500.00","1250.00","0.00","1250.00","0.00","1","1","0","0","0","0","0.83","Raunak","Khemuka","",""
"powerCycle","2025-12-04, 5:45 PM","Kwality House, Kemps Corner","Junior Trainer","6873.55","1250.00","0.00","1250.00","0.00","7","6","0","0","1","0","0.83","Raunak","Khemuka","",""
"powerCycle","2025-12-03, 10:30 AM","Supreme HQ, Bandra","Junior Trainer","2618.84","1250.00","0.00","1250.00","0.00","3","3","0","0","0","1","0.83","Raunak","Khemuka","",""
"powerCycle","2025-12-01, 10:00 AM","Supreme HQ, Bandra","Junior Trainer","2839.89","1250.00","0.00","1250.00","0.00","3","3","0","0","0","0","0.83","Raunak","Khemuka","",""
"powerCycle","2025-12-01, 8:45 AM","Supreme HQ, Bandra","Junior Trainer","3691.88","1250.00","0.00","1250.00","0.00","3","1","0","0","2","0","0.83","Raunak","Khemuka","",""
"powerCycle","2025-12-17, 7:30 PM","Kwality House, Kemps Corner","Standard Trainer","0.00","1500.00","0.00","1500.00","0.00","0","0","0","0","0","0","0.83","Reshma","Sharma","",""
"Strength Lab (Push) ","2025-12-17, 6:00 PM","Kwality House, Kemps Corner","Standard Trainer","0.00","1500.00","0.00","1500.00","0.00","0","0","0","0","0","0","1.00","Reshma","Sharma","",""
"Studio Mat 57","2025-12-16, 11:00 AM","Kwality House, Kemps Corner","Standard Trainer","0.00","1500.00","0.00","1500.00","0.00","0","0","0","0","0","0","0.95","Reshma","Sharma","",""
"Studio Amped Up! ( Circle Circus )","2025-12-16, 8:30 AM","Kwality House, Kemps Corner","Standard Trainer","0.00","1500.00","0.00","1500.00","0.00","0","0","0","0","0","0","0.95","Reshma","Sharma","",""
"Studio Cardio Barre Plus","2025-12-15, 11:30 AM","Kwality House, Kemps Corner","Standard Trainer","0.00","1500.00","0.00","1500.00","0.00","0","0","0","0","0","0","0.95","Reshma","Sharma","",""
"Strength Lab (Push) ","2025-12-15, 9:15 AM","Kwality House, Kemps Corner","Standard Trainer","0.00","1500.00","0.00","1500.00","0.00","0","0","0","0","0","0","1.00","Reshma","Sharma","",""
"powerCycle","2025-12-15, 8:00 AM","Kwality House, Kemps Corner","Standard Trainer","0.00","1500.00","0.00","1500.00","0.00","0","0","0","0","0","0","0.83","Reshma","Sharma","",""
"powerCycle Express","2025-12-14, 11:30 AM","Supreme HQ, Bandra","Standard Trainer","0.00","1500.00","0.00","1500.00","0.00","0","0","0","0","0","0","0.67","Reshma","Sharma","",""
"powerCycle","2025-12-14, 10:00 AM","Supreme HQ, Bandra","Standard Trainer","1573.26","1500.00","0.00","1500.00","0.00","2","0","0","0","0","0","0.67","Reshma","Sharma","",""
"Strength Lab (Push) ","2025-12-13, 11:30 AM","Kwality House, Kemps Corner","Standard Trainer","3075.00","1500.00","0.00","1500.00","0.00","2","0","0","0","0","0","1.00","Reshma","Sharma","",""
"Studio Barre 57","2025-12-13, 10:15 AM","Kwality House, Kemps Corner","Standard Trainer","8585.32","1500.00","0.00","1500.00","0.00","10","0","0","0","0","4","0.95","Reshma","Sharma","",""
"Strength Lab (Push) ","2025-12-13, 9:00 AM","Kwality House, Kemps Corner","Standard Trainer","868.30","1500.00","0.00","1500.00","0.00","3","0","0","0","0","0","1.00","Reshma","Sharma","",""
"powerCycle","2025-12-10, 7:30 PM","Kwality House, Kemps Corner","Standard Trainer","5858.25","1500.00","0.00","1500.00","0.00","5","5","0","0","0","0","0.83","Reshma","Sharma","",""
"Strength Lab (Push) ","2025-12-10, 6:00 PM","Kwality House, Kemps Corner","Standard Trainer","3000.00","1500.00","0.00","1500.00","0.00","2","2","0","0","0","0","1.00","Reshma","Sharma","",""
"Studio Mat 57","2025-12-09, 11:00 AM","Kwality House, Kemps Corner","Standard Trainer","13317.93","1500.00","0.00","1500.00","0.00","15","14","0","0","1","2","0.95","Reshma","Sharma","",""
"Studio Amped Up! ( Endurance challenge )","2025-12-09, 8:30 AM","Kwality House, Kemps Corner","Standard Trainer","6794.01","1500.00","0.00","1500.00","0.00","9","7","0","0","2","0","0.95","Reshma","Sharma","",""
"Studio Cardio Barre Plus","2025-12-08, 11:30 AM","Kwality House, Kemps Corner","Standard Trainer","3211.77","1500.00","0.00","1500.00","0.00","7","7","0","0","0","0","0.95","Reshma","Sharma","",""
"Strength Lab (Push) ","2025-12-08, 9:15 AM","Kwality House, Kemps Corner","Standard Trainer","1288.92","1500.00","0.00","1500.00","0.00","1","1","0","0","0","0","1.00","Reshma","Sharma","",""
"powerCycle","2025-12-08, 8:00 AM","Kwality House, Kemps Corner","Standard Trainer","4149.60","1500.00","0.00","1500.00","0.00","6","6","0","0","0","0","0.83","Reshma","Sharma","",""
"Physique 57 x Denver's Birthday Barre","2025-12-06, 1:00 PM","Supreme HQ, Bandra","Sr. Sr Trainer","0.00","2000.00","0.00","2000.00","0.00","9","9","0","0","0","9","0.95","Richard ","D'Costa","",""
"Studio Cardio Barre","2025-12-18, 10:15 AM","Kwality House, Kemps Corner","Sr. Sr Trainer","0.00","2000.00","0.00","2000.00","0.00","0","0","0","0","0","0","0.95","Richard ","D'Costa","",""
"Studio Barre 57","2025-12-18, 9:00 AM","Kwality House, Kemps Corner","Sr. Sr Trainer","0.00","2000.00","0.00","2000.00","0.00","0","0","0","0","0","0","0.95","Richard ","D'Costa","",""
"Strength Lab (Push) ","2025-12-18, 7:15 AM","Kwality House, Kemps Corner","Sr. Sr Trainer","0.00","2000.00","0.00","2000.00","0.00","0","0","0","0","0","0","1.00","Richard ","D'Costa","",""
"powerCycle","2025-12-16, 10:30 AM","Kwality House, Kemps Corner","Sr. Sr Trainer","0.00","2000.00","0.00","2000.00","0.00","0","0","0","0","0","0","0.83","Richard ","D'Costa","",""
"Studio Barre 57","2025-12-16, 9:00 AM","Kwality House, Kemps Corner","Sr. Sr Trainer","0.00","2000.00","0.00","2000.00","0.00","0","0","0","0","0","0","0.95","Richard ","D'Costa","",""
"powerCycle","2025-12-16, 7:30 AM","Kwality House, Kemps Corner","Sr. Sr Trainer","0.00","2000.00","0.00","2000.00","0.00","0","0","0","0","0","0","0.83","Richard ","D'Costa","",""
"powerCycle","2025-12-14, 6:30 PM","Supreme HQ, Bandra","Sr. Sr Trainer","0.00","2000.00","0.00","2000.00","0.00","0","0","0","0","0","0","0.67","Richard ","D'Costa","",""
"Studio Barre 57","2025-12-14, 5:00 PM","Supreme HQ, Bandra","Sr. Sr Trainer","0.00","2000.00","0.00","2000.00","0.00","2","0","0","0","0","2","0.95","Richard ","D'Costa","",""
"powerCycle","2025-12-13, 6:30 PM","Kwality House, Kemps Corner","Sr. Sr Trainer","0.00","2000.00","0.00","2000.00","0.00","0","0","0","0","0","0","0.83","Richard ","D'Costa","",""
"Strength Lab (Full Body)","2025-12-13, 5:00 PM","Kwality House, Kemps Corner","Sr. Sr Trainer","0.00","2000.00","0.00","2000.00","0.00","0","0","0","0","0","0","1.00","Richard ","D'Costa","",""
"Studio Cardio Barre","2025-12-12, 11:15 AM","Kwality House, Kemps Corner","Sr. Sr Trainer","2721.26","2000.00","0.00","2000.00","0.00","2","0","0","0","0","0","1.00","Richard ","D'Costa","",""
"Studio Barre 57","2025-12-12, 8:30 AM","Kwality House, Kemps Corner","Sr. Sr Trainer","2287.50","2000.00","0.00","2000.00","0.00","5","0","0","0","0","3","0.95","Richard ","D'Costa","",""
"Studio Cardio Barre","2025-12-11, 10:15 AM","Kwality House, Kemps Corner","Sr. Sr Trainer","3863.61","2000.00","0.00","2000.00","0.00","4","4","0","0","0","0","0.95","Richard ","D'Costa","",""
"Studio Barre 57","2025-12-11, 9:00 AM","Kwality House, Kemps Corner","Sr. Sr Trainer","6719.55","2000.00","0.00","2000.00","0.00","6","6","0","0","0","0","0.95","Richard ","D'Costa","",""
"Strength Lab (Push) ","2025-12-11, 7:15 AM","Kwality House, Kemps Corner","Sr. Sr Trainer","14.07","2000.00","0.00","2000.00","0.00","1","1","0","0","0","0","1.00","Richard ","D'Costa","",""
"powerCycle","2025-12-09, 10:30 AM","Kwality House, Kemps Corner","Sr. Sr Trainer","1590.01","2000.00","0.00","2000.00","0.00","2","2","0","0","0","0","0.83","Richard ","D'Costa","",""
"Studio Barre 57","2025-12-09, 9:00 AM","Kwality House, Kemps Corner","Sr. Sr Trainer","9826.66","2000.00","0.00","2000.00","0.00","8","8","0","0","0","0","0.95","Richard ","D'Costa","",""
"powerCycle","2025-12-09, 7:30 AM","Kwality House, Kemps Corner","Sr. Sr Trainer","3030.00","2000.00","0.00","2000.00","0.00","5","5","0","0","0","1","0.83","Richard ","D'Costa","",""
"Studio FIT ( SUPER SETS )","2025-12-08, 7:30 PM","Supreme HQ, Bandra","Sr. Sr Trainer","9453.54","2000.00","0.00","2000.00","0.00","11","10","0","0","1","0","1.00","Richard ","D'Costa","",""
"Studio Barre 57","2025-12-08, 6:15 PM","Supreme HQ, Bandra","Sr. Sr Trainer","3936.22","2000.00","0.00","2000.00","0.00","3","3","0","0","0","0","0.95","Richard ","D'Costa","",""
"Studio Barre 57","2025-12-07, 11:30 AM","Kwality House, Kemps Corner","Sr. Sr Trainer","11825.60","2000.00","0.00","2000.00","0.00","10","7","0","0","3","0","1.00","Richard ","D'Costa","",""
"Strength Lab (Full Body)","2025-12-07, 10:00 AM","Kwality House, Kemps Corner","Sr. Sr Trainer","2290.99","2000.00","0.00","2000.00","0.00","3","2","0","0","1","0","1.00","Richard ","D'Costa","",""
"powerCycle","2025-12-06, 6:30 PM","Kwality House, Kemps Corner","Sr. Sr Trainer","6884.80","2000.00","0.00","2000.00","0.00","7","7","0","0","0","0","0.83","Richard ","D'Costa","",""
"Strength Lab (Full Body)","2025-12-06, 5:00 PM","Kwality House, Kemps Corner","Sr. Sr Trainer","5566.18","2000.00","0.00","2000.00","0.00","4","4","0","0","0","0","1.00","Richard ","D'Costa","",""
"Strength Lab (Full Body)","2025-12-05, 11:00 AM","Kwality House, Kemps Corner","Sr. Sr Trainer","2833.26","2000.00","0.00","2000.00","0.00","3","2","0","0","1","0","1.00","Richard ","D'Costa","",""
"Studio FIT","2025-12-05, 9:00 AM","Kwality House, Kemps Corner","Sr. Sr Trainer","1703.31","2000.00","0.00","2000.00","0.00","5","4","0","0","1","1","0.95","Richard ","D'Costa","",""
"Studio Back Body Blaze Express","2025-12-05, 7:30 AM","Kwality House, Kemps Corner","Sr. Sr Trainer","5146.36","2000.00","0.00","2000.00","0.00","7","6","0","0","1","0","0.75","Richard ","D'Costa","",""
"Studio Cardio Barre","2025-12-03, 7:30 AM","Supreme HQ, Bandra","Sr. Sr Trainer","6848.24","2000.00","0.00","2000.00","0.00","7","6","0","0","1","0","0.95","Richard ","D'Costa","",""
"Studio Cardio Barre","2025-12-04, 10:15 AM","Kwality House, Kemps Corner","Sr. Sr Trainer","1857.08","2000.00","0.00","2000.00","0.00","6","4","0","0","2","0","0.95","Richard ","D'Costa","",""
"Studio Barre 57","2025-12-04, 9:00 AM","Kwality House, Kemps Corner","Sr. Sr Trainer","8673.19","2000.00","0.00","2000.00","0.00","9","8","0","0","1","1","0.95","Richard ","D'Costa","",""
"Strength Lab (Push) ","2025-12-04, 7:15 AM","Kwality House, Kemps Corner","Sr. Sr Trainer","0.00","2000.00","0.00","2000.00","0.00","0","0","0","0","0","0","1.00","Richard ","D'Costa","",""
"Studio FIT","2025-12-03, 11:00 AM","Supreme HQ, Bandra","Sr. Sr Trainer","3575.65","2000.00","0.00","2000.00","0.00","3","2","0","0","1","0","0.95","Richard ","D'Costa","",""
"Studio Back Body Blaze","2025-12-03, 8:45 AM","Supreme HQ, Bandra","Sr. Sr Trainer","170.36","2000.00","0.00","2000.00","0.00","2","2","0","0","0","0","0.95","Richard ","D'Costa","",""
"powerCycle","2025-12-02, 10:30 AM","Kwality House, Kemps Corner","Sr. Sr Trainer","1560.14","2000.00","0.00","2000.00","0.00","2","2","0","0","0","0","0.83","Richard ","D'Costa","",""
"Studio Barre 57","2025-12-02, 9:00 AM","Kwality House, Kemps Corner","Sr. Sr Trainer","6473.57","2000.00","0.00","2000.00","0.00","8","8","0","0","0","0","0.95","Richard ","D'Costa","",""
"powerCycle","2025-12-02, 7:30 AM","Kwality House, Kemps Corner","Sr. Sr Trainer","5777.31","2000.00","0.00","2000.00","0.00","6","4","0","0","2","0","0.83","Richard ","D'Costa","",""
"Physique 57 x The Kin Club","2025-12-14, 8:45 AM","Kwality House, Kemps Corner","Sr. Sr Trainer","11400.00","2000.00","0.00","2000.00","0.00","6","0","0","0","0","0","0.83","Rohan","Dahima","",""
"powerCycle","2025-12-17, 8:00 AM","Kwality House, Kemps Corner","Sr. Sr Trainer","0.00","2000.00","0.00","2000.00","0.00","0","0","0","0","0","0","0.83","Rohan","Dahima","",""
"powerCycle Express","2025-12-18, 10:30 AM","Supreme HQ, Bandra","Sr. Sr Trainer","0.00","2000.00","0.00","2000.00","0.00","0","0","0","0","0","0","0.67","Rohan","Dahima","",""
"Studio Barre 57","2025-12-18, 9:00 AM","Supreme HQ, Bandra","Sr. Sr Trainer","0.00","2000.00","0.00","2000.00","0.00","0","0","0","0","0","0","0.95","Rohan","Dahima","",""
"Studio FIT","2025-12-18, 7:15 AM","Supreme HQ, Bandra","Sr. Sr Trainer","2917.50","2000.00","0.00","2000.00","0.00","2","0","0","0","0","0","1.00","Rohan","Dahima","",""
"Studio Barre 57","2025-12-17, 11:30 AM","Kwality House, Kemps Corner","Sr. Sr Trainer","0.00","2000.00","0.00","2000.00","0.00","0","0","0","0","0","0","0.95","Rohan","Dahima","",""
"Studio Barre 57","2025-12-17, 9:15 AM","Kwality House, Kemps Corner","Sr. Sr Trainer","0.00","2000.00","0.00","2000.00","0.00","0","0","0","0","0","0","0.95","Rohan","Dahima","",""
"powerCycle","2025-12-16, 7:15 PM","Kwality House, Kemps Corner","Sr. Sr Trainer","3000.00","2000.00","0.00","2000.00","0.00","3","0","0","0","0","1","0.83","Rohan","Dahima","",""
"Studio Barre 57","2025-12-16, 5:45 PM","Kwality House, Kemps Corner","Sr. Sr Trainer","0.00","2000.00","0.00","2000.00","0.00","0","0","0","0","0","0","0.95","Rohan","Dahima","",""
"Studio Barre 57","2025-12-14, 11:30 AM","Kwality House, Kemps Corner","Sr. Sr Trainer","4221.26","2000.00","0.00","2000.00","0.00","3","0","0","0","0","0","1.00","Rohan","Dahima","",""
"Strength Lab (Full Body)","2025-12-14, 10:00 AM","Kwality House, Kemps Corner","Sr. Sr Trainer","7223.22","2000.00","0.00","2000.00","0.00","7","0","0","0","0","1","1.00","Rohan","Dahima","",""
"powerCycle ( Boy Bands )","2025-12-13, 11:00 AM","Supreme HQ, Bandra","Sr. Sr Trainer","4029.86","2000.00","0.00","2000.00","0.00","5","0","0","0","0","0","0.83","Rohan","Dahima","",""
"powerCycle","2025-12-13, 9:30 AM","Supreme HQ, Bandra","Sr. Sr Trainer","10.42","2000.00","0.00","2000.00","0.00","1","0","0","0","0","0","0.83","Rohan","Dahima","",""
"powerCycle Express","2025-12-12, 7:15 PM","Kwality House, Kemps Corner","Sr. Sr Trainer","2910.55","2000.00","0.00","2000.00","0.00","2","0","0","0","0","0","0.67","Rohan","Dahima","",""
"Strength Lab (Full Body)","2025-12-12, 6:00 PM","Kwality House, Kemps Corner","Sr. Sr Trainer","161.70","2000.00","0.00","2000.00","0.00","1","0","0","0","0","0","1.00","Rohan","Dahima","",""
"powerCycle Express ( PolyJAMourous )","2025-12-11, 10:30 AM","Supreme HQ, Bandra","Sr. Sr Trainer","5131.25","2000.00","0.00","2000.00","0.00","6","5","0","0","1","0","0.67","Rohan","Dahima","",""
"Studio Barre 57","2025-12-11, 9:00 AM","Supreme HQ, Bandra","Sr. Sr Trainer","2870.02","2000.00","0.00","2000.00","0.00","3","3","0","0","0","0","0.95","Rohan","Dahima","",""
"Studio FIT ( SUPER SETS )","2025-12-11, 7:15 AM","Supreme HQ, Bandra","Sr. Sr Trainer","12085.72","2000.00","0.00","2000.00","0.00","10","9","0","0","1","0","1.00","Rohan","Dahima","",""
"powerCycle","2025-12-02, 7:15 PM","Kwality House, Kemps Corner","Sr. Sr Trainer","11891.58","2000.00","0.00","2000.00","0.00","11","9","0","0","2","0","0.83","Rohan","Dahima","",""
"Studio Barre 57","2025-12-02, 5:45 PM","Kwality House, Kemps Corner","Sr. Sr Trainer","16053.42","2000.00","0.00","2000.00","0.00","17","17","0","0","0","2","0.95","Rohan","Dahima","",""
"Studio Cardio Barre Plus","2025-12-01, 11:30 AM","Kwality House, Kemps Corner","Sr. Sr Trainer","2105.60","2000.00","0.00","2000.00","0.00","6","6","0","0","0","0","0.95","Rohan","Dahima","",""
"Strength Lab (Push) ","2025-12-01, 9:15 AM","Kwality House, Kemps Corner","Sr. Sr Trainer","3262.66","2000.00","0.00","2000.00","0.00","3","3","0","0","0","0","1.00","Rohan","Dahima","",""
"powerCycle","2025-12-01, 8:00 AM","Kwality House, Kemps Corner","Sr. Sr Trainer","6786.16","2000.00","0.00","2000.00","0.00","6","6","0","0","0","0","0.83","Rohan","Dahima","",""
"Studio Barre 57","2025-12-17, 7:15 PM","Supreme HQ, Bandra","Junior Trainer","0.00","1250.00","0.00","1250.00","0.00","0","0","0","0","0","0","0.95","Simonelle","De Vitre","",""
"Studio Cardio Barre Express","2025-12-17, 6:00 PM","Supreme HQ, Bandra","Junior Trainer","0.00","1250.00","0.00","1250.00","0.00","0","0","0","0","0","0","0.75","Simonelle","De Vitre","",""
"Studio Recovery","2025-12-16, 8:00 PM","Supreme HQ, Bandra","Junior Trainer","0.00","1250.00","0.00","1250.00","0.00","0","0","0","0","0","0","0.50","Simonelle","De Vitre","",""
"Studio Barre 57","2025-12-16, 7:00 PM","Supreme HQ, Bandra","Junior Trainer","0.00","1250.00","0.00","1250.00","0.00","0","0","0","0","0","0","0.95","Simonelle","De Vitre","",""
"Studio Mat 57","2025-12-16, 5:45 PM","Supreme HQ, Bandra","Junior Trainer","0.00","1250.00","0.00","1250.00","0.00","0","0","0","0","0","0","0.95","Simonelle","De Vitre","",""
"Studio Barre 57","2025-12-15, 10:00 AM","Kwality House, Kemps Corner","Junior Trainer","0.00","1250.00","0.00","1250.00","0.00","0","0","0","0","0","0","0.95","Simonelle","De Vitre","",""
"Studio Barre 57","2025-12-15, 7:30 AM","Kwality House, Kemps Corner","Junior Trainer","0.00","1250.00","0.00","1250.00","0.00","0","0","0","0","0","0","0.95","Simonelle","De Vitre","",""
"Studio Cardio Barre","2025-12-13, 6:15 PM","Supreme HQ, Bandra","Junior Trainer","0.00","1250.00","0.00","1250.00","0.00","0","0","0","0","0","0","0.95","Simonelle","De Vitre","",""
"Studio Cardio Barre","2025-12-12, 7:15 PM","Supreme HQ, Bandra","Junior Trainer","0.00","1250.00","0.00","1250.00","0.00","0","0","0","0","0","0","1.00","Simonelle","De Vitre","",""
"Studio Barre 57","2025-12-12, 6:00 PM","Supreme HQ, Bandra","Junior Trainer","0.00","1250.00","0.00","1250.00","0.00","0","0","0","0","0","0","0.95","Simonelle","De Vitre","",""
"Studio Barre 57","2025-12-10, 7:15 PM","Supreme HQ, Bandra","Junior Trainer","4410.80","1250.00","0.00","1250.00","0.00","6","5","0","0","1","0","0.95","Simonelle","De Vitre","",""
"Studio Cardio Barre Express","2025-12-10, 6:00 PM","Supreme HQ, Bandra","Junior Trainer","1551.33","1250.00","0.00","1250.00","0.00","2","2","0","0","0","0","0.75","Simonelle","De Vitre","",""
"Studio Recovery","2025-12-09, 8:00 PM","Supreme HQ, Bandra","Junior Trainer","1500.00","1250.00","0.00","1250.00","0.00","2","2","0","0","0","1","0.50","Simonelle","De Vitre","",""
"Studio Barre 57","2025-12-09, 7:00 PM","Supreme HQ, Bandra","Junior Trainer","3893.36","1250.00","0.00","1250.00","0.00","4","4","0","0","0","1","0.95","Simonelle","De Vitre","",""
"Studio Mat 57","2025-12-09, 5:45 PM","Supreme HQ, Bandra","Junior Trainer","2022.34","1250.00","0.00","1250.00","0.00","3","2","0","0","1","0","0.95","Simonelle","De Vitre","",""
"Studio Barre 57","2025-12-08, 10:00 AM","Kwality House, Kemps Corner","Junior Trainer","2715.54","1250.00","0.00","1250.00","0.00","3","3","0","0","0","0","0.95","Simonelle","De Vitre","",""
"Studio Barre 57","2025-12-08, 7:30 AM","Kwality House, Kemps Corner","Junior Trainer","6683.90","1250.00","0.00","1250.00","0.00","9","9","0","0","0","1","0.95","Simonelle","De Vitre","",""
"powerCycle ( Retro -Future Nostalgia )","2025-12-07, 6:30 PM","Supreme HQ, Bandra","Junior Trainer","2388.04","1250.00","0.00","1250.00","0.00","3","2","0","0","1","0","0.67","Simonelle","De Vitre","",""
"Studio Barre 57","2025-12-07, 5:00 PM","Supreme HQ, Bandra","Junior Trainer","3165.85","1250.00","0.00","1250.00","0.00","5","5","0","0","0","2","0.95","Simonelle","De Vitre","",""
"Studio Cardio Barre","2025-12-06, 6:15 PM","Supreme HQ, Bandra","Junior Trainer","1770.62","1250.00","0.00","1250.00","0.00","2","2","0","0","0","0","0.95","Simonelle","De Vitre","",""
"Studio Barre 57","2025-12-05, 5:45 PM","Kwality House, Kemps Corner","Junior Trainer","9488.99","1250.00","0.00","1250.00","0.00","9","9","0","0","0","1","0.95","Simonelle","De Vitre","",""
"Studio Barre 57","2025-12-03, 7:15 PM","Supreme HQ, Bandra","Junior Trainer","4242.55","1250.00","0.00","1250.00","0.00","8","7","0","0","1","2","0.95","Simonelle","De Vitre","",""
"Studio Cardio Barre Express","2025-12-03, 6:00 PM","Supreme HQ, Bandra","Junior Trainer","4119.34","1250.00","0.00","1250.00","0.00","4","3","0","0","1","1","0.75","Simonelle","De Vitre","",""
"Studio Cardio Barre","2025-12-03, 10:15 AM","Supreme HQ, Bandra","Junior Trainer","2816.88","1250.00","0.00","1250.00","0.00","2","1","0","0","1","0","0.95","Simonelle","De Vitre","",""
"Studio Barre 57","2025-12-03, 9:00 AM","Supreme HQ, Bandra","Junior Trainer","3522.50","1250.00","0.00","1250.00","0.00","3","3","0","0","0","0","0.95","Simonelle","De Vitre","",""
"Studio Recovery","2025-12-02, 8:00 PM","Supreme HQ, Bandra","Junior Trainer","8011.18","1250.00","0.00","1250.00","0.00","10","9","0","0","1","1","0.50","Simonelle","De Vitre","",""
"Studio Barre 57","2025-12-02, 7:00 PM","Supreme HQ, Bandra","Junior Trainer","7696.25","1250.00","0.00","1250.00","0.00","8","8","0","0","0","1","0.95","Simonelle","De Vitre","",""
"Studio Mat 57","2025-12-02, 5:45 PM","Supreme HQ, Bandra","Junior Trainer","4025.04","1250.00","0.00","1250.00","0.00","5","5","0","0","0","1","0.95","Simonelle","De Vitre","",""
"Studio Barre 57","2025-12-01, 10:00 AM","Kwality House, Kemps Corner","Junior Trainer","10820.95","1250.00","0.00","1250.00","0.00","10","9","0","0","1","2","0.95","Simonelle","De Vitre","",""
"Studio Barre 57","2025-12-01, 7:30 AM","Kwality House, Kemps Corner","Junior Trainer","2116.87","1250.00","0.00","1250.00","0.00","5","5","0","0","0","1","0.95","Simonelle","De Vitre","",""
"Studio Cardio Barre","2025-12-17, 10:15 AM","Supreme HQ, Bandra","Junior Trainer","0.00","1250.00","0.00","1250.00","0.00","0","0","0","0","0","0","0.95","Simran","Dutt","",""
"Studio Barre 57","2025-12-17, 9:00 AM","Supreme HQ, Bandra","Junior Trainer","0.00","1250.00","0.00","1250.00","0.00","0","0","0","0","0","0","0.95","Simran","Dutt","",""
"Studio Barre 57","2025-12-15, 11:30 AM","Supreme HQ, Bandra","Junior Trainer","1120.58","1250.00","0.00","1250.00","0.00","1","0","0","0","0","0","0.95","Simran","Dutt","",""
"Studio Barre 57","2025-12-15, 9:45 AM","Supreme HQ, Bandra","Junior Trainer","1777.62","1250.00","0.00","1250.00","0.00","2","0","0","0","0","0","0.95","Simran","Dutt","",""
"Studio Mat 57","2025-12-14, 5:15 PM","Kwality House, Kemps Corner","Junior Trainer","1500.00","1250.00","0.00","1250.00","0.00","1","0","0","0","0","0","0.95","Simran","Dutt","",""
"Studio Barre 57","2025-12-14, 4:00 PM","Kwality House, Kemps Corner","Junior Trainer","0.00","1250.00","0.00","1250.00","0.00","0","0","0","0","0","0","1.00","Simran","Dutt","",""
"Studio Barre 57","2025-12-13, 5:30 PM","Kwality House, Kemps Corner","Junior Trainer","0.00","1250.00","0.00","1250.00","0.00","0","0","0","0","0","0","0.95","Simran","Dutt","",""
"Studio Cardio Barre Express","2025-12-13, 4:30 PM","Kwality House, Kemps Corner","Junior Trainer","0.00","1250.00","0.00","1250.00","0.00","0","0","0","0","0","0","0.75","Simran","Dutt","",""
"Studio Cardio Barre","2025-12-10, 10:15 AM","Supreme HQ, Bandra","Junior Trainer","0.00","1250.00","0.00","1250.00","0.00","0","0","0","0","0","0","0.95","Simran","Dutt","",""
"Studio Barre 57","2025-12-10, 9:00 AM","Supreme HQ, Bandra","Junior Trainer","4118.84","1250.00","0.00","1250.00","0.00","3","2","0","0","1","0","0.95","Simran","Dutt","",""
"Studio Barre 57","2025-12-08, 11:30 AM","Supreme HQ, Bandra","Junior Trainer","3509.30","1250.00","0.00","1250.00","0.00","3","3","0","0","0","0","0.95","Simran","Dutt","",""
"Studio Mat 57","2025-12-07, 5:15 PM","Kwality House, Kemps Corner","Junior Trainer","5249.24","1250.00","0.00","1250.00","0.00","4","3","0","0","1","0","0.95","Simran","Dutt","",""
"Studio Barre 57","2025-12-07, 4:00 PM","Kwality House, Kemps Corner","Junior Trainer","5927.92","1250.00","0.00","1250.00","0.00","5","4","0","0","1","0","1.00","Simran","Dutt","",""
"Studio Barre 57","2025-12-06, 5:30 PM","Kwality House, Kemps Corner","Junior Trainer","6089.60","1250.00","0.00","1250.00","0.00","5","5","0","0","0","0","0.95","Simran","Dutt","",""
"Studio Cardio Barre Express","2025-12-06, 4:30 PM","Kwality House, Kemps Corner","Junior Trainer","2727.43","1250.00","0.00","1250.00","0.00","2","1","0","0","1","0","0.75","Simran","Dutt","",""
"Studio Cardio Barre","2025-12-05, 11:15 AM","Kwality House, Kemps Corner","Junior Trainer","1679.87","1250.00","0.00","1250.00","0.00","5","5","0","0","0","0","1.00","Simran","Dutt","",""
"Studio Barre 57","2025-12-05, 8:30 AM","Kwality House, Kemps Corner","Junior Trainer","6671.23","1250.00","0.00","1250.00","0.00","8","6","0","0","1","2","0.95","Simran","Dutt","",""
"Studio Barre 57","2025-12-04, 7:15 PM","Kwality House, Kemps Corner","Junior Trainer","6870.04","1250.00","0.00","1250.00","0.00","7","7","0","0","0","0","0.95","Simran","Dutt","",""
"Studio Barre 57","2025-12-08, 9:45 AM","Supreme HQ, Bandra","Junior Trainer","1500.00","1250.00","0.00","1250.00","0.00","1","1","0","0","0","0","0.95","Simran","Dutt","",""
"Studio Barre 57","2025-12-01, 9:45 AM","Supreme HQ, Bandra","Junior Trainer","1843.63","1250.00","0.00","1250.00","0.00","2","2","0","0","0","0","0.95","Simran","Dutt","",""
"Studio Barre 57","2025-12-03, 7:00 PM","Kwality House, Kemps Corner","Junior Trainer","11524.90","1250.00","0.00","1250.00","0.00","11","10","0","0","1","1","0.95","Simran","Dutt","",""
"Studio Barre 57","2025-12-03, 5:45 PM","Kwality House, Kemps Corner","Junior Trainer","1510.42","1250.00","0.00","1250.00","0.00","2","2","0","0","0","0","0.95","Simran","Dutt","",""
"Studio Barre 57","2025-12-01, 11:30 AM","Supreme HQ, Bandra","Junior Trainer","2941.99","1250.00","0.00","1250.00","0.00","3","3","0","0","0","0","0.95","Simran","Dutt","",""
"Studio FIT","2025-12-18, 11:00 AM","Kwality House, Kemps Corner","Full Time","0.00","0.00","0.00","0.00","0.00","0","0","0","0","0","0","0.92","Vivaran","Dhasmana","",""
"powerCycle","2025-12-18, 9:30 AM","Kwality House, Kemps Corner","Full Time","0.00","0.00","0.00","0.00","0.00","0","0","0","0","0","0","0.83","Vivaran","Dhasmana","",""
"powerCycle","2025-12-18, 8:00 AM","Kwality House, Kemps Corner","Full Time","1500.00","0.00","0.00","0.00","0.00","1","0","0","0","0","0","0.83","Vivaran","Dhasmana","",""
"Studio FIT","2025-12-17, 11:00 AM","Supreme HQ, Bandra","Full Time","1120.58","0.00","0.00","0.00","0.00","1","0","0","0","0","0","0.95","Vivaran","Dhasmana","",""
"Studio Back Body Blaze","2025-12-17, 8:45 AM","Supreme HQ, Bandra","Full Time","3170.77","0.00","0.00","0.00","0.00","4","0","0","0","0","0","0.95","Vivaran","Dhasmana","",""
"Studio Cardio Barre","2025-12-17, 7:30 AM","Supreme HQ, Bandra","Full Time","1131.56","0.00","0.00","0.00","0.00","2","0","0","0","0","1","0.95","Vivaran","Dhasmana","",""
"powerCycle ( Spotify Wrapped )","2025-12-16, 9:45 AM","Supreme HQ, Bandra","Full Time","1053.50","0.00","0.00","0.00","0.00","1","0","0","0","0","0","0.83","Vivaran","Dhasmana","",""
"powerCycle","2025-12-16, 8:00 AM","Supreme HQ, Bandra","Full Time","1509.11","0.00","0.00","0.00","0.00","3","0","0","0","0","0","0.83","Vivaran","Dhasmana","",""
"Studio Cardio Barre","2025-12-15, 9:00 AM","Supreme HQ, Bandra","Full Time","170.76","0.00","0.00","0.00","0.00","2","0","0","0","0","0","0.95","Vivaran","Dhasmana","",""
"Studio Mat 57","2025-12-15, 7:30 AM","Supreme HQ, Bandra","Full Time","5138.44","0.00","0.00","0.00","0.00","4","0","0","0","0","0","0.95","Vivaran","Dhasmana","",""
"Studio Cardio Barre Plus","2025-12-12, 7:00 PM","Kwality House, Kemps Corner","Full Time","0.00","0.00","0.00","0.00","0.00","0","0","0","0","0","0","0.95","Vivaran","Dhasmana","",""
"Studio Barre 57","2025-12-12, 5:45 PM","Kwality House, Kemps Corner","Full Time","1200.94","0.00","0.00","0.00","0.00","1","0","0","0","0","0","0.95","Vivaran","Dhasmana","",""
"Studio FIT ( SUPER SETS )","2025-12-11, 11:00 AM","Kwality House, Kemps Corner","Full Time","2214.81","0.00","0.00","0.00","0.00","3","3","0","0","0","0","0.92","Vivaran","Dhasmana","",""
"powerCycle","2025-12-11, 9:30 AM","Kwality House, Kemps Corner","Full Time","1500.00","0.00","0.00","0.00","0.00","2","2","0","0","0","1","0.83","Vivaran","Dhasmana","",""
"powerCycle","2025-12-11, 8:00 AM","Kwality House, Kemps Corner","Full Time","7685.76","0.00","0.00","0.00","0.00","8","7","0","0","1","0","0.83","Vivaran","Dhasmana","",""
"Studio FIT ( SUPER SETS )","2025-12-10, 11:00 AM","Supreme HQ, Bandra","Full Time","5891.20","0.00","0.00","0.00","0.00","7","6","0","0","1","0","0.95","Vivaran","Dhasmana","",""
"Studio Back Body Blaze","2025-12-10, 8:45 AM","Supreme HQ, Bandra","Full Time","9141.78","0.00","0.00","0.00","0.00","14","11","0","0","3","0","0.95","Vivaran","Dhasmana","",""
"Studio Cardio Barre","2025-12-10, 7:30 AM","Supreme HQ, Bandra","Full Time","5343.87","0.00","0.00","0.00","0.00","7","7","0","0","0","0","0.95","Vivaran","Dhasmana","",""
"Studio Back Body Blaze","2025-12-09, 11:00 AM","Supreme HQ, Bandra","Full Time","3291.87","0.00","0.00","0.00","0.00","4","3","0","0","1","0","0.95","Vivaran","Dhasmana","",""
"Studio FIT ( SUPER SETS )","2025-12-09, 9:30 AM","Supreme HQ, Bandra","Full Time","5949.65","0.00","0.00","0.00","0.00","11","10","0","0","1","0","0.92","Vivaran","Dhasmana","",""
"powerCycle","2025-12-09, 8:00 AM","Supreme HQ, Bandra","Full Time","11053.86","0.00","0.00","0.00","0.00","11","10","0","0","1","0","0.83","Vivaran","Dhasmana","",""
"Studio Mat 57","2025-12-08, 7:30 AM","Supreme HQ, Bandra","Full Time","10475.01","0.00","0.00","0.00","0.00","9","6","0","0","3","0","0.95","Vivaran","Dhasmana","",""
"Studio Cardio Barre","2025-12-08, 9:00 AM","Supreme HQ, Bandra","Full Time","4603.98","0.00","0.00","0.00","0.00","9","9","0","0","0","0","0.95","Vivaran","Dhasmana","",""
"Studio Cardio Barre","2025-12-01, 9:00 AM","Supreme HQ, Bandra","Full Time","8678.65","0.00","0.00","0.00","0.00","12","11","0","0","1","0","0.95","Vivaran","Dhasmana","",""
"powerCycle Express","2025-12-04, 10:30 AM","Supreme HQ, Bandra","Full Time","2573.07","0.00","0.00","0.00","0.00","4","4","0","0","0","0","0.67","Vivaran","Dhasmana","",""
"Studio Barre 57","2025-12-04, 9:00 AM","Supreme HQ, Bandra","Full Time","5902.71","0.00","0.00","0.00","0.00","8","8","0","0","0","0","0.95","Vivaran","Dhasmana","",""
"Studio FIT","2025-12-04, 7:15 AM","Supreme HQ, Bandra","Full Time","5934.59","0.00","0.00","0.00","0.00","7","5","0","0","2","0","1.00","Vivaran","Dhasmana","",""
"powerCycle","2025-12-03, 7:30 PM","Kwality House, Kemps Corner","Full Time","1298.26","0.00","0.00","0.00","0.00","2","1","0","0","1","0","0.83","Vivaran","Dhasmana","",""
"Strength Lab (Push) ","2025-12-03, 6:00 PM","Kwality House, Kemps Corner","Full Time","4311.39","0.00","0.00","0.00","0.00","4","4","0","0","0","0","1.00","Vivaran","Dhasmana","",""
"powerCycle","2025-12-02, 9:45 AM","Supreme HQ, Bandra","Full Time","2779.83","0.00","0.00","0.00","0.00","4","3","0","0","1","0","0.83","Vivaran","Dhasmana","",""
"powerCycle ( Retro -Future Nostalgia )","2025-12-02, 8:00 AM","Supreme HQ, Bandra","Full Time","13016.75","0.00","0.00","0.00","0.00","13","9","0","0","4","0","0.83","Vivaran","Dhasmana","",""
"Studio Mat 57","2025-12-01, 7:30 AM","Supreme HQ, Bandra","Full Time","6066.56","0.00","0.00","0.00","0.00","6","6","0","0","0","0","0.95","Vivaran","Dhasmana","",""