"Class Name","Class Date","Location","Payrate","Time (h)","Instructor First Name","Instructor Last Name","Employee Code","Payrate Code","Customer Name","Customer Email","Sale Date","Checked in","Checked in","Late Cancelled","Payment Method","Payment Method Name","Paid","Instructor Payout"
"Strength Lab (Pull) ","2025-12-17, 8:45 AM","Kwality House, Kemps Corner","Senior Trainer","1.00","Atulan","Purohit","","","HUSNA BOOTWALLA","husnajumani93@gmail.com","2025-12-10, 4:01 PM","No","No","No","Subscription","Studio 6 Month Unlimited Membership","1279.95","0.00"
"Strength Lab (Pull) ","2025-12-17, 8:45 AM","Kwality House, Kemps Corner","Senior Trainer","1.00","Atulan","Purohit","","","Sanna Balsari","s.linnea7@gmail.com","2025-12-10, 11:51 AM","No","No","No","Subscription","Studio 1 Month Unlimited Membership","1500.00","0.00"
"Strength Lab (Pull) ","2025-12-17, 8:45 AM","Kwality House, Kemps Corner","Senior Trainer","1.00","Atulan","Purohit","","","Kanchaan Kaicker ","kanchaan1991@gmail.com","2025-12-10, 10:04 AM","No","No","No","Subscription","Studio 3 Month Unlimited Membership","387.13","0.00"
"Strength Lab (Pull) ","2025-12-17, 8:45 AM","Kwality House, Kemps Corner","Senior Trainer","1.00","Atulan","Purohit","","","Anisha Goel","anisha.pestonji@gmail.com","2025-12-10, 10:04 AM","No","No","No","Subscription","Studio Annual Unlimited Membership","14.60","0.00"
"Strength Lab (Pull) ","2025-12-17, 8:45 AM","Kwality House, Kemps Corner","Senior Trainer","1.00","Atulan","Purohit","","","Shona Barua","shonabarua27@gmail.com","2025-12-10, 8:47 AM","No","No","No","Subscription","Studio Annual Unlimited Membership","155.76","0.00"
"Strength Lab (Pull) ","2025-12-15, 7:15 PM","Kwality House, Kemps Corner","Senior Trainer","1.00","Atulan","Purohit","","","Yash  Sanghvi","sanghviyash@hotmail.com","2025-12-11, 12:23 PM","No","No","No","Subscription","Studio 6 Month Unlimited Membership","1500.00","0.00"
"Studio FIT","2025-12-15, 6:00 PM","Kwality House, Kemps Corner","Senior Trainer","1.00","Atulan","Purohit","","","Sanna Balsari","s.linnea7@gmail.com","2025-12-10, 11:51 AM","No","No","No","Subscription","Studio 1 Month Unlimited Membership","1500.00","0.00"
"Studio Barre 57","2025-12-13, 11:30 AM","Supreme HQ, Bandra","Senior Trainer","0.95","Atulan","Purohit","","","Brinda J","brinda.jot@rediffmail.com","2025-12-10, 10:16 PM","No","No","No","Subscription","Studio Annual Unlimited Membership","1120.58","0.00"
"Studio Barre 57","2025-12-13, 11:30 AM","Supreme HQ, Bandra","Senior Trainer","0.95","Atulan","Purohit","","","Divyansh Raghuvanshi","divyansh.rg@gmail.com","2025-12-10, 9:20 AM","No","No","No","Package","Studio Complimentary Referral Class","0.00","0.00"
"Studio FIT ( SUPER SETS )","2025-12-13, 10:15 AM","Supreme HQ, Bandra","Senior Trainer","0.92","Atulan","Purohit","","","Devsmita Mukherjee","devsmita.mukherjee@gmail.com","2025-12-09, 12:16 PM","No","No","No","Subscription","Studio 12 Class Package","1316.88","0.00"
"Studio FIT ( SUPER SETS )","2025-12-13, 10:15 AM","Supreme HQ, Bandra","Senior Trainer","0.92","Atulan","Purohit","","","Nitika Gupta","nitika0059@gmail.com","2025-12-06, 11:29 AM","No","No","No","Subscription","Studio Annual Unlimited Membership","15.01","0.00"
"Studio FIT ( SUPER SETS )","2025-12-13, 10:15 AM","Supreme HQ, Bandra","Senior Trainer","0.92","Atulan","Purohit","","","Aili S","ailiseghetti@gmail.com","2025-12-06, 11:12 AM","No","No","No","Subscription","Studio 6 Month Unlimited Membership","629.92","0.00"
"Studio FIT ( SUPER SETS )","2025-12-13, 10:15 AM","Supreme HQ, Bandra","Senior Trainer","0.92","Atulan","Purohit","","","Liya  Gupta ","liyagupta@gmail.com","2025-12-06, 10:40 AM","No","No","No","Subscription","Studio 3 Month Unlimited Membership","1500.00","0.00"
"Studio FIT ( SUPER SETS )","2025-12-13, 10:15 AM","Supreme HQ, Bandra","Senior Trainer","0.92","Atulan","Purohit","","","Miti Joshi","joshimiti08@gmail.com","2025-12-06, 10:37 AM","No","No","No","Subscription","Studio 3 Month Unlimited Membership","722.96","0.00"
"Studio FIT ( SUPER SETS )","2025-12-13, 10:15 AM","Supreme HQ, Bandra","Senior Trainer","0.92","Atulan","Purohit","","","Sanjam  Kini ","sanjam.sahni@gmail.com","2025-12-06, 10:30 AM","No","No","No","Subscription","Studio Annual Unlimited Membership","15.00","0.00"
"Studio FIT ( SUPER SETS )","2025-12-13, 10:15 AM","Supreme HQ, Bandra","Senior Trainer","0.92","Atulan","Purohit","","","Shuchi Mehta","shuchi.trivedi@gmail.com","2025-12-06, 10:25 AM","No","No","No","Subscription","Studio Annual Unlimited Membership","155.76","0.00"
"Studio FIT ( SUPER SETS )","2025-12-13, 10:15 AM","Supreme HQ, Bandra","Senior Trainer","0.92","Atulan","Purohit","","","Anisha Goel","anisha.pestonji@gmail.com","2025-12-06, 10:16 AM","No","No","No","Subscription","Studio Annual Unlimited Membership","14.60","0.00"
"Studio FIT ( SUPER SETS )","2025-12-13, 10:15 AM","Supreme HQ, Bandra","Senior Trainer","0.92","Atulan","Purohit","","","Kanchaan Kaicker ","kanchaan1991@gmail.com","2025-12-06, 10:15 AM","No","No","No","Subscription","Studio 3 Month Unlimited Membership","387.13","0.00"
"Studio FIT ( SUPER SETS )","2025-12-13, 10:15 AM","Supreme HQ, Bandra","Senior Trainer","0.92","Atulan","Purohit","","","Shona Barua","shonabarua27@gmail.com","2025-12-06, 10:15 AM","No","No","No","Subscription","Studio Annual Unlimited Membership","155.76","0.00"
"Studio Barre 57","2025-12-13, 9:00 AM","Supreme HQ, Bandra","Senior Trainer","0.95","Atulan","Purohit","","","Charmi Gosalia","charmigosalia@gmail.com","2025-12-11, 8:44 AM","No","No","No","Subscription","Studio 1 Month Unlimited Membership","1500.00","0.00"
"Studio Barre 57","2025-12-13, 9:00 AM","Supreme HQ, Bandra","Senior Trainer","0.95","Atulan","Purohit","","","Yash  Prasad","yashwewill@gmail.com","2025-12-11, 6:54 AM","No","No","No","Subscription","Studio 1 Month Unlimited Membership","1131.56","0.00"
"Studio Barre 57","2025-12-13, 9:00 AM","Supreme HQ, Bandra","Senior Trainer","0.95","Atulan","Purohit","","","Shraddha Shah","shraddha.sen108@gmail.com","2025-12-09, 9:03 AM","No","No","No","Package","Barre 2 week Unlimited","446.25","0.00"
"Studio Barre 57","2025-12-13, 9:00 AM","Supreme HQ, Bandra","Senior Trainer","0.95","Atulan","Purohit","","","Aishwarya  Gupta","aishwaryajgupta@gmail.com","2025-12-07, 5:50 PM","No","No","No","Package","Studio Single Class","1500.00","0.00"
"Studio Barre 57","2025-12-13, 9:00 AM","Supreme HQ, Bandra","Senior Trainer","0.95","Atulan","Purohit","","","Amandeep Kaur","amakaur2610@gmail.com","2025-12-07, 5:50 PM","No","No","No","Package","Studio Single Class","1500.00","0.00"
"Studio Barre 57","2025-12-13, 9:00 AM","Supreme HQ, Bandra","Senior Trainer","0.95","Atulan","Purohit","","","Marsha Silgardo","marsha.silgardo@gmail.com","2025-12-07, 5:06 PM","No","No","No","Subscription","Studio 1 Month Unlimited Membership","931.88","0.00"
"Studio Barre 57","2025-12-13, 9:00 AM","Supreme HQ, Bandra","Senior Trainer","0.95","Atulan","Purohit","","","Aashna Godha","aashna.godha@gmail.com","2025-12-07, 10:34 AM","No","No","No","Subscription","Studio 12 Class Package","1053.50","0.00"
"Studio Barre 57","2025-12-13, 9:00 AM","Supreme HQ, Bandra","Senior Trainer","0.95","Atulan","Purohit","","","Kanchaan Kaicker ","kanchaan1991@gmail.com","2025-12-06, 10:16 AM","No","No","No","Subscription","Studio 3 Month Unlimited Membership","387.13","0.00"
"Studio Barre 57","2025-12-13, 9:00 AM","Supreme HQ, Bandra","Senior Trainer","0.95","Atulan","Purohit","","","Shona Barua","shonabarua27@gmail.com","2025-12-06, 10:06 AM","No","No","No","Subscription","Studio Annual Unlimited Membership","155.76","0.00"
"Studio Cardio Barre","2025-12-12, 10:15 AM","Supreme HQ, Bandra","Senior Trainer","0.95","Atulan","Purohit","","","Dalreen Patrao","dalreenpatrao@gmail.com","2025-12-11, 11:13 AM","No","No","No","Subscription","Studio 1 Month Unlimited Membership","990.12","0.00"
"Studio Cardio Barre","2025-12-12, 10:15 AM","Supreme HQ, Bandra","Senior Trainer","0.95","Atulan","Purohit","","","Nitika Gupta","nitika0059@gmail.com","2025-12-09, 9:28 PM","No","No","No","Subscription","Studio Annual Unlimited Membership","15.01","0.00"
"Studio Cardio Barre","2025-12-12, 10:15 AM","Supreme HQ, Bandra","Senior Trainer","0.95","Atulan","Purohit","","","Shraddha Shah","shraddha.sen108@gmail.com","2025-12-05, 9:43 PM","No","No","No","Package","Barre 2 week Unlimited","446.25","0.00"
"Studio FIT ( SUPER SETS )","2025-12-12, 9:00 AM","Supreme HQ, Bandra","Senior Trainer","0.95","Atulan","Purohit","","","Puneet  Anand","anandpuneet08@gmail.com","2025-12-09, 6:00 PM","No","No","No","Package","Studio 2 Week Unlimited Membership","10.42","0.00"
"Studio FIT ( SUPER SETS )","2025-12-12, 9:00 AM","Supreme HQ, Bandra","Senior Trainer","0.95","Atulan","Purohit","","","Anupama Mundhra","anupama.mundhra@gmail.com","2025-12-09, 5:08 PM","No","No","No","Subscription","Studio 3 Month Unlimited Membership","507.33","0.00"
"Studio FIT ( SUPER SETS )","2025-12-12, 9:00 AM","Supreme HQ, Bandra","Senior Trainer","0.95","Atulan","Purohit","","","Shuchi Mehta","shuchi.trivedi@gmail.com","2025-12-05, 11:21 AM","No","No","No","Subscription","Studio Annual Unlimited Membership","155.76","0.00"
"Studio FIT ( SUPER SETS )","2025-12-12, 9:00 AM","Supreme HQ, Bandra","Senior Trainer","0.95","Atulan","Purohit","","","Kanchaan Kaicker ","kanchaan1991@gmail.com","2025-12-05, 10:08 AM","No","No","No","Subscription","Studio 3 Month Unlimited Membership","387.13","0.00"
"Studio FIT ( SUPER SETS )","2025-12-12, 9:00 AM","Supreme HQ, Bandra","Senior Trainer","0.95","Atulan","Purohit","","","Prachi Ghadge","prachighadge1@gmail.com","2025-12-05, 10:06 AM","No","No","No","Subscription","Studio 3 Month Unlimited Membership","1500.00","0.00"
"Studio FIT ( SUPER SETS )","2025-12-12, 9:00 AM","Supreme HQ, Bandra","Senior Trainer","0.95","Atulan","Purohit","","","Gopi Chawla","gachawla@hotmail.com","2025-12-05, 9:58 AM","No","No","No","Subscription","Studio Annual Unlimited Membership","155.76","0.00"
"Studio FIT ( SUPER SETS )","2025-12-12, 9:00 AM","Supreme HQ, Bandra","Senior Trainer","0.95","Atulan","Purohit","","","Anisha Goel","anisha.pestonji@gmail.com","2025-12-05, 9:57 AM","No","No","No","Subscription","Studio Annual Unlimited Membership","14.60","0.00"
"Studio FIT ( SUPER SETS )","2025-12-12, 9:00 AM","Supreme HQ, Bandra","Senior Trainer","0.95","Atulan","Purohit","","","Pooja Chen","gadk.pooja@gmail.com","2025-12-05, 9:34 AM","No","No","No","Subscription","Studio 1 Month Unlimited Membership","1047.25","0.00"
"Studio FIT ( SUPER SETS )","2025-12-12, 9:00 AM","Supreme HQ, Bandra","Senior Trainer","0.95","Atulan","Purohit","","","Mallika Mhatre","mallikamhatre1980@gmail.com","2025-12-05, 9:15 AM","No","No","No","Subscription","Studio Annual Unlimited Membership","15.01","0.00"
"Studio FIT ( SUPER SETS )","2025-12-12, 9:00 AM","Supreme HQ, Bandra","Senior Trainer","0.95","Atulan","Purohit","","","Shona Barua","shonabarua27@gmail.com","2025-12-05, 9:00 AM","No","No","No","Subscription","Studio Annual Unlimited Membership","155.76","0.00"
"Studio Back Body Blaze","2025-12-12, 7:30 AM","Supreme HQ, Bandra","Senior Trainer","0.95","Atulan","Purohit","","","Marsha Silgardo","marsha.silgardo@gmail.com","2025-12-11, 9:07 AM","No","No","No","Subscription","Studio 1 Month Unlimited Membership","931.88","0.00"
"Studio Back Body Blaze","2025-12-12, 7:30 AM","Supreme HQ, Bandra","Senior Trainer","0.95","Atulan","Purohit","","","Charmi Gosalia","charmigosalia@gmail.com","2025-12-11, 8:40 AM","No","No","No","Subscription","Studio 1 Month Unlimited Membership","1500.00","0.00"
"Studio Back Body Blaze","2025-12-12, 7:30 AM","Supreme HQ, Bandra","Senior Trainer","0.95","Atulan","Purohit","","","Yash  Prasad","yashwewill@gmail.com","2025-12-11, 6:56 AM","No","No","No","Subscription","Studio 1 Month Unlimited Membership","1131.56","0.00"
"Studio Back Body Blaze","2025-12-12, 7:30 AM","Supreme HQ, Bandra","Senior Trainer","0.95","Atulan","Purohit","","","Simrrun Shah","simrrunshah@gmail.com","2025-12-10, 2:58 PM","No","No","No","Subscription","Studio 1 Month Unlimited Membership","1500.00","0.00"
"Studio Back Body Blaze","2025-12-12, 7:30 AM","Supreme HQ, Bandra","Senior Trainer","0.95","Atulan","Purohit","","","Avanti Nagral","avantinagral@gmail.com","2025-12-08, 1:50 PM","No","No","No","Subscription","Studio 10 Single Class Pack","1500.00","0.00"
"Studio Back Body Blaze","2025-12-12, 7:30 AM","Supreme HQ, Bandra","Senior Trainer","0.95","Atulan","Purohit","","","Nitika Gupta","nitika0059@gmail.com","2025-12-06, 11:29 AM","No","No","No","Subscription","Studio Annual Unlimited Membership","15.01","0.00"
"Studio Back Body Blaze","2025-12-12, 7:30 AM","Supreme HQ, Bandra","Senior Trainer","0.95","Atulan","Purohit","","","Aili S","ailiseghetti@gmail.com","2025-12-06, 11:12 AM","No","No","No","Subscription","Studio 6 Month Unlimited Membership","629.92","0.00"
"Studio Back Body Blaze","2025-12-12, 7:30 AM","Supreme HQ, Bandra","Senior Trainer","0.95","Atulan","Purohit","","","Miti Joshi","joshimiti08@gmail.com","2025-12-05, 11:10 AM","No","No","No","Subscription","Studio 3 Month Unlimited Membership","722.96","0.00"
"Strength Lab (Push) ","2025-12-11, 7:15 PM","Kwality House, Kemps Corner","Senior Trainer","1.00","Atulan","Purohit","","","Nishi Chiniwala","nishichiniwala@gmail.com","2025-12-11, 11:59 AM","No","No","No","Subscription","Studio 6 Month Unlimited Membership","1500.00","0.00"
"Strength Lab (Push) ","2025-12-11, 7:15 PM","Kwality House, Kemps Corner","Senior Trainer","1.00","Atulan","Purohit","","","Shrishti  Singh","shrishtisingh099@gmail.com","2025-12-10, 8:35 AM","No","No","No","Subscription","Studio 3 Month Unlimited Membership","1410.55","0.00"
"Studio Back Body Blaze Express","2025-12-11, 6:15 PM","Kwality House, Kemps Corner","Senior Trainer","0.75","Atulan","Purohit","","","Niyanta Datta","niyantadatta@gmail.com","2025-12-10, 4:10 PM","No","No","No","Subscription","Studio Annual Unlimited Membership","161.70","0.00"
"Studio Back Body Blaze Express","2025-12-11, 6:15 PM","Kwality House, Kemps Corner","Senior Trainer","0.75","Atulan","Purohit","","","Yash  Sanghvi","sanghviyash@hotmail.com","2025-12-07, 4:30 PM","No","No","Yes","Subscription","Studio 6 Month Unlimited Membership","1500.00","0.00"
"Studio Mat 57","2025-12-10, 7:15 PM","Kwality House, Kemps Corner","Senior Trainer","0.95","Atulan","Purohit","","","Karishma Kirpalani","karishh124@gmail.com","2025-12-10, 8:16 PM","Yes","No","No","Subscription","Studio 3 Month Unlimited Membership","1330.78","0.00"
"Studio Mat 57","2025-12-10, 7:15 PM","Kwality House, Kemps Corner","Senior Trainer","0.95","Atulan","Purohit","","","Veronica Jenvild","vb.jenvild@gmail.com","2025-12-10, 7:14 PM","Yes","No","No","Pay later","","0.00","0.00"
"Studio Mat 57","2025-12-10, 7:15 PM","Kwality House, Kemps Corner","Senior Trainer","0.95","Atulan","Purohit","","","Zya Fernandes","zyafernandesss1239@gmail.com","2025-12-10, 7:03 PM","Yes","No","No","Subscription","Studio 1 Month Unlimited Membership","596.40","0.00"
"Studio Mat 57","2025-12-10, 7:15 PM","Kwality House, Kemps Corner","Senior Trainer","0.95","Atulan","Purohit","","","Sumeeta Chopra","sumita1967@gmail.com","2025-12-10, 12:42 PM","Yes","No","No","Subscription","Studio 1 Month Unlimited Membership","1500.00","0.00"
"Studio Mat 57","2025-12-10, 7:15 PM","Kwality House, Kemps Corner","Senior Trainer","0.95","Atulan","Purohit","","","Yash  Sanghvi","sanghviyash@hotmail.com","2025-12-09, 5:50 PM","Yes","No","No","Subscription","Studio 6 Month Unlimited Membership","1500.00","0.00"
"Studio Mat 57","2025-12-10, 7:15 PM","Kwality House, Kemps Corner","Senior Trainer","0.95","Atulan","Purohit","","","Nida Peshimam","nida.vaseem@gmail.com","2025-12-09, 9:51 AM","No","No","Yes","Subscription","Studio 6 Month Unlimited Membership","1500.00","0.00"
"Studio Cardio Barre Express","2025-12-10, 6:15 PM","Kwality House, Kemps Corner","Senior Trainer","0.75","Atulan","Purohit","","","Avni Padsala ","avnipadsala@gmail.com","2025-12-10, 6:19 PM","Yes","No","No","Subscription","Studio 6 Month Unlimited Membership","1143.41","0.00"
"Studio Cardio Barre Express","2025-12-10, 6:15 PM","Kwality House, Kemps Corner","Senior Trainer","0.75","Atulan","Purohit","","","Dhanushi Dhandhukiya","dhanu.dhandhukiya@gmail.com","2025-12-10, 6:07 PM","Yes","No","No","Subscription","Studio 6 Month Unlimited Membership","1158.86","0.00"
"Studio Cardio Barre Express","2025-12-10, 6:15 PM","Kwality House, Kemps Corner","Senior Trainer","0.75","Atulan","Purohit","","","Maansi Parikh","maansiparikh@gmail.com","2025-12-10, 5:50 PM","Yes","No","No","Subscription","Barre 1 month Unlimited ","1500.00","0.00"
"Studio Cardio Barre Express","2025-12-10, 6:15 PM","Kwality House, Kemps Corner","Senior Trainer","0.75","Atulan","Purohit","","","Aashna Mansharamani","aashnamansharamani@gmail.com","2025-12-10, 7:00 AM","Yes","No","No","Subscription","Barre 3 months Unlimited ","1350.79","0.00"
"Studio Cardio Barre Express","2025-12-10, 6:15 PM","Kwality House, Kemps Corner","Senior Trainer","0.75","Atulan","Purohit","","","Gauri Nayar","gauriknayar@gmail.com","2025-12-10, 6:33 AM","No","No","Yes","Subscription","Studio Annual Unlimited Membership","155.76","0.00"
"Studio FIT ( SUPER SETS )","2025-12-09, 7:15 PM","Kwality House, Kemps Corner","Senior Trainer","0.92","Atulan","Purohit","","","Prisha  Israni ","israniprisha@gmail.com","2025-12-09, 7:25 PM","Yes","No","No","Subscription","Studio 1 Month Unlimited Membership","1500.00","0.00"
"Studio FIT ( SUPER SETS )","2025-12-09, 7:15 PM","Kwality House, Kemps Corner","Senior Trainer","0.92","Atulan","Purohit","","","Karishma Kirpalani","karishh124@gmail.com","2025-12-09, 7:18 PM","Yes","No","No","Subscription","Studio 3 Month Unlimited Membership","1330.78","0.00"
"Studio FIT ( SUPER SETS )","2025-12-09, 7:15 PM","Kwality House, Kemps Corner","Senior Trainer","0.92","Atulan","Purohit","","","Zya Fernandes","zyafernandesss1239@gmail.com","2025-12-09, 10:07 AM","Yes","No","No","Subscription","Studio 1 Month Unlimited Membership","596.40","0.00"
"Studio FIT ( SUPER SETS )","2025-12-09, 7:15 PM","Kwality House, Kemps Corner","Senior Trainer","0.92","Atulan","Purohit","","","Aashna Mansharamani","aashnamansharamani@gmail.com","2025-12-08, 6:22 PM","Yes","No","No","Subscription","Barre 3 months Unlimited ","1350.79","0.00"
"Studio FIT ( SUPER SETS )","2025-12-09, 7:15 PM","Kwality House, Kemps Corner","Senior Trainer","0.92","Atulan","Purohit","","","Swati Dalal","sdalal@gmail.com","2025-12-04, 9:15 AM","Yes","No","No","Package","Studio Single Class","1500.00","0.00"
"Studio FIT ( SUPER SETS )","2025-12-09, 7:15 PM","Kwality House, Kemps Corner","Senior Trainer","0.92","Atulan","Purohit","","","Miti Joshi","joshimiti08@gmail.com","2025-12-03, 5:28 PM","Yes","No","No","Subscription","Studio 3 Month Unlimited Membership","722.96","0.00"
"Strength Lab (Pull) ","2025-12-09, 6:00 PM","Kwality House, Kemps Corner","Senior Trainer","1.00","Atulan","Purohit","","","Mahika Thakur","mrt368@nyu.edu","2025-12-09, 1:56 PM","No","No","Yes","Subscription","Studio Annual Unlimited Membership","155.76","0.00"
"Strength Lab (Pull) ","2025-12-09, 6:00 PM","Kwality House, Kemps Corner","Senior Trainer","1.00","Atulan","Purohit","","","Urvi Kothari","urvikothari3@gmail.com","2025-12-09, 10:38 AM","Yes","No","No","Subscription","Studio 6 Month Unlimited Membership","339.13","0.00"
"Strength Lab (Pull) ","2025-12-09, 6:00 PM","Kwality House, Kemps Corner","Senior Trainer","1.00","Atulan","Purohit","","","Sanchi Pahariya","sanchipahariya03@gmail.com","2025-12-08, 8:21 PM","Yes","No","No","Subscription","Studio 30 Single Class Pack","1417.50","0.00"
"Strength Lab (Pull) ","2025-12-08, 7:15 PM","Kwality House, Kemps Corner","Senior Trainer","1.00","Atulan","Purohit","","","Pranay K","khetwani.pranay@gmail.com","2025-12-08, 7:18 PM","Yes","No","No","Subscription","Studio 12 Class Package","1128.75","0.00"
"Strength Lab (Pull) ","2025-12-08, 7:15 PM","Kwality House, Kemps Corner","Senior Trainer","1.00","Atulan","Purohit","","","Rida Sopariwala","ridasopariwala@gmail.com","2025-12-08, 7:06 PM","Yes","No","No","Package","Studio Single Class","1500.00","0.00"
"Strength Lab (Pull) ","2025-12-08, 7:15 PM","Kwality House, Kemps Corner","Senior Trainer","1.00","Atulan","Purohit","","","Anahita Khanna","anahitakhanna9@gmail.com","2025-12-08, 7:03 PM","Yes","No","No","Subscription","Studio 3 Month Unlimited Membership","1500.00","0.00"
"Strength Lab (Pull) ","2025-12-08, 7:15 PM","Kwality House, Kemps Corner","Senior Trainer","1.00","Atulan","Purohit","","","Saarah Adenwala","saarahadenwala@gmail.com","2025-12-08, 6:51 PM","Yes","No","No","Subscription","Studio 3 Month Unlimited Membership","718.62","0.00"
"Strength Lab (Pull) ","2025-12-08, 7:15 PM","Kwality House, Kemps Corner","Senior Trainer","1.00","Atulan","Purohit","","","Alya Mistry","alyamistry@hotmail.com","2025-12-08, 5:48 PM","Yes","No","No","Subscription","Studio 20 Single Class Pack","1500.00","0.00"
"Strength Lab (Pull) ","2025-12-08, 7:15 PM","Kwality House, Kemps Corner","Senior Trainer","1.00","Atulan","Purohit","","","Ishitaa Bhatia","ishitaa.bhatia@gmail.com","2025-12-07, 6:53 PM","Yes","No","No","Subscription","Studio 3 Month Unlimited Membership","1283.25","0.00"
"Studio FIT ( SUPER SETS )","2025-12-08, 6:00 PM","Kwality House, Kemps Corner","Senior Trainer","1.00","Atulan","Purohit","","","Ritika Prasad","ritikashahabadi@gmail.com","2025-12-08, 7:03 PM","Yes","No","No","Subscription","Studio 8 Class Package","1338.75","0.00"
"Studio FIT ( SUPER SETS )","2025-12-08, 6:00 PM","Kwality House, Kemps Corner","Senior Trainer","1.00","Atulan","Purohit","","","Niti Didwania","nitididwania@gmail.com","2025-12-08, 6:58 PM","Yes","No","No","Subscription","Studio 12 Class Package","1128.75","0.00"
"Studio FIT ( SUPER SETS )","2025-12-08, 6:00 PM","Kwality House, Kemps Corner","Senior Trainer","1.00","Atulan","Purohit","","","Alisha Vasa","alishav168@gmail.com","2025-12-08, 5:56 PM","Yes","No","No","UPI","","1575.00","0.00"
"Studio FIT ( SUPER SETS )","2025-12-08, 6:00 PM","Kwality House, Kemps Corner","Senior Trainer","1.00","Atulan","Purohit","","","Taskeen Chunawala","taskeenc87@gmail.com","2025-12-08, 5:50 PM","Yes","No","No","Subscription","Studio 20 Single Class Pack","1500.00","0.00"
"Studio FIT ( SUPER SETS )","2025-12-08, 6:00 PM","Kwality House, Kemps Corner","Senior Trainer","1.00","Atulan","Purohit","","","Aliasgar  Nalwala","ali@asmaco.com","2025-12-08, 5:36 PM","Yes","No","No","Subscription","Studio 6 Month Unlimited Membership","477.59","0.00"
"Studio FIT ( SUPER SETS )","2025-12-08, 6:00 PM","Kwality House, Kemps Corner","Senior Trainer","1.00","Atulan","Purohit","","","Aashna Mansharamani","aashnamansharamani@gmail.com","2025-12-08, 12:45 PM","No","No","Yes","Subscription","Barre 3 months Unlimited ","1350.79","0.00"
"Studio FIT ( SUPER SETS )","2025-12-08, 6:00 PM","Kwality House, Kemps Corner","Senior Trainer","1.00","Atulan","Purohit","","","Raman Lamba","turbanbuddha@gmail.com","2025-12-08, 9:40 AM","No","No","Yes","Subscription","Studio 3 Month Unlimited Membership","644.33","0.00"
"Studio FIT ( SUPER SETS )","2025-12-08, 6:00 PM","Kwality House, Kemps Corner","Senior Trainer","1.00","Atulan","Purohit","","","Mahieka Sharma","mahiekasharma@gmail.com","2025-12-08, 2:20 AM","Yes","No","No","Subscription","Studio Annual Unlimited Membership","155.76","0.00"
"Studio FIT ( SUPER SETS )","2025-12-08, 6:00 PM","Kwality House, Kemps Corner","Senior Trainer","1.00","Atulan","Purohit","","","Divya Somaiya","divyasomaiya@gmail.com","2025-12-05, 11:34 AM","Yes","No","No","Subscription","Studio 1 Month Unlimited Membership","1500.00","0.00"
"Studio Barre 57","2025-12-06, 11:30 AM","Supreme HQ, Bandra","Senior Trainer","0.95","Atulan","Purohit","","","Joyeeta Dutta","joyeetad17@gmail.com","2025-12-06, 12:33 PM","Yes","No","No","Subscription","Studio 3 Month Unlimited Membership","827.90","0.00"
"Studio Barre 57","2025-12-06, 11:30 AM","Supreme HQ, Bandra","Senior Trainer","0.95","Atulan","Purohit","","","Jiyaa Kalra","kalrajiyaa@gmail.com","2025-12-06, 11:24 AM","Yes","No","No","Subscription","Studio 6 Month Unlimited Membership","1500.00","0.00"
"Studio Barre 57","2025-12-06, 11:30 AM","Supreme HQ, Bandra","Senior Trainer","0.95","Atulan","Purohit","","","Aditya Sinha","sinha.aditya1@gmail.com","2025-12-05, 11:37 PM","Yes","No","No","Package","Studio 2 Week Unlimited Membership","10.42","0.00"
"Studio Barre 57","2025-12-06, 11:30 AM","Supreme HQ, Bandra","Senior Trainer","0.95","Atulan","Purohit","","","Aniruddha Menon","aniruddhamenon93@gmail.com","2025-12-05, 11:34 PM","Yes","No","No","Subscription","Studio 6 Month Unlimited Membership","1500.00","0.00"
"Studio Barre 57","2025-12-06, 11:30 AM","Supreme HQ, Bandra","Senior Trainer","0.95","Atulan","Purohit","","","Nidhi Kalra","kalranidhi2002@gmail.com","2025-12-05, 10:16 PM","Yes","No","No","Subscription","Studio 6 Month Unlimited Membership","932.14","0.00"
"Studio Barre 57","2025-12-06, 11:30 AM","Supreme HQ, Bandra","Senior Trainer","0.95","Atulan","Purohit","","","Diva  Gupta ","divagupta2004@gmail.com","2025-12-05, 6:28 PM","No","No","Yes","Subscription","Studio 1 Month Unlimited Membership","1218.61","0.00"
"Studio Barre 57","2025-12-06, 11:30 AM","Supreme HQ, Bandra","Senior Trainer","0.95","Atulan","Purohit","","","Katyani Gupta","katyanigupta93@gmail.com","2025-12-05, 4:42 PM","Yes","No","No","Subscription","Studio 12 Class Package","1119.34","0.00"
"Studio Barre 57","2025-12-06, 11:30 AM","Supreme HQ, Bandra","Senior Trainer","0.95","Atulan","Purohit","","","Amandeep Kaur","amakaur2610@gmail.com","2025-12-04, 1:17 PM","Yes","No","No","Package","","1575.00","0.00"
"Studio Barre 57","2025-12-06, 11:30 AM","Supreme HQ, Bandra","Senior Trainer","0.95","Atulan","Purohit","","","Rahul Sharma","rahulsharma300@gmail.com","2025-12-04, 11:40 AM","Yes","No","No","Subscription","Studio Extended 10 Single Class Pack","1417.50","0.00"
"Studio Barre 57","2025-12-06, 11:30 AM","Supreme HQ, Bandra","Senior Trainer","0.95","Atulan","Purohit","","","ushma nichani","ushma87@gmail.com","2025-12-04, 11:39 AM","Yes","No","No","Subscription","Studio Extended 10 Single Class Pack","1500.00","0.00"
"Studio Barre 57","2025-12-06, 11:30 AM","Supreme HQ, Bandra","Senior Trainer","0.95","Atulan","Purohit","","","Raashi Mehra","raashimehra30@gmail.com","2025-12-01, 5:51 PM","Yes","No","No","Subscription","Studio 6 Month Unlimited Membership","1174.75","0.00"
"Studio FIT","2025-12-06, 10:15 AM","Supreme HQ, Bandra","Senior Trainer","0.92","Atulan","Purohit","","","Macy Dye","macydye28@yahoo.com","2025-12-06, 10:13 AM","Yes","No","No","Subscription","Barre 3 months Unlimited ","1500.00","0.00"
"Studio FIT","2025-12-06, 10:15 AM","Supreme HQ, Bandra","Senior Trainer","0.92","Atulan","Purohit","","","Sanjam  Kini ","sanjam.sahni@gmail.com","2025-11-30, 6:53 PM","Yes","No","No","Subscription","Studio Annual Unlimited Membership","15.00","0.00"
"Studio FIT","2025-12-06, 10:15 AM","Supreme HQ, Bandra","Senior Trainer","0.92","Atulan","Purohit","","","Miti Joshi","joshimiti08@gmail.com","2025-11-29, 1:55 PM","Yes","No","No","Subscription","Studio 3 Month Unlimited Membership","722.96","0.00"
"Studio FIT","2025-12-06, 10:15 AM","Supreme HQ, Bandra","Senior Trainer","0.92","Atulan","Purohit","","","Nitika Gupta","nitika0059@gmail.com","2025-11-29, 11:08 AM","Yes","No","No","Subscription","Studio Annual Unlimited Membership","15.01","0.00"
"Studio FIT","2025-12-06, 10:15 AM","Supreme HQ, Bandra","Senior Trainer","0.92","Atulan","Purohit","","","Aili S","ailiseghetti@gmail.com","2025-11-29, 11:07 AM","Yes","No","No","Subscription","Studio 6 Month Unlimited Membership","629.92","0.00"
"Studio FIT","2025-12-06, 10:15 AM","Supreme HQ, Bandra","Senior Trainer","0.92","Atulan","Purohit","","","Siya  Kumar ","siyakumar91@gmail.com","2025-11-29, 10:19 AM","Yes","No","No","Subscription","Studio Annual Unlimited Membership","155.76","0.00"
"Studio FIT","2025-12-06, 10:15 AM","Supreme HQ, Bandra","Senior Trainer","0.92","Atulan","Purohit","","","Liya  Gupta ","liyagupta@gmail.com","2025-11-29, 10:17 AM","No","No","Yes","Subscription","Studio 3 Month Unlimited Membership","1500.00","0.00"
"Studio FIT","2025-12-06, 10:15 AM","Supreme HQ, Bandra","Senior Trainer","0.92","Atulan","Purohit","","","Shona Barua","shonabarua27@gmail.com","2025-11-29, 10:15 AM","Yes","No","No","Subscription","Studio Annual Unlimited Membership","155.76","0.00"
"Studio FIT","2025-12-06, 10:15 AM","Supreme HQ, Bandra","Senior Trainer","0.92","Atulan","Purohit","","","Kanchaan Kaicker ","kanchaan1991@gmail.com","2025-11-29, 10:15 AM","Yes","No","No","Subscription","Studio 3 Month Unlimited Membership","387.13","0.00"
"Studio FIT","2025-12-06, 10:15 AM","Supreme HQ, Bandra","Senior Trainer","0.92","Atulan","Purohit","","","Anisha Goel","anisha.pestonji@gmail.com","2025-11-29, 10:15 AM","Yes","No","No","Subscription","Studio Annual Unlimited Membership","14.60","0.00"
"Studio FIT","2025-12-06, 10:15 AM","Supreme HQ, Bandra","Senior Trainer","0.92","Atulan","Purohit","","","Mallika Mhatre","mallikamhatre1980@gmail.com","2025-11-29, 10:15 AM","Yes","No","No","Subscription","Studio Annual Unlimited Membership","15.01","0.00"
"Studio Barre 57","2025-12-06, 9:00 AM","Supreme HQ, Bandra","Senior Trainer","0.95","Atulan","Purohit","","","Nashy Singh","nashgsingh@noemail.com","2025-12-06, 8:50 AM","Yes","No","No","Subscription","Studio 12 Class Package","1119.34","0.00"
"Studio Barre 57","2025-12-06, 9:00 AM","Supreme HQ, Bandra","Senior Trainer","0.95","Atulan","Purohit","","","Nidhi Kalra","kalranidhi2002@gmail.com","2025-12-05, 6:23 PM","No","No","Yes","Subscription","Studio 6 Month Unlimited Membership","932.14","0.00"
"Studio Barre 57","2025-12-06, 9:00 AM","Supreme HQ, Bandra","Senior Trainer","0.95","Atulan","Purohit","","","Kanchaan Kaicker ","kanchaan1991@gmail.com","2025-12-05, 5:57 PM","No","No","Yes","Subscription","Studio 3 Month Unlimited Membership","387.13","0.00"
"Studio Barre 57","2025-12-06, 9:00 AM","Supreme HQ, Bandra","Senior Trainer","0.95","Atulan","Purohit","","","Anisha Goel","anisha.pestonji@gmail.com","2025-12-03, 9:13 PM","Yes","No","No","Subscription","Studio Annual Unlimited Membership","14.60","0.00"
"Studio Barre 57","2025-12-06, 9:00 AM","Supreme HQ, Bandra","Senior Trainer","0.95","Atulan","Purohit","","","Shraddha Shah","shraddha.sen108@gmail.com","2025-12-03, 5:34 PM","Yes","No","No","Package","Barre 2 week Unlimited","446.25","0.00"
"Studio Barre 57","2025-12-06, 9:00 AM","Supreme HQ, Bandra","Senior Trainer","0.95","Atulan","Purohit","","","HUSNA BOOTWALLA","husnajumani93@gmail.com","2025-12-03, 10:13 AM","Yes","No","No","Subscription","Studio 6 Month Unlimited Membership","1279.95","0.00"
"Studio Barre 57","2025-12-06, 9:00 AM","Supreme HQ, Bandra","Senior Trainer","0.95","Atulan","Purohit","","","Shailee  Kamdar ","ninonina09@gmail.com","2025-11-30, 6:09 PM","Yes","No","No","Package","Studio Complimentary Class","0.00","0.00"
"Studio Barre 57","2025-12-06, 9:00 AM","Supreme HQ, Bandra","Senior Trainer","0.95","Atulan","Purohit","","","Pooja Choksi ","pooja.mehta1@gmail.com","2025-11-30, 5:45 PM","Yes","No","No","Package","Studio Complimentary Class","0.00","0.00"
"Studio Barre 57","2025-12-06, 9:00 AM","Supreme HQ, Bandra","Senior Trainer","0.95","Atulan","Purohit","","","Chaitali Salot","chaitali.salot@yahoo.com","2025-11-30, 5:26 PM","Yes","No","No","Package","Studio Complimentary Class","0.00","0.00"
"Studio Barre 57","2025-12-06, 9:00 AM","Supreme HQ, Bandra","Senior Trainer","0.95","Atulan","Purohit","","","Minal  Thacker ","minalsthacker@gmail.com","2025-11-30, 5:16 PM","Yes","No","No","Package","Studio Complimentary Class","0.00","0.00"
"Studio Barre 57","2025-12-06, 9:00 AM","Supreme HQ, Bandra","Senior Trainer","0.95","Atulan","Purohit","","","Shuchi Mehta","shuchi.trivedi@gmail.com","2025-11-30, 5:02 PM","Yes","No","No","Subscription","Studio Annual Unlimited Membership","155.76","0.00"
"Studio Barre 57","2025-12-06, 9:00 AM","Supreme HQ, Bandra","Senior Trainer","0.95","Atulan","Purohit","","","Purva Agrawal","purva02@gmail.com","2025-11-29, 11:44 AM","No","No","Yes","Subscription","Studio 1 Month Unlimited Membership","1500.00","0.00"
"Studio Barre 57","2025-12-06, 9:00 AM","Supreme HQ, Bandra","Senior Trainer","0.95","Atulan","Purohit","","","Shona Barua","shonabarua27@gmail.com","2025-11-29, 10:06 AM","Yes","No","No","Subscription","Studio Annual Unlimited Membership","155.76","0.00"
"Studio Cardio Barre","2025-12-05, 10:15 AM","Supreme HQ, Bandra","Senior Trainer","0.95","Atulan","Purohit","","","Reyna Jagtiani","reyna@twaincommunications.com","2025-12-05, 10:17 AM","Yes","No","No","Package","Studio Staff/Family Class","0.00","0.00"
"Studio Cardio Barre","2025-12-05, 10:15 AM","Supreme HQ, Bandra","Senior Trainer","0.95","Atulan","Purohit","","","Isha Sanghi","ishusanghi@gmail.com","2025-12-05, 10:11 AM","Yes","No","No","Multiple payment methods","","1575.00","0.00"
"Studio Cardio Barre","2025-12-05, 10:15 AM","Supreme HQ, Bandra","Senior Trainer","0.95","Atulan","Purohit","","","Janvi Jain","work.janvijainn@gmail.com","2025-12-04, 9:52 PM","Yes","No","No","Package","Studio Open Barre Class","0.00","0.00"
"Studio Cardio Barre","2025-12-05, 10:15 AM","Supreme HQ, Bandra","Senior Trainer","0.95","Atulan","Purohit","","","Shraddha Shah","shraddha.sen108@gmail.com","2025-12-03, 5:33 PM","Yes","No","No","Package","Barre 2 week Unlimited","446.25","0.00"
"Studio FIT","2025-12-05, 9:00 AM","Supreme HQ, Bandra","Senior Trainer","0.95","Atulan","Purohit","","","Joyeeta Dutta","joyeetad17@gmail.com","2025-12-04, 11:22 PM","No","No","Yes","Subscription","Studio 3 Month Unlimited Membership","827.90","0.00"
"Studio FIT","2025-12-05, 9:00 AM","Supreme HQ, Bandra","Senior Trainer","0.95","Atulan","Purohit","","","Pooja Chen","gadk.pooja@gmail.com","2025-12-02, 6:26 AM","No","No","Yes","Subscription","Studio 1 Month Unlimited Membership","1047.25","0.00"
"Studio FIT","2025-12-05, 9:00 AM","Supreme HQ, Bandra","Senior Trainer","0.95","Atulan","Purohit","","","Leena C","lchaudhari08@gmail.com","2025-12-01, 2:25 PM","Yes","No","No","Subscription","Studio 6 Month Unlimited Membership","1028.39","0.00"
"Studio FIT","2025-12-05, 9:00 AM","Supreme HQ, Bandra","Senior Trainer","0.95","Atulan","Purohit","","","Gopi Chawla","gachawla@hotmail.com","2025-11-29, 9:52 AM","Yes","No","No","Subscription","Studio Annual Unlimited Membership","155.76","0.00"
"Studio FIT","2025-12-05, 9:00 AM","Supreme HQ, Bandra","Senior Trainer","0.95","Atulan","Purohit","","","Kanchaan Kaicker ","kanchaan1991@gmail.com","2025-11-29, 2:01 AM","Yes","No","No","Subscription","Studio 3 Month Unlimited Membership","387.13","0.00"
"Studio FIT","2025-12-05, 9:00 AM","Supreme HQ, Bandra","Senior Trainer","0.95","Atulan","Purohit","","","HUSNA BOOTWALLA","husnajumani93@gmail.com","2025-11-28, 5:46 PM","Yes","No","No","Subscription","Studio 6 Month Unlimited Membership","1279.95","0.00"
"Studio FIT","2025-12-05, 9:00 AM","Supreme HQ, Bandra","Senior Trainer","0.95","Atulan","Purohit","","","Prachi Ghadge","prachighadge1@gmail.com","2025-11-28, 11:06 AM","Yes","No","No","Subscription","Studio 3 Month Unlimited Membership","1500.00","0.00"
"Studio FIT","2025-12-05, 9:00 AM","Supreme HQ, Bandra","Senior Trainer","0.95","Atulan","Purohit","","","Anisha Goel","anisha.pestonji@gmail.com","2025-11-28, 9:55 AM","Yes","No","No","Subscription","Studio Annual Unlimited Membership","14.60","0.00"
"Studio FIT","2025-12-05, 9:00 AM","Supreme HQ, Bandra","Senior Trainer","0.95","Atulan","Purohit","","","Shona Barua","shonabarua27@gmail.com","2025-11-28, 9:35 AM","Yes","No","No","Subscription","Studio Annual Unlimited Membership","155.76","0.00"
"Studio FIT","2025-12-05, 9:00 AM","Supreme HQ, Bandra","Senior Trainer","0.95","Atulan","Purohit","","","Sanjam  Kini ","sanjam.sahni@gmail.com","2025-11-28, 9:08 AM","Yes","No","No","Subscription","Studio Annual Unlimited Membership","15.00","0.00"
"Studio Back Body Blaze","2025-12-05, 7:30 AM","Supreme HQ, Bandra","Senior Trainer","0.95","Atulan","Purohit","","","Aniruddha Menon","aniruddhamenon93@gmail.com","2025-12-04, 8:46 PM","Yes","No","No","Subscription","Studio 6 Month Unlimited Membership","1500.00","0.00"
"Studio Back Body Blaze","2025-12-05, 7:30 AM","Supreme HQ, Bandra","Senior Trainer","0.95","Atulan","Purohit","","","Divya Notani","divinotani@gmail.com","2025-12-04, 11:59 AM","Yes","No","No","Subscription","Studio 12 Class Package","1316.88","0.00"
"Studio Back Body Blaze","2025-12-05, 7:30 AM","Supreme HQ, Bandra","Senior Trainer","0.95","Atulan","Purohit","","","Purva Agrawal","purva02@gmail.com","2025-11-28, 2:50 PM","No","No","Yes","Subscription","Studio 1 Month Unlimited Membership","1500.00","0.00"
"Studio Back Body Blaze","2025-12-05, 7:30 AM","Supreme HQ, Bandra","Senior Trainer","0.95","Atulan","Purohit","","","Miti Joshi","joshimiti08@gmail.com","2025-11-28, 11:31 AM","Yes","No","No","Subscription","Studio 3 Month Unlimited Membership","722.96","0.00"
"Studio Back Body Blaze","2025-12-05, 7:30 AM","Supreme HQ, Bandra","Senior Trainer","0.95","Atulan","Purohit","","","Siya  Kumar ","siyakumar91@gmail.com","2025-11-28, 10:12 AM","Yes","No","No","Subscription","Studio Annual Unlimited Membership","155.76","0.00"
"Strength Lab (Push) ","2025-12-04, 7:15 PM","Kwality House, Kemps Corner","Senior Trainer","1.00","Atulan","Purohit","","","Alina Shah","aliesweddings@gmail.com","2025-12-04, 4:14 PM","Yes","No","No","Subscription","Studio 12 Class Package","1316.88","0.00"
"Strength Lab (Push) ","2025-12-04, 7:15 PM","Kwality House, Kemps Corner","Senior Trainer","1.00","Atulan","Purohit","","","Latisha Shah","latishashah@gmail.com","2025-12-03, 5:47 PM","Yes","No","No","Subscription","Studio 1 Month Unlimited Membership","1500.00","0.00"
"Studio Back Body Blaze Express","2025-12-04, 6:15 PM","Kwality House, Kemps Corner","Senior Trainer","0.75","Atulan","Purohit","","","Dhanushi Dhandhukiya","dhanu.dhandhukiya@gmail.com","2025-12-04, 6:19 PM","Yes","No","No","Subscription","Studio 6 Month Unlimited Membership","1158.86","0.00"
"Studio Back Body Blaze Express","2025-12-04, 6:15 PM","Kwality House, Kemps Corner","Senior Trainer","0.75","Atulan","Purohit","","","Adya Khandelwal","adyakhandelwal1@gmail.com","2025-12-04, 6:18 PM","Yes","No","No","Subscription","Studio 12 Class Package","1316.88","0.00"
"Studio Back Body Blaze Express","2025-12-04, 6:15 PM","Kwality House, Kemps Corner","Senior Trainer","0.75","Atulan","Purohit","","","Diya Shivdasani","diyashivdasani@gmail.com","2025-12-04, 6:17 PM","Yes","No","No","Subscription","Studio 1 Month Unlimited Membership","887.50","0.00"
"Studio Back Body Blaze Express","2025-12-04, 6:15 PM","Kwality House, Kemps Corner","Senior Trainer","0.75","Atulan","Purohit","","","Avni Padsala ","avnipadsala@gmail.com","2025-12-04, 5:45 PM","Yes","No","No","Subscription","Studio 6 Month Unlimited Membership","1143.41","0.00"
"Studio Back Body Blaze Express","2025-12-04, 6:15 PM","Kwality House, Kemps Corner","Senior Trainer","0.75","Atulan","Purohit","","","Dhanshri Merchant","dhanshri.merchant@gmail.com","2025-12-04, 5:35 PM","Yes","No","No","Subscription","Studio 3 Month Unlimited Membership","898.28","0.00"
"Studio Back Body Blaze Express","2025-12-04, 6:15 PM","Kwality House, Kemps Corner","Senior Trainer","0.75","Atulan","Purohit","","","Dipali Ved","dipali911@gmail.com","2025-12-04, 4:31 PM","Yes","No","No","Subscription","Studio 12 Class Package","1128.75","0.00"
"Studio Back Body Blaze Express","2025-12-04, 6:15 PM","Kwality House, Kemps Corner","Senior Trainer","0.75","Atulan","Purohit","","","Kriti Singh","kritisingh1418@gmail.com","2025-12-04, 12:07 PM","Yes","No","No","Subscription","Studio 3 Month Unlimited Membership","1050.00","0.00"
"Studio Back Body Blaze Express","2025-12-04, 6:15 PM","Kwality House, Kemps Corner","Senior Trainer","0.75","Atulan","Purohit","","","Raysa Vahi","raysa.vahi@gmail.com","2025-12-03, 10:59 PM","Yes","No","No","Subscription","Barre 1 month Unlimited ","1500.00","0.00"
"Studio Back Body Blaze Express","2025-12-04, 6:15 PM","Kwality House, Kemps Corner","Senior Trainer","0.75","Atulan","Purohit","","","Nishi Chiniwala","nishichiniwala@gmail.com","2025-12-03, 10:34 AM","Yes","No","No","Subscription","Studio 6 Month Unlimited Membership","1500.00","0.00"
"Studio Back Body Blaze Express","2025-12-04, 6:15 PM","Kwality House, Kemps Corner","Senior Trainer","0.75","Atulan","Purohit","","","Aashna Mansharamani","aashnamansharamani@gmail.com","2025-12-01, 8:37 PM","Yes","No","No","Subscription","Barre 3 months Unlimited ","1350.79","0.00"
"Studio Cardio Barre","2025-12-03, 10:15 AM","Kwality House, Kemps Corner","Senior Trainer","0.95","Atulan","Purohit","","","Thea Turner","theaturner2@gmail.com","2025-12-03, 10:12 AM","Yes","No","No","Subscription","Studio Annual Unlimited Membership","193.08","0.00"
"Studio Cardio Barre","2025-12-03, 10:15 AM","Kwality House, Kemps Corner","Senior Trainer","0.95","Atulan","Purohit","","","Madhu Kampani","madhukampani@gmail.com","2025-12-02, 9:19 PM","Yes","No","No","Subscription","Studio 12 Class Package","1316.88","0.00"
"Studio Cardio Barre","2025-12-03, 10:15 AM","Kwality House, Kemps Corner","Senior Trainer","0.95","Atulan","Purohit","","","Sreejita Deb","debsreejita23@gmail.com","2025-12-02, 7:17 PM","No","No","Yes","Subscription","Studio 12 Class Package","1316.88","0.00"
"Strength Lab (Pull) ","2025-12-03, 8:45 AM","Kwality House, Kemps Corner","Senior Trainer","1.00","Atulan","Purohit","","","Maithili Raut","maithili.raut@gmail.com","2025-12-03, 7:16 AM","Yes","No","No","Subscription","Studio Annual Unlimited Membership","155.76","0.00"
"Strength Lab (Pull) ","2025-12-03, 8:45 AM","Kwality House, Kemps Corner","Senior Trainer","1.00","Atulan","Purohit","","","Sharon Mittal","sharonjadhav95@gmail.com","2025-12-02, 5:43 PM","Yes","No","No","Subscription","Studio Annual Unlimited Membership","15.01","0.00"
"Strength Lab (Pull) ","2025-12-03, 8:45 AM","Kwality House, Kemps Corner","Senior Trainer","1.00","Atulan","Purohit","","","Sanjana Kochhar","sanjbhansali@gmail.com","2025-11-30, 5:08 PM","Yes","No","No","Subscription","Studio 1 Month Unlimited Membership","582.42","0.00"
"Strength Lab (Pull) ","2025-12-03, 8:45 AM","Kwality House, Kemps Corner","Senior Trainer","1.00","Atulan","Purohit","","","Sanna Balsari","s.linnea7@gmail.com","2025-11-27, 10:12 AM","Yes","No","No","Package","Studio 2 Week Unlimited Membership","10.42","0.00"
"Strength Lab (Pull) ","2025-12-03, 8:45 AM","Kwality House, Kemps Corner","Senior Trainer","1.00","Atulan","Purohit","","","HUSNA BOOTWALLA","husnajumani93@gmail.com","2025-11-26, 10:18 AM","Yes","No","No","Subscription","Studio 6 Month Unlimited Membership","1279.95","0.00"
"Strength Lab (Pull) ","2025-12-03, 8:45 AM","Kwality House, Kemps Corner","Senior Trainer","1.00","Atulan","Purohit","","","Kanchaan Kaicker ","kanchaan1991@gmail.com","2025-11-26, 10:18 AM","Yes","No","No","Subscription","Studio 3 Month Unlimited Membership","387.13","0.00"
"Strength Lab (Pull) ","2025-12-03, 8:45 AM","Kwality House, Kemps Corner","Senior Trainer","1.00","Atulan","Purohit","","","Shona Barua","shonabarua27@gmail.com","2025-11-26, 9:47 AM","Yes","No","No","Subscription","Studio Annual Unlimited Membership","155.76","0.00"
"Strength Lab (Push) ","2025-12-03, 7:30 AM","Kwality House, Kemps Corner","Senior Trainer","0.83","Atulan","Purohit","","","Zara Rustomji","zararustomji@gmail.com","2025-12-02, 9:43 PM","Yes","No","No","Subscription","Studio 8 Class Package","1338.75","0.00"
"Strength Lab (Push) ","2025-12-03, 7:30 AM","Kwality House, Kemps Corner","Senior Trainer","0.83","Atulan","Purohit","","","Simran Shahani","simran_shahani@icloud.com","2025-11-29, 10:31 PM","No","No","Yes","Subscription","Studio 3 Month Unlimited Membership","1500.00","0.00"
"Studio Mat 57","2025-12-02, 11:00 AM","Kwality House, Kemps Corner","Senior Trainer","0.95","Atulan","Purohit","","","Karishma Kirpalani","karishh124@gmail.com","2025-12-02, 11:10 AM","Yes","No","No","Subscription","Studio 3 Month Unlimited Membership","1330.78","0.00"
"Studio Mat 57","2025-12-02, 11:00 AM","Kwality House, Kemps Corner","Senior Trainer","0.95","Atulan","Purohit","","","Shyna Setavad","setalvadshaina@gmail.com","2025-12-02, 10:59 AM","Yes","No","No","Subscription","Studio 12 Class Package","1316.88","0.00"
"Studio Mat 57","2025-12-02, 11:00 AM","Kwality House, Kemps Corner","Senior Trainer","0.95","Atulan","Purohit","","","Niharika Malik","niharika@mercuryind.com","2025-12-02, 10:58 AM","Yes","No","No","Subscription","Studio 3 Month Unlimited Membership","1216.88","0.00"
"Studio Mat 57","2025-12-02, 11:00 AM","Kwality House, Kemps Corner","Senior Trainer","0.95","Atulan","Purohit","","","Jeenoo Khakhar","jeenookhakhar@gmail.com","2025-12-02, 10:57 AM","Yes","No","No","Subscription","Studio Annual Unlimited Membership","15.58","0.00"
"Studio Mat 57","2025-12-02, 11:00 AM","Kwality House, Kemps Corner","Senior Trainer","0.95","Atulan","Purohit","","","Tanya  Shanti ","tsgoott@gmail.com","2025-12-02, 10:56 AM","Yes","No","No","Subscription","Studio 8 Class Package","1338.75","0.00"
"Studio Mat 57","2025-12-02, 11:00 AM","Kwality House, Kemps Corner","Senior Trainer","0.95","Atulan","Purohit","","","Zainab Bagsaria","zainab.retiwala@yahoo.in","2025-12-02, 10:35 AM","Yes","No","No","Package","Studio 2 Week Unlimited Membership","10.42","0.00"
"Studio Mat 57","2025-12-02, 11:00 AM","Kwality House, Kemps Corner","Senior Trainer","0.95","Atulan","Purohit","","","Benaaz  Mistry","benaazmistry@gmail.com","2025-12-02, 8:54 AM","Yes","No","No","Subscription","Studio 30 Single Class Pack","1338.75","0.00"
"Studio Mat 57","2025-12-02, 11:00 AM","Kwality House, Kemps Corner","Senior Trainer","0.95","Atulan","Purohit","","","Mallika Kumar","malikakumar60@gmail.com","2025-12-01, 11:32 PM","No","No","Yes","Subscription","Studio 1 Month Unlimited Membership","1500.00","0.00"
"Studio Mat 57","2025-12-02, 11:00 AM","Kwality House, Kemps Corner","Senior Trainer","0.95","Atulan","Purohit","","","Gauri Nayar","gauriknayar@gmail.com","2025-12-01, 7:08 PM","Yes","No","No","Subscription","Studio Annual Unlimited Membership","155.76","0.00"
"Studio Mat 57","2025-12-02, 11:00 AM","Kwality House, Kemps Corner","Senior Trainer","0.95","Atulan","Purohit","","","Pooja Kabra","kabra_pooja@hotmail.com","2025-12-01, 7:04 PM","Yes","No","No","Subscription","Studio Annual Unlimited Membership","155.76","0.00"
"Studio Mat 57","2025-12-02, 11:00 AM","Kwality House, Kemps Corner","Senior Trainer","0.95","Atulan","Purohit","","","Reena  Chhabra","reenachh@gmail.com","2025-11-27, 5:35 PM","Yes","No","No","Subscription","Studio 6 Month Unlimited Membership","635.23","0.00"
"Studio Amped Up! ( Band Land )","2025-12-02, 8:30 AM","Kwality House, Kemps Corner","Senior Trainer","0.95","Atulan","Purohit","","","Niti Didwania","nitididwania@gmail.com","2025-12-02, 8:27 AM","Yes","No","No","Subscription","Studio 12 Class Package","1128.75","0.00"
"Studio Amped Up! ( Band Land )","2025-12-02, 8:30 AM","Kwality House, Kemps Corner","Senior Trainer","0.95","Atulan","Purohit","","","Radhika Khandelwal","radhikak602@gmail.com","2025-12-02, 8:27 AM","Yes","No","No","Subscription","Studio 30 Single Class Pack","1338.75","0.00"
"Studio Amped Up! ( Band Land )","2025-12-02, 8:30 AM","Kwality House, Kemps Corner","Senior Trainer","0.95","Atulan","Purohit","","","Ria Chauhan Vora","ria@apwig.com","2025-12-02, 8:24 AM","Yes","No","No","Subscription","Studio 6 Month Unlimited Membership","1500.00","0.00"
"Studio Amped Up! ( Band Land )","2025-12-02, 8:30 AM","Kwality House, Kemps Corner","Senior Trainer","0.95","Atulan","Purohit","","","Priya Mehta","priyamehta2889@gmail.com","2025-12-02, 8:22 AM","Yes","No","No","Subscription","Studio 8 Class Package","1338.75","0.00"
"Studio Amped Up! ( Band Land )","2025-12-02, 8:30 AM","Kwality House, Kemps Corner","Senior Trainer","0.95","Atulan","Purohit","","","Shikhar  Garodia","shikhargarodia@gmail.com","2025-12-01, 7:30 PM","Yes","No","No","Subscription","Studio 1 Month Unlimited Membership","838.69","0.00"
"Studio Amped Up! ( Band Land )","2025-12-02, 8:30 AM","Kwality House, Kemps Corner","Senior Trainer","0.95","Atulan","Purohit","","","Sharon Mittal","sharonjadhav95@gmail.com","2025-11-29, 8:25 PM","Yes","No","No","Subscription","Studio Annual Unlimited Membership","15.01","0.00"
"Studio Amped Up! ( Band Land )","2025-12-02, 8:30 AM","Kwality House, Kemps Corner","Senior Trainer","0.95","Atulan","Purohit","","","Hinal Kuvadia","kuvadia.hinal@gmail.com","2025-11-28, 10:20 PM","No","No","Yes","Subscription","Studio 1 Month Unlimited Membership","887.50","0.00"
"Strength Lab (Pull) ","2025-12-01, 7:15 PM","Kwality House, Kemps Corner","Senior Trainer","1.00","Atulan","Purohit","","","Rudra Lamba","production@twism.co.in","2025-12-01, 7:11 PM","Yes","No","No","Subscription","Studio 12 Class Package","1119.34","0.00"
"Strength Lab (Pull) ","2025-12-01, 7:15 PM","Kwality House, Kemps Corner","Senior Trainer","1.00","Atulan","Purohit","","","Latisha Shah","latishashah@gmail.com","2025-12-01, 7:00 PM","Yes","No","No","Subscription","Studio 1 Month Unlimited Membership","1500.00","0.00"
"Strength Lab (Pull) ","2025-12-01, 7:15 PM","Kwality House, Kemps Corner","Senior Trainer","1.00","Atulan","Purohit","","","Raman Lamba","turbanbuddha@gmail.com","2025-12-01, 4:54 PM","Yes","No","No","Subscription","Studio 3 Month Unlimited Membership","644.33","0.00"
"Strength Lab (Pull) ","2025-12-01, 7:15 PM","Kwality House, Kemps Corner","Senior Trainer","1.00","Atulan","Purohit","","","Haren  Bhatia ","haren.bhatia98@gmail.com","2025-12-01, 3:55 PM","Yes","No","No","Package","Studio Complimentary Referral Class","0.00","0.00"
"Strength Lab (Pull) ","2025-12-01, 7:15 PM","Kwality House, Kemps Corner","Senior Trainer","1.00","Atulan","Purohit","","","Ishitaa Bhatia","ishitaa.bhatia@gmail.com","2025-12-01, 1:48 PM","Yes","No","No","Subscription","Studio 3 Month Unlimited Membership","1283.25","0.00"
"Strength Lab (Pull) ","2025-12-01, 7:15 PM","Kwality House, Kemps Corner","Senior Trainer","1.00","Atulan","Purohit","","","Antaraa Vasudev","antaraav@yahoo.co.uk","2025-12-01, 11:36 AM","Yes","No","No","Package","Studio Complimentary Referral Class","0.00","0.00"
"Studio FIT","2025-12-01, 6:00 PM","Kwality House, Kemps Corner","Senior Trainer","1.00","Atulan","Purohit","","","Niti Didwania","nitididwania@gmail.com","2025-12-01, 5:58 PM","Yes","No","No","Subscription","Studio 12 Class Package","1128.75","0.00"
"Studio FIT","2025-12-01, 6:00 PM","Kwality House, Kemps Corner","Senior Trainer","1.00","Atulan","Purohit","","","Dimple Saglani","dimplesaglani@gmail.com","2025-12-01, 5:58 PM","Yes","No","No","Subscription","Studio 1 Month Unlimited Membership","1433.65","0.00"
"Studio FIT","2025-12-01, 6:00 PM","Kwality House, Kemps Corner","Senior Trainer","1.00","Atulan","Purohit","","","Ritika Prasad","ritikashahabadi@gmail.com","2025-12-01, 5:58 PM","Yes","No","No","Subscription","Studio 8 Class Package","1338.75","0.00"
"Studio FIT","2025-12-01, 6:00 PM","Kwality House, Kemps Corner","Senior Trainer","1.00","Atulan","Purohit","","","Safia Tapal","safia.tapal@gmail.com","2025-12-01, 5:36 PM","Yes","No","No","Package","Studio Open Barre Class","0.00","0.00"
"Studio FIT","2025-12-01, 6:00 PM","Kwality House, Kemps Corner","Senior Trainer","1.00","Atulan","Purohit","","","Roxan Jokhi","roxan.patel@gmail.com","2025-12-01, 3:32 PM","Yes","No","No","Subscription","Barre 3 months Unlimited ","969.57","0.00"
"Studio FIT","2025-12-01, 6:00 PM","Kwality House, Kemps Corner","Senior Trainer","1.00","Atulan","Purohit","","","Simran Advani","simranadvani@hotmail.com","2025-11-29, 8:12 PM","Yes","No","No","Subscription","Studio 20 Single Class Pack","1500.00","0.00"