"Class Name","Class Date","Location","Payrate","Total Revenue","Base Payout","Additional Payout","Total Payout","Tip","Participants","Checked in","Comps","Checked In Comps","Late Cancellations","Non Paid Customers","Time (h)","Instructor First Name","Instructor Last Name","Employee Code","Payrate Code"
"powerCycle","2025-12-10, 10:00 AM","Kwality House, Kemps Corner","Junior Trainer","5178.43","1250.00","0.00","1250.00","0.00","7","6","0","0","1","0","0.83","Anmol","Sharma","",""
"powerCycle","2025-12-17, 10:00 AM","Kwality House, Kemps Corner","Junior Trainer","0.00","1250.00","0.00","1250.00","0.00","0","0","0","0","0","0","0.83","Anmol","Sharma","",""
"powerCycle","2025-12-03, 10:00 AM","Kwality House, Kemps Corner","Junior Trainer","7458.32","1250.00","0.00","1250.00","0.00","6","6","0","0","0","0","0.83","Anmol","Sharma","",""
"powerCycle","2025-12-16, 6:00 PM","Kwality House, Kemps Corner","Junior Trainer","0.00","1250.00","0.00","1250.00","0.00","0","0","0","0","0","0","0.83","Anmol","Sharma","",""
"powerCycle","2025-12-15, 7:30 PM","Kwality House, Kemps Corner","Junior Trainer","0.00","1250.00","0.00","1250.00","0.00","0","0","0","0","0","0","0.83","Anmol","Sharma","",""
"powerCycle","2025-12-15, 6:00 PM","Kwality House, Kemps Corner","Junior Trainer","2287.50","1250.00","0.00","1250.00","0.00","2","0","0","0","0","0","0.83","Anmol","Sharma","",""
"powerCycle","2025-12-14, 5:00 PM","Kwality House, Kemps Corner","Junior Trainer","0.00","1250.00","0.00","1250.00","0.00","0","0","0","0","0","0","0.83","Anmol","Sharma","",""
"powerCycle","2025-12-11, 7:15 PM","Supreme HQ, Bandra","Junior Trainer","1500.00","1250.00","0.00","1250.00","0.00","1","0","0","0","0","0","0.83","Anmol","Sharma","",""
"powerCycle  ( PolyJAMourous )","2025-12-11, 6:00 PM","Supreme HQ, Bandra","Junior Trainer","1404.38","1250.00","0.00","1250.00","0.00","1","0","0","0","0","0","0.83","Anmol","Sharma","",""
"powerCycle","2025-12-09, 6:00 PM","Kwality House, Kemps Corner","Junior Trainer","3021.13","1250.00","0.00","1250.00","0.00","4","4","0","0","0","0","0.83","Anmol","Sharma","",""
"powerCycle","2025-12-08, 7:30 PM","Kwality House, Kemps Corner","Junior Trainer","6477.59","1250.00","0.00","1250.00","0.00","5","5","0","0","0","0","0.83","Anmol","Sharma","",""
"powerCycle","2025-12-08, 6:00 PM","Kwality House, Kemps Corner","Junior Trainer","6000.00","1250.00","0.00","1250.00","0.00","4","4","0","0","0","0","0.83","Anmol","Sharma","",""
"powerCycle","2025-12-07, 5:00 PM","Kwality House, Kemps Corner","Junior Trainer","6075.00","1250.00","0.00","1250.00","0.00","4","4","0","0","0","0","0.83","Anmol","Sharma","",""
"powerCycle ( Disney Pop )","2025-12-06, 11:00 AM","Supreme HQ, Bandra","Junior Trainer","3647.93","1250.00","0.00","1250.00","0.00","3","2","0","0","1","0","0.83","Anmol","Sharma","",""
"powerCycle ","2025-12-06, 9:30 AM","Supreme HQ, Bandra","Junior Trainer","10926.26","1250.00","0.00","1250.00","0.00","10","9","0","0","1","2","0.83","Anmol","Sharma","",""
"powerCycle Express","2025-12-05, 7:15 PM","Kwality House, Kemps Corner","Junior Trainer","1500.00","1250.00","0.00","1250.00","0.00","1","1","0","0","0","0","0.67","Anmol","Sharma","",""
"powerCycle","2025-12-04, 7:15 PM","Supreme HQ, Bandra","Junior Trainer","2674.75","1250.00","0.00","1250.00","0.00","2","1","0","0","1","0","0.83","Anmol","Sharma","",""
"powerCycle","2025-12-04, 6:00 PM","Supreme HQ, Bandra","Junior Trainer","1500.00","1250.00","0.00","1250.00","0.00","1","0","0","0","1","0","0.83","Anmol","Sharma","",""
"powerCycle","2025-12-02, 6:00 PM","Kwality House, Kemps Corner","Junior Trainer","1515.01","1250.00","0.00","1250.00","0.00","2","2","0","0","0","0","0.83","Anmol","Sharma","",""
"powerCycle","2025-12-01, 7:30 PM","Kwality House, Kemps Corner","Junior Trainer","4500.00","1250.00","0.00","1250.00","0.00","3","3","0","0","0","0","0.83","Anmol","Sharma","",""
"powerCycle","2025-12-01, 6:00 PM","Kwality House, Kemps Corner","Junior Trainer","1655.76","1250.00","0.00","1250.00","0.00","2","2","0","0","0","0","0.83","Anmol","Sharma","",""