"Class Name","Class Date","Location","Payrate","Total Revenue","Base Payout","Additional Payout","Total Payout","Tip","Participants","Checked in","Comps","Checked In Comps","Late Cancellations","Non Paid Customers","Time (h)","Instructor First Name","Instructor Last Name","Employee Code","Payrate Code"
"Studio Barre 57","2025-12-17, 7:15 PM","Supreme HQ, Bandra","Junior Trainer","0.00","1250.00","0.00","1250.00","0.00","0","0","0","0","0","0","0.95","Simonelle","De Vitre","",""
"Studio Cardio Barre Express","2025-12-17, 6:00 PM","Supreme HQ, Bandra","Junior Trainer","0.00","1250.00","0.00","1250.00","0.00","0","0","0","0","0","0","0.75","Simonelle","De Vitre","",""
"Studio Recovery","2025-12-16, 8:00 PM","Supreme HQ, Bandra","Junior Trainer","0.00","1250.00","0.00","1250.00","0.00","0","0","0","0","0","0","0.50","Simonelle","De Vitre","",""
"Studio Barre 57","2025-12-16, 7:00 PM","Supreme HQ, Bandra","Junior Trainer","0.00","1250.00","0.00","1250.00","0.00","0","0","0","0","0","0","0.95","Simonelle","De Vitre","",""
"Studio Mat 57","2025-12-16, 5:45 PM","Supreme HQ, Bandra","Junior Trainer","0.00","1250.00","0.00","1250.00","0.00","0","0","0","0","0","0","0.95","Simonelle","De Vitre","",""
"Studio Barre 57","2025-12-15, 10:00 AM","Kwality House, Kemps Corner","Junior Trainer","0.00","1250.00","0.00","1250.00","0.00","0","0","0","0","0","0","0.95","Simonelle","De Vitre","",""
"Studio Barre 57","2025-12-15, 7:30 AM","Kwality House, Kemps Corner","Junior Trainer","0.00","1250.00","0.00","1250.00","0.00","0","0","0","0","0","0","0.95","Simonelle","De Vitre","",""
"Studio Cardio Barre","2025-12-13, 6:15 PM","Supreme HQ, Bandra","Junior Trainer","0.00","1250.00","0.00","1250.00","0.00","0","0","0","0","0","0","0.95","Simonelle","De Vitre","",""
"Studio Cardio Barre","2025-12-12, 7:15 PM","Supreme HQ, Bandra","Junior Trainer","0.00","1250.00","0.00","1250.00","0.00","0","0","0","0","0","0","1.00","Simonelle","De Vitre","",""
"Studio Barre 57","2025-12-12, 6:00 PM","Supreme HQ, Bandra","Junior Trainer","0.00","1250.00","0.00","1250.00","0.00","0","0","0","0","0","0","0.95","Simonelle","De Vitre","",""
"Studio Barre 57","2025-12-10, 7:15 PM","Supreme HQ, Bandra","Junior Trainer","4410.80","1250.00","0.00","1250.00","0.00","6","5","0","0","1","0","0.95","Simonelle","De Vitre","",""
"Studio Cardio Barre Express","2025-12-10, 6:00 PM","Supreme HQ, Bandra","Junior Trainer","1551.33","1250.00","0.00","1250.00","0.00","2","2","0","0","0","0","0.75","Simonelle","De Vitre","",""
"Studio Recovery","2025-12-09, 8:00 PM","Supreme HQ, Bandra","Junior Trainer","1500.00","1250.00","0.00","1250.00","0.00","2","2","0","0","0","1","0.50","Simonelle","De Vitre","",""
"Studio Barre 57","2025-12-09, 7:00 PM","Supreme HQ, Bandra","Junior Trainer","3893.36","1250.00","0.00","1250.00","0.00","4","4","0","0","0","1","0.95","Simonelle","De Vitre","",""
"Studio Mat 57","2025-12-09, 5:45 PM","Supreme HQ, Bandra","Junior Trainer","2022.34","1250.00","0.00","1250.00","0.00","3","2","0","0","1","0","0.95","Simonelle","De Vitre","",""
"Studio Barre 57","2025-12-08, 10:00 AM","Kwality House, Kemps Corner","Junior Trainer","2715.54","1250.00","0.00","1250.00","0.00","3","3","0","0","0","0","0.95","Simonelle","De Vitre","",""
"Studio Barre 57","2025-12-08, 7:30 AM","Kwality House, Kemps Corner","Junior Trainer","6683.90","1250.00","0.00","1250.00","0.00","9","9","0","0","0","1","0.95","Simonelle","De Vitre","",""
"powerCycle ( Retro -Future Nostalgia )","2025-12-07, 6:30 PM","Supreme HQ, Bandra","Junior Trainer","2388.04","1250.00","0.00","1250.00","0.00","3","2","0","0","1","0","0.67","Simonelle","De Vitre","",""
"Studio Barre 57","2025-12-07, 5:00 PM","Supreme HQ, Bandra","Junior Trainer","3165.85","1250.00","0.00","1250.00","0.00","5","5","0","0","0","2","0.95","Simonelle","De Vitre","",""
"Studio Cardio Barre","2025-12-06, 6:15 PM","Supreme HQ, Bandra","Junior Trainer","1770.62","1250.00","0.00","1250.00","0.00","2","2","0","0","0","0","0.95","Simonelle","De Vitre","",""
"Studio Barre 57","2025-12-05, 5:45 PM","Kwality House, Kemps Corner","Junior Trainer","9488.99","1250.00","0.00","1250.00","0.00","9","9","0","0","0","1","0.95","Simonelle","De Vitre","",""
"Studio Barre 57","2025-12-03, 7:15 PM","Supreme HQ, Bandra","Junior Trainer","4242.55","1250.00","0.00","1250.00","0.00","8","7","0","0","1","2","0.95","Simonelle","De Vitre","",""
"Studio Cardio Barre Express","2025-12-03, 6:00 PM","Supreme HQ, Bandra","Junior Trainer","4119.34","1250.00","0.00","1250.00","0.00","4","3","0","0","1","1","0.75","Simonelle","De Vitre","",""
"Studio Cardio Barre","2025-12-03, 10:15 AM","Supreme HQ, Bandra","Junior Trainer","2816.88","1250.00","0.00","1250.00","0.00","2","1","0","0","1","0","0.95","Simonelle","De Vitre","",""
"Studio Barre 57","2025-12-03, 9:00 AM","Supreme HQ, Bandra","Junior Trainer","3522.50","1250.00","0.00","1250.00","0.00","3","3","0","0","0","0","0.95","Simonelle","De Vitre","",""
"Studio Recovery","2025-12-02, 8:00 PM","Supreme HQ, Bandra","Junior Trainer","8011.18","1250.00","0.00","1250.00","0.00","10","9","0","0","1","1","0.50","Simonelle","De Vitre","",""
"Studio Barre 57","2025-12-02, 7:00 PM","Supreme HQ, Bandra","Junior Trainer","7696.25","1250.00","0.00","1250.00","0.00","8","8","0","0","0","1","0.95","Simonelle","De Vitre","",""
"Studio Mat 57","2025-12-02, 5:45 PM","Supreme HQ, Bandra","Junior Trainer","4025.04","1250.00","0.00","1250.00","0.00","5","5","0","0","0","1","0.95","Simonelle","De Vitre","",""
"Studio Barre 57","2025-12-01, 10:00 AM","Kwality House, Kemps Corner","Junior Trainer","10820.95","1250.00","0.00","1250.00","0.00","10","9","0","0","1","2","0.95","Simonelle","De Vitre","",""
"Studio Barre 57","2025-12-01, 7:30 AM","Kwality House, Kemps Corner","Junior Trainer","2116.87","1250.00","0.00","1250.00","0.00","5","5","0","0","0","1","0.95","Simonelle","De Vitre","",""