"Class Name","Class Date","Location","Payrate","Time (h)","Instructor First Name","Instructor Last Name","Employee Code","Payrate Code","Customer Name","Customer Email","Sale Date","Checked in","Checked in","Late Cancelled","Payment Method","Payment Method Name","Paid","Instructor Payout"
"powerCycle","2025-12-14, 10:00 AM","Supreme HQ, Bandra","Standard Trainer","0.67","Reshma","Sharma","","","Teenal Sethi","teenal.sethi@gmail.com","2025-12-11, 9:51 AM","No","No","No","Subscription","Studio Extended 10 Single Class Pack","1417.50","0.00"
"powerCycle","2025-12-14, 10:00 AM","Supreme HQ, Bandra","Standard Trainer","0.67","Reshma","Sharma","","","Siya  Kumar ","siyakumar91@gmail.com","2025-12-09, 7:41 PM","No","No","No","Subscription","Studio Annual Unlimited Membership","155.76","0.00"
"Strength Lab (Push) ","2025-12-13, 11:30 AM","Kwality House, Kemps Corner","Standard Trainer","1.00","Reshma","Sharma","","","Tiana Taraporvala","tianataraporvala@gmail.com","2025-12-09, 6:41 PM","No","No","No","UPI","","1575.00","0.00"
"Strength Lab (Push) ","2025-12-13, 11:30 AM","Kwality House, Kemps Corner","Standard Trainer","1.00","Reshma","Sharma","","","Alya Mistry","alyamistry@hotmail.com","2025-12-09, 6:09 PM","No","No","No","Subscription","Studio 20 Single Class Pack","1500.00","0.00"
"Studio Barre 57","2025-12-13, 10:15 AM","Kwality House, Kemps Corner","Standard Trainer","0.95","Reshma","Sharma","","","Sunita Singhania","sunitasinghania60@gmail.com","2025-12-11, 1:04 PM","No","No","No","Subscription","Studio 12 Class Package","1316.88","0.00"
"Studio Barre 57","2025-12-13, 10:15 AM","Kwality House, Kemps Corner","Standard Trainer","0.95","Reshma","Sharma","","","Alisha Shah","alishacshah@gmail.com","2025-12-10, 7:28 PM","No","No","No","UPI","","1575.00","0.00"
"Studio Barre 57","2025-12-13, 10:15 AM","Kwality House, Kemps Corner","Standard Trainer","0.95","Reshma","Sharma","","","Srabasti  Dhali","srabastid@gmail.com","2025-12-10, 7:09 PM","No","No","No","Package","Studio Open Barre Class","0.00","0.00"
"Studio Barre 57","2025-12-13, 10:15 AM","Kwality House, Kemps Corner","Standard Trainer","0.95","Reshma","Sharma","","","Heena Kothari","heenakothari1997@gmail.com","2025-12-10, 7:09 PM","No","No","No","UPI","","1575.00","0.00"
"Studio Barre 57","2025-12-13, 10:15 AM","Kwality House, Kemps Corner","Standard Trainer","0.95","Reshma","Sharma","","","Nishu Malhotra","nishu.malhotra@gmail.com","2025-12-10, 6:45 PM","No","No","No","Package","Studio Open Barre Class","0.00","0.00"
"Studio Barre 57","2025-12-13, 10:15 AM","Kwality House, Kemps Corner","Standard Trainer","0.95","Reshma","Sharma","","","Gayatri  B","gayatri9bajaj@gmail.com","2025-12-10, 5:24 PM","No","No","No","Subscription","Studio Extended 10 Single Class Pack","1500.00","0.00"
"Studio Barre 57","2025-12-13, 10:15 AM","Kwality House, Kemps Corner","Standard Trainer","0.95","Reshma","Sharma","","","Niyomi Shah","niyomi2701@gmail.com","2025-12-09, 7:55 PM","No","No","No","Package","Studio Open Barre Class","0.00","0.00"
"Studio Barre 57","2025-12-13, 10:15 AM","Kwality House, Kemps Corner","Standard Trainer","0.95","Reshma","Sharma","","","Anjie Kakar","anjiekakar@gmail.com","2025-12-09, 12:08 PM","No","No","No","Package","Studio Referrer Complimentary Class Package","0.00","0.00"
"Studio Barre 57","2025-12-13, 10:15 AM","Kwality House, Kemps Corner","Standard Trainer","0.95","Reshma","Sharma","","","Supriya Ravishankar","supriya.ravishankar@gmail.com","2025-12-08, 6:54 PM","No","No","No","Subscription","Studio Extended 10 Single Class Pack","1417.50","0.00"
"Studio Barre 57","2025-12-13, 10:15 AM","Kwality House, Kemps Corner","Standard Trainer","0.95","Reshma","Sharma","","","Roopali Misra","roopali@icloud.com","2025-12-08, 11:17 AM","No","No","No","Subscription","Barre 1 month Unlimited ","1200.94","0.00"
"Strength Lab (Push) ","2025-12-13, 9:00 AM","Kwality House, Kemps Corner","Standard Trainer","1.00","Reshma","Sharma","","","Shikhar  Garodia","shikhargarodia@gmail.com","2025-12-09, 9:42 PM","No","No","No","Subscription","Studio 1 Month Unlimited Membership","838.69","0.00"
"Strength Lab (Push) ","2025-12-13, 9:00 AM","Kwality House, Kemps Corner","Standard Trainer","1.00","Reshma","Sharma","","","Anisha Goel","anisha.pestonji@gmail.com","2025-12-06, 6:30 PM","No","No","No","Subscription","Studio Annual Unlimited Membership","14.60","0.00"
"Strength Lab (Push) ","2025-12-13, 9:00 AM","Kwality House, Kemps Corner","Standard Trainer","1.00","Reshma","Sharma","","","Mallika Mhatre","mallikamhatre1980@gmail.com","2025-12-06, 9:20 AM","No","No","No","Subscription","Studio Annual Unlimited Membership","15.01","0.00"
"powerCycle","2025-12-10, 7:30 PM","Kwality House, Kemps Corner","Standard Trainer","0.83","Reshma","Sharma","","","Ishitaa Bhatia","ishitaa.bhatia@gmail.com","2025-12-10, 5:33 PM","Yes","No","No","Subscription","Studio 3 Month Unlimited Membership","1283.25","0.00"
"powerCycle","2025-12-10, 7:30 PM","Kwality House, Kemps Corner","Standard Trainer","0.83","Reshma","Sharma","","","Alya Mistry","alyamistry@hotmail.com","2025-12-10, 5:14 PM","Yes","No","No","Subscription","Studio 20 Single Class Pack","1500.00","0.00"
"powerCycle","2025-12-10, 7:30 PM","Kwality House, Kemps Corner","Standard Trainer","0.83","Reshma","Sharma","","","Zoya  Saqlain ","zoyalakdawala98@gmail.com","2025-12-10, 11:52 AM","Yes","No","No","Subscription","Studio 3 Month Unlimited Membership","1500.00","0.00"
"powerCycle","2025-12-10, 7:30 PM","Kwality House, Kemps Corner","Standard Trainer","0.83","Reshma","Sharma","","","Sanya  Shetty ","sanya.s.shetty09@gmail.com","2025-12-09, 8:15 PM","Yes","No","No","Package","Newcomers 2 For 1","787.50","0.00"
"powerCycle","2025-12-10, 7:30 PM","Kwality House, Kemps Corner","Standard Trainer","0.83","Reshma","Sharma","","","Jai Balan","jaibalan2001@gmail.com","2025-12-09, 8:15 PM","Yes","No","No","Package","Newcomers 2 For 1","787.50","0.00"
"Strength Lab (Push) ","2025-12-10, 6:00 PM","Kwality House, Kemps Corner","Standard Trainer","1.00","Reshma","Sharma","","","Yash  Sanghvi","sanghviyash@hotmail.com","2025-12-09, 5:53 PM","Yes","No","No","Subscription","Studio 6 Month Unlimited Membership","1500.00","0.00"
"Strength Lab (Push) ","2025-12-10, 6:00 PM","Kwality House, Kemps Corner","Standard Trainer","1.00","Reshma","Sharma","","","Divya Somaiya","divyasomaiya@gmail.com","2025-12-05, 11:35 AM","Yes","No","No","Subscription","Studio 1 Month Unlimited Membership","1500.00","0.00"
"Studio Mat 57","2025-12-09, 11:00 AM","Kwality House, Kemps Corner","Standard Trainer","0.95","Reshma","Sharma","","","Shrradha  Setalvad ","setalvad.shrradha@gmail.com","2025-12-09, 12:11 PM","Yes","No","No","UPI","","1575.00","0.00"
"Studio Mat 57","2025-12-09, 11:00 AM","Kwality House, Kemps Corner","Standard Trainer","0.95","Reshma","Sharma","","","Thea Turner","theaturner2@gmail.com","2025-12-09, 12:05 PM","Yes","No","No","Subscription","Studio Annual Unlimited Membership","193.08","0.00"
"Studio Mat 57","2025-12-09, 11:00 AM","Kwality House, Kemps Corner","Standard Trainer","0.95","Reshma","Sharma","","","Tanya  Shanti ","tsgoott@gmail.com","2025-12-09, 11:00 AM","Yes","No","No","Subscription","Studio 8 Class Package","1338.75","0.00"
"Studio Mat 57","2025-12-09, 11:00 AM","Kwality House, Kemps Corner","Standard Trainer","0.95","Reshma","Sharma","","","Jeenoo Khakhar","jeenookhakhar@gmail.com","2025-12-09, 10:58 AM","Yes","No","No","Subscription","Studio Annual Unlimited Membership","15.58","0.00"
"Studio Mat 57","2025-12-09, 11:00 AM","Kwality House, Kemps Corner","Standard Trainer","0.95","Reshma","Sharma","","","Anupama Mhatre","anupamamhatre08@gmail.com","2025-12-09, 10:57 AM","Yes","No","No","Package","Studio Staff/Family Class","0.00","0.00"
"Studio Mat 57","2025-12-09, 11:00 AM","Kwality House, Kemps Corner","Standard Trainer","0.95","Reshma","Sharma","","","Shyna Setavad","setalvadshaina@gmail.com","2025-12-09, 10:56 AM","Yes","No","No","Subscription","Studio 12 Class Package","1316.88","0.00"
"Studio Mat 57","2025-12-09, 11:00 AM","Kwality House, Kemps Corner","Standard Trainer","0.95","Reshma","Sharma","","","Muskaan Mandhana","mm.mandhana@gmail.com","2025-12-09, 10:55 AM","Yes","No","No","Subscription","Studio 8 Class Package","1338.75","0.00"
"Studio Mat 57","2025-12-09, 11:00 AM","Kwality House, Kemps Corner","Standard Trainer","0.95","Reshma","Sharma","","","Reena  Chhabra","reenachh@gmail.com","2025-12-09, 10:54 AM","Yes","No","No","Subscription","Studio 6 Month Unlimited Membership","635.23","0.00"
"Studio Mat 57","2025-12-09, 11:00 AM","Kwality House, Kemps Corner","Standard Trainer","0.95","Reshma","Sharma","","","Raysa Vahi","raysa.vahi@gmail.com","2025-12-09, 10:46 AM","Yes","No","No","Subscription","Barre 1 month Unlimited ","1500.00","0.00"
"Studio Mat 57","2025-12-09, 11:00 AM","Kwality House, Kemps Corner","Standard Trainer","0.95","Reshma","Sharma","","","Nikita Pacheriwal","ntodi@hotmail.com","2025-12-09, 7:03 AM","Yes","No","No","Subscription","Studio 3 Month Unlimited Membership","1500.00","0.00"
"Studio Mat 57","2025-12-09, 11:00 AM","Kwality House, Kemps Corner","Standard Trainer","0.95","Reshma","Sharma","","","Anjie Kakar","anjiekakar@gmail.com","2025-12-08, 8:24 PM","Yes","No","No","Package","Studio Referrer Complimentary Class Package","0.00","0.00"
"Studio Mat 57","2025-12-09, 11:00 AM","Kwality House, Kemps Corner","Standard Trainer","0.95","Reshma","Sharma","","","Zainab Bagsaria","zainab.retiwala@yahoo.in","2025-12-08, 2:41 PM","No","No","Yes","Package","Studio 2 Week Unlimited Membership","10.42","0.00"
"Studio Mat 57","2025-12-09, 11:00 AM","Kwality House, Kemps Corner","Standard Trainer","0.95","Reshma","Sharma","","","Roopali Misra","roopali@icloud.com","2025-12-08, 11:30 AM","Yes","No","No","Subscription","Barre 1 month Unlimited ","1200.94","0.00"
"Studio Mat 57","2025-12-09, 11:00 AM","Kwality House, Kemps Corner","Standard Trainer","0.95","Reshma","Sharma","","","Devlina Dalal","devlina_3492@hotmail.com","2025-12-07, 10:46 AM","Yes","No","No","Subscription","Studio 1 Month Unlimited Membership","1288.92","0.00"
"Studio Mat 57","2025-12-09, 11:00 AM","Kwality House, Kemps Corner","Standard Trainer","0.95","Reshma","Sharma","","","Nikhita Mahtani","nikhitamahtani@gmail.com","2025-12-05, 2:46 PM","Yes","No","No","Package","Studio 4 Class Package","1404.38","0.00"
"Studio Amped Up! ( Endurance challenge )","2025-12-09, 8:30 AM","Kwality House, Kemps Corner","Standard Trainer","0.95","Reshma","Sharma","","","Niti Didwania","nitididwania@gmail.com","2025-12-09, 8:39 AM","Yes","No","No","Subscription","Studio 12 Class Package","1128.75","0.00"
"Studio Amped Up! ( Endurance challenge )","2025-12-09, 8:30 AM","Kwality House, Kemps Corner","Standard Trainer","0.95","Reshma","Sharma","","","Radhika Khandelwal","radhikak602@gmail.com","2025-12-09, 8:31 AM","Yes","No","No","Subscription","Studio 30 Single Class Pack","1338.75","0.00"
"Studio Amped Up! ( Endurance challenge )","2025-12-09, 8:30 AM","Kwality House, Kemps Corner","Standard Trainer","0.95","Reshma","Sharma","","","Niyanta Datta","niyantadatta@gmail.com","2025-12-09, 8:25 AM","Yes","No","No","Subscription","Studio Annual Unlimited Membership","161.70","0.00"
"Studio Amped Up! ( Endurance challenge )","2025-12-09, 8:30 AM","Kwality House, Kemps Corner","Standard Trainer","0.95","Reshma","Sharma","","","Ria Chauhan Vora","ria@apwig.com","2025-12-09, 8:19 AM","Yes","No","No","Subscription","Studio 6 Month Unlimited Membership","1500.00","0.00"
"Studio Amped Up! ( Endurance challenge )","2025-12-09, 8:30 AM","Kwality House, Kemps Corner","Standard Trainer","0.95","Reshma","Sharma","","","Sunaina Kewalramani","sukewalramani@gmail.com","2025-12-09, 8:14 AM","Yes","No","No","Subscription","Studio Annual Unlimited Membership","14.60","0.00"
"Studio Amped Up! ( Endurance challenge )","2025-12-09, 8:30 AM","Kwality House, Kemps Corner","Standard Trainer","0.95","Reshma","Sharma","","","Shikhar  Garodia","shikhargarodia@gmail.com","2025-12-08, 8:58 PM","Yes","No","No","Subscription","Studio 1 Month Unlimited Membership","838.69","0.00"
"Studio Amped Up! ( Endurance challenge )","2025-12-09, 8:30 AM","Kwality House, Kemps Corner","Standard Trainer","0.95","Reshma","Sharma","","","Gauri Nayar","gauriknayar@gmail.com","2025-12-08, 7:01 PM","Yes","No","No","Subscription","Studio Annual Unlimited Membership","155.76","0.00"
"Studio Amped Up! ( Endurance challenge )","2025-12-09, 8:30 AM","Kwality House, Kemps Corner","Standard Trainer","0.95","Reshma","Sharma","","","Maithili Raut","maithili.raut@gmail.com","2025-12-08, 5:23 PM","No","No","Yes","Subscription","Studio Annual Unlimited Membership","155.76","0.00"
"Studio Amped Up! ( Endurance challenge )","2025-12-09, 8:30 AM","Kwality House, Kemps Corner","Standard Trainer","0.95","Reshma","Sharma","","","Bijuri Shah","bijuri@gmail.com","2025-12-07, 2:19 PM","No","No","Yes","Subscription","Studio 6 Month Unlimited Membership","1500.00","0.00"
"Studio Cardio Barre Plus","2025-12-08, 11:30 AM","Kwality House, Kemps Corner","Standard Trainer","0.95","Reshma","Sharma","","","Poonam Agarwal","p_mukim@yahoo.com","2025-12-08, 11:37 AM","Yes","No","No","Subscription","Studio Annual Unlimited Membership","15.00","0.00"
"Studio Cardio Barre Plus","2025-12-08, 11:30 AM","Kwality House, Kemps Corner","Standard Trainer","0.95","Reshma","Sharma","","","Jeenoo Khakhar","jeenookhakhar@gmail.com","2025-12-08, 11:30 AM","Yes","No","No","Subscription","Studio Annual Unlimited Membership","15.58","0.00"
"Studio Cardio Barre Plus","2025-12-08, 11:30 AM","Kwality House, Kemps Corner","Standard Trainer","0.95","Reshma","Sharma","","","Rabia Kader","rabea.j@live.com","2025-12-08, 11:23 AM","Yes","No","No","Subscription","Studio 3 Month Unlimited Membership","1500.00","0.00"
"Studio Cardio Barre Plus","2025-12-08, 11:30 AM","Kwality House, Kemps Corner","Standard Trainer","0.95","Reshma","Sharma","","","Raysa Vahi","raysa.vahi@gmail.com","2025-12-08, 11:20 AM","Yes","No","No","Subscription","Barre 1 month Unlimited ","1500.00","0.00"
"Studio Cardio Barre Plus","2025-12-08, 11:30 AM","Kwality House, Kemps Corner","Standard Trainer","0.95","Reshma","Sharma","","","Zainab Bagsaria","zainab.retiwala@yahoo.in","2025-12-08, 10:51 AM","Yes","No","No","Package","Studio 2 Week Unlimited Membership","10.42","0.00"
"Studio Cardio Barre Plus","2025-12-08, 11:30 AM","Kwality House, Kemps Corner","Standard Trainer","0.95","Reshma","Sharma","","","Devia  Cornelius ","devia.cornelius@gmail.com","2025-12-08, 10:44 AM","Yes","No","No","Subscription","Studio Annual Unlimited Membership","15.01","0.00"
"Studio Cardio Barre Plus","2025-12-08, 11:30 AM","Kwality House, Kemps Corner","Standard Trainer","0.95","Reshma","Sharma","","","Pooja Kabra","kabra_pooja@hotmail.com","2025-12-08, 9:59 AM","Yes","No","No","Subscription","Studio Annual Unlimited Membership","155.76","0.00"
"Strength Lab (Push) ","2025-12-08, 9:15 AM","Kwality House, Kemps Corner","Standard Trainer","1.00","Reshma","Sharma","","","Devlina Dalal","devlina_3492@hotmail.com","2025-12-07, 10:46 AM","Yes","No","No","Subscription","Studio 1 Month Unlimited Membership","1288.92","0.00"
"powerCycle","2025-12-08, 8:00 AM","Kwality House, Kemps Corner","Standard Trainer","0.83","Reshma","Sharma","","","Anushka Shah","anushkakshah@gmail.com","2025-12-08, 7:52 AM","Yes","No","No","UPI","","1575.00","0.00"
"powerCycle","2025-12-08, 8:00 AM","Kwality House, Kemps Corner","Standard Trainer","0.83","Reshma","Sharma","","","Amruta Patil","amrutavpatil@gmail.com","2025-12-08, 7:48 AM","Yes","No","No","Subscription","Studio Annual Unlimited Membership","14.07","0.00"
"powerCycle","2025-12-08, 8:00 AM","Kwality House, Kemps Corner","Standard Trainer","0.83","Reshma","Sharma","","","Shikhar  Garodia","shikhargarodia@gmail.com","2025-12-08, 7:06 AM","Yes","No","No","Subscription","Studio 1 Month Unlimited Membership","838.69","0.00"
"powerCycle","2025-12-08, 8:00 AM","Kwality House, Kemps Corner","Standard Trainer","0.83","Reshma","Sharma","","","Mahika Thakur","mrt368@nyu.edu","2025-12-07, 9:27 PM","Yes","No","No","Subscription","Studio Annual Unlimited Membership","155.76","0.00"
"powerCycle","2025-12-08, 8:00 AM","Kwality House, Kemps Corner","Standard Trainer","0.83","Reshma","Sharma","","","Jitendra Bokadia ","jkbokadia@gmail.com","2025-12-06, 11:42 AM","Yes","No","No","Subscription","Studio Annual Unlimited Membership","161.70","0.00"
"powerCycle","2025-12-08, 8:00 AM","Kwality House, Kemps Corner","Standard Trainer","0.83","Reshma","Sharma","","","Alec Sharp","asharp777@yahoo.com","2025-12-02, 6:08 PM","Yes","No","No","Package","Studio 4 Class Package","1404.38","0.00"