"Class Name","Class Date","Location","Payrate","Total Revenue","Base Payout","Additional Payout","Total Payout","Tip","Participants","Checked in","Comps","Checked In Comps","Late Cancellations","Non Paid Customers","Time (h)","Instructor First Name","Instructor Last Name","Employee Code","Payrate Code"
"Physique 57 x Meghana's powerCycle Hosted Class","2025-12-07, 10:00 AM","Supreme HQ, Bandra","Junior Trainer","0.00","1250.00","0.00","1250.00","0.00","12","11","0","0","1","12","0.83","Bret","Saldanha","",""
"powerCycle","2025-12-15, 7:30 PM","Supreme HQ, Bandra","Junior Trainer","1404.38","1250.00","0.00","1250.00","0.00","1","0","0","0","0","0","0.83","Bret","Saldanha","",""
"powerCycle ( Concert Energy )","2025-12-15, 6:00 PM","Supreme HQ, Bandra","Junior Trainer","0.00","1250.00","0.00","1250.00","0.00","0","0","0","0","0","0","0.83","Bret","Saldanha","",""
"powerCycle","2025-12-13, 5:00 PM","Supreme HQ, Bandra","Junior Trainer","2816.88","1250.00","0.00","1250.00","0.00","2","0","0","0","0","0","0.83","Bret","Saldanha","",""
"powerCycle","2025-12-12, 10:00 AM","Kwality House, Kemps Corner","Junior Trainer","0.00","1250.00","0.00","1250.00","0.00","0","0","0","0","0","0","0.83","Bret","Saldanha","",""
"powerCycle","2025-12-12, 8:30 AM","Kwality House, Kemps Corner","Junior Trainer","1404.38","1250.00","0.00","1250.00","0.00","1","0","0","0","0","0","0.83","Bret","Saldanha","",""
"powerCycle","2025-12-08, 7:30 PM","Supreme HQ, Bandra","Junior Trainer","8277.93","1250.00","0.00","1250.00","0.00","7","7","0","0","0","0","0.83","Bret","Saldanha","",""
"powerCycle","2025-12-08, 6:00 PM","Supreme HQ, Bandra","Junior Trainer","1170.67","1250.00","0.00","1250.00","0.00","2","2","0","0","0","0","0.83","Bret","Saldanha","",""
"powerCycle Express","2025-12-07, 11:30 AM","Supreme HQ, Bandra","Junior Trainer","8228.66","1250.00","0.00","1250.00","0.00","7","6","0","0","1","0","0.67","Bret","Saldanha","",""
"powerCycle","2025-12-06, 5:00 PM","Supreme HQ, Bandra","Junior Trainer","5008.76","1250.00","0.00","1250.00","0.00","5","4","0","0","1","1","0.83","Bret","Saldanha","",""
"powerCycle","2025-12-05, 10:00 AM","Kwality House, Kemps Corner","Junior Trainer","2097.43","1250.00","0.00","1250.00","0.00","3","2","0","0","1","0","0.83","Bret","Saldanha","",""
"powerCycle","2025-12-05, 8:30 AM","Kwality House, Kemps Corner","Junior Trainer","7833.75","1250.00","0.00","1250.00","0.00","7","7","0","0","0","1","0.83","Bret","Saldanha","",""
"powerCycle","2025-12-04, 9:30 AM","Kwality House, Kemps Corner","Junior Trainer","3155.76","1250.00","0.00","1250.00","0.00","3","3","0","0","0","0","0.83","Bret","Saldanha","",""
"powerCycle","2025-12-04, 8:00 AM","Kwality House, Kemps Corner","Junior Trainer","1588.26","1250.00","0.00","1250.00","0.00","4","3","0","0","1","1","0.83","Bret","Saldanha","",""
"powerCycle ( Rock vs Techno )","2025-12-01, 7:30 PM","Supreme HQ, Bandra","Junior Trainer","4128.75","1250.00","0.00","1250.00","0.00","3","3","0","0","0","0","0.83","Bret","Saldanha","",""
"powerCycle","2025-12-01, 6:00 PM","Supreme HQ, Bandra","Junior Trainer","2436.22","1250.00","0.00","1250.00","0.00","2","2","0","0","0","0","0.83","Bret","Saldanha","",""