"Class Name","Class Date","Location","Payrate","Total Revenue","Base Payout","Additional Payout","Total Payout","Tip","Participants","Checked in","Comps","Checked In Comps","Late Cancellations","Non Paid Customers","Time (h)","Instructor First Name","Instructor Last Name","Employee Code","Payrate Code"
"Physique 57 x Kareena's Barre Hosted Class","2025-12-07, 12:45 PM","Supreme HQ, Bandra","Junior Trainer","0.00","1250.00","0.00","1250.00","0.00","13","8","0","0","5","13","0.95","Cauveri","Vikrant","",""
"powerCycle","2025-12-10, 8:00 AM","Kwality House, Kemps Corner","Junior Trainer","7575.05","1250.00","0.00","1250.00","0.00","7","7","0","0","0","1","0.83","Cauveri","Vikrant","",""
"powerCycle","2025-12-15, 10:00 AM","Supreme HQ, Bandra","Junior Trainer","0.00","1250.00","0.00","1250.00","0.00","0","0","0","0","0","0","0.83","Cauveri","Vikrant","",""
"powerCycle","2025-12-15, 8:45 AM","Supreme HQ, Bandra","Junior Trainer","15.01","1250.00","0.00","1250.00","0.00","1","0","0","0","0","0","0.83","Cauveri","Vikrant","",""
"powerCycle","2025-12-14, 11:30 AM","Kwality House, Kemps Corner","Junior Trainer","2338.69","1250.00","0.00","1250.00","0.00","2","0","0","0","0","0","0.83","Cauveri","Vikrant","",""
"Studio Cardio Barre","2025-12-14, 10:15 AM","Kwality House, Kemps Corner","Junior Trainer","1350.79","1250.00","0.00","1250.00","0.00","2","0","0","0","0","1","0.95","Cauveri","Vikrant","",""
"powerCycle","2025-12-13, 11:30 AM","Kwality House, Kemps Corner","Junior Trainer","1661.70","1250.00","0.00","1250.00","0.00","2","0","0","0","0","0","0.83","Cauveri","Vikrant","",""
"powerCycle","2025-12-13, 10:00 AM","Kwality House, Kemps Corner","Junior Trainer","2721.26","1250.00","0.00","1250.00","0.00","3","0","0","0","0","1","0.83","Cauveri","Vikrant","",""
"Studio Cardio Barre Express","2025-12-13, 8:00 AM","Kwality House, Kemps Corner","Junior Trainer","5850.79","1250.00","0.00","1250.00","0.00","4","0","0","0","0","0","0.75","Cauveri","Vikrant","",""
"powerCycle Express ( Only Legends )","2025-12-12, 7:30 PM","Supreme HQ, Bandra","Junior Trainer","155.76","1250.00","0.00","1250.00","0.00","1","0","0","0","0","0","0.67","Cauveri","Vikrant","",""
"powerCycle","2025-12-12, 6:00 PM","Supreme HQ, Bandra","Junior Trainer","2838.75","1250.00","0.00","1250.00","0.00","2","0","0","0","0","0","0.83","Cauveri","Vikrant","",""
"Studio FIT ( SUPER SETS )","2025-12-11, 7:30 PM","Supreme HQ, Bandra","Junior Trainer","3714.52","1250.00","0.00","1250.00","0.00","3","0","0","0","0","0","1.00","Cauveri","Vikrant","",""
"Studio Barre 57","2025-12-11, 6:15 PM","Supreme HQ, Bandra","Junior Trainer","5107.75","1250.00","0.00","1250.00","0.00","7","0","0","0","0","1","0.95","Cauveri","Vikrant","",""
"Studio Barre 57","2025-12-10, 11:30 AM","Kwality House, Kemps Corner","Junior Trainer","5933.99","1250.00","0.00","1250.00","0.00","6","6","0","0","0","0","0.95","Cauveri","Vikrant","",""
"Studio Barre 57","2025-12-10, 9:15 AM","Kwality House, Kemps Corner","Junior Trainer","4255.35","1250.00","0.00","1250.00","0.00","5","3","0","0","2","1","0.95","Cauveri","Vikrant","",""
"powerCycle","2025-12-08, 10:00 AM","Supreme HQ, Bandra","Junior Trainer","6138.94","1250.00","0.00","1250.00","0.00","11","9","0","0","2","2","0.83","Cauveri","Vikrant","",""
"powerCycle ( Boy Bands )","2025-12-08, 8:45 AM","Supreme HQ, Bandra","Junior Trainer","2929.81","1250.00","0.00","1250.00","0.00","4","3","0","0","1","0","0.83","Cauveri","Vikrant","",""
"Studio Cardio Barre","2025-12-07, 11:30 AM","Supreme HQ, Bandra","Junior Trainer","15.01","1250.00","0.00","1250.00","0.00","1","1","0","0","0","0","1.00","Cauveri","Vikrant","",""
"Studio Barre 57","2025-12-07, 10:15 AM","Supreme HQ, Bandra","Junior Trainer","6687.18","1250.00","0.00","1250.00","0.00","8","6","0","0","2","1","0.95","Cauveri","Vikrant","",""
"powerCycle","2025-12-06, 11:30 AM","Kwality House, Kemps Corner","Junior Trainer","12627.59","1250.00","0.00","1250.00","0.00","10","9","0","0","1","1","0.83","Cauveri","Vikrant","",""
"powerCycle","2025-12-06, 10:00 AM","Kwality House, Kemps Corner","Junior Trainer","1515.00","1250.00","0.00","1250.00","0.00","2","2","0","0","0","0","0.83","Cauveri","Vikrant","",""
"Studio Cardio Barre Express","2025-12-06, 8:00 AM","Kwality House, Kemps Corner","Junior Trainer","4602.83","1250.00","0.00","1250.00","0.00","4","4","0","0","0","0","0.75","Cauveri","Vikrant","",""
"powerCycle Express","2025-12-05, 7:30 PM","Supreme HQ, Bandra","Junior Trainer","17939.92","1250.00","0.00","1250.00","0.00","15","12","0","0","3","0","0.67","Cauveri","Vikrant","",""
"powerCycle","2025-12-05, 6:00 PM","Supreme HQ, Bandra","Junior Trainer","8849.48","1250.00","0.00","1250.00","0.00","8","7","0","0","1","0","0.83","Cauveri","Vikrant","",""
"Studio FIT","2025-12-04, 7:30 PM","Supreme HQ, Bandra","Junior Trainer","12346.29","1250.00","0.00","1250.00","0.00","10","9","0","0","1","0","1.00","Cauveri","Vikrant","",""
"Studio Barre 57","2025-12-04, 6:15 PM","Supreme HQ, Bandra","Junior Trainer","5303.49","1250.00","0.00","1250.00","0.00","5","4","0","0","1","0","0.95","Cauveri","Vikrant","",""
"Studio Back Body Blaze Express","2025-12-03, 7:15 PM","Supreme HQ, Bandra","Junior Trainer","3509.42","1250.00","0.00","1250.00","0.00","4","4","0","0","0","0","0.95","Cauveri","Vikrant","",""
"powerCycle ( Disney Pop )","2025-12-03, 6:00 PM","Supreme HQ, Bandra","Junior Trainer","7889.47","1250.00","0.00","1250.00","0.00","7","7","0","0","0","0","0.83","Cauveri","Vikrant","",""
"powerCycle Express","2025-12-02, 7:15 PM","Supreme HQ, Bandra","Junior Trainer","6847.49","1250.00","0.00","1250.00","0.00","6","6","0","0","0","0","0.67","Cauveri","Vikrant","",""
"powerCycle","2025-12-02, 6:00 PM","Supreme HQ, Bandra","Junior Trainer","4399.26","1250.00","0.00","1250.00","0.00","5","5","0","0","0","1","0.83","Cauveri","Vikrant","",""