"Class Name","Class Date","Location","Payrate","Total Revenue","Base Payout","Additional Payout","Total Payout","Tip","Participants","Checked in","Comps","Checked In Comps","Late Cancellations","Non Paid Customers","Time (h)","Instructor First Name","Instructor Last Name","Employee Code","Payrate Code"
"powerCycle","2025-12-17, 7:30 PM","Kwality House, Kemps Corner","Standard Trainer","0.00","1500.00","0.00","1500.00","0.00","0","0","0","0","0","0","0.83","Reshma","Sharma","",""
"Strength Lab (Push) ","2025-12-17, 6:00 PM","Kwality House, Kemps Corner","Standard Trainer","0.00","1500.00","0.00","1500.00","0.00","0","0","0","0","0","0","1.00","Reshma","Sharma","",""
"Studio Mat 57","2025-12-16, 11:00 AM","Kwality House, Kemps Corner","Standard Trainer","0.00","1500.00","0.00","1500.00","0.00","0","0","0","0","0","0","0.95","Reshma","Sharma","",""
"Studio Amped Up! ( Circle Circus )","2025-12-16, 8:30 AM","Kwality House, Kemps Corner","Standard Trainer","0.00","1500.00","0.00","1500.00","0.00","0","0","0","0","0","0","0.95","Reshma","Sharma","",""
"Studio Cardio Barre Plus","2025-12-15, 11:30 AM","Kwality House, Kemps Corner","Standard Trainer","0.00","1500.00","0.00","1500.00","0.00","0","0","0","0","0","0","0.95","Reshma","Sharma","",""
"Strength Lab (Push) ","2025-12-15, 9:15 AM","Kwality House, Kemps Corner","Standard Trainer","0.00","1500.00","0.00","1500.00","0.00","0","0","0","0","0","0","1.00","Reshma","Sharma","",""
"powerCycle","2025-12-15, 8:00 AM","Kwality House, Kemps Corner","Standard Trainer","0.00","1500.00","0.00","1500.00","0.00","0","0","0","0","0","0","0.83","Reshma","Sharma","",""
"powerCycle Express","2025-12-14, 11:30 AM","Supreme HQ, Bandra","Standard Trainer","0.00","1500.00","0.00","1500.00","0.00","0","0","0","0","0","0","0.67","Reshma","Sharma","",""
"powerCycle","2025-12-14, 10:00 AM","Supreme HQ, Bandra","Standard Trainer","1573.26","1500.00","0.00","1500.00","0.00","2","0","0","0","0","0","0.67","Reshma","Sharma","",""
"Strength Lab (Push) ","2025-12-13, 11:30 AM","Kwality House, Kemps Corner","Standard Trainer","3075.00","1500.00","0.00","1500.00","0.00","2","0","0","0","0","0","1.00","Reshma","Sharma","",""
"Studio Barre 57","2025-12-13, 10:15 AM","Kwality House, Kemps Corner","Standard Trainer","8585.32","1500.00","0.00","1500.00","0.00","10","0","0","0","0","4","0.95","Reshma","Sharma","",""
"Strength Lab (Push) ","2025-12-13, 9:00 AM","Kwality House, Kemps Corner","Standard Trainer","868.30","1500.00","0.00","1500.00","0.00","3","0","0","0","0","0","1.00","Reshma","Sharma","",""
"powerCycle","2025-12-10, 7:30 PM","Kwality House, Kemps Corner","Standard Trainer","5858.25","1500.00","0.00","1500.00","0.00","5","5","0","0","0","0","0.83","Reshma","Sharma","",""
"Strength Lab (Push) ","2025-12-10, 6:00 PM","Kwality House, Kemps Corner","Standard Trainer","3000.00","1500.00","0.00","1500.00","0.00","2","2","0","0","0","0","1.00","Reshma","Sharma","",""
"Studio Mat 57","2025-12-09, 11:00 AM","Kwality House, Kemps Corner","Standard Trainer","13317.93","1500.00","0.00","1500.00","0.00","15","14","0","0","1","2","0.95","Reshma","Sharma","",""
"Studio Amped Up! ( Endurance challenge )","2025-12-09, 8:30 AM","Kwality House, Kemps Corner","Standard Trainer","6794.01","1500.00","0.00","1500.00","0.00","9","7","0","0","2","0","0.95","Reshma","Sharma","",""
"Studio Cardio Barre Plus","2025-12-08, 11:30 AM","Kwality House, Kemps Corner","Standard Trainer","3211.77","1500.00","0.00","1500.00","0.00","7","7","0","0","0","0","0.95","Reshma","Sharma","",""
"Strength Lab (Push) ","2025-12-08, 9:15 AM","Kwality House, Kemps Corner","Standard Trainer","1288.92","1500.00","0.00","1500.00","0.00","1","1","0","0","0","0","1.00","Reshma","Sharma","",""
"powerCycle","2025-12-08, 8:00 AM","Kwality House, Kemps Corner","Standard Trainer","4149.60","1500.00","0.00","1500.00","0.00","6","6","0","0","0","0","0.83","Reshma","Sharma","",""