"Class Name","Class Date","Location","Payrate","Total Revenue","Base Payout","Additional Payout","Total Payout","Tip","Participants","Checked in","Comps","Checked In Comps","Late Cancellations","Non Paid Customers","Time (h)","Instructor First Name","Instructor Last Name","Employee Code","Payrate Code"
"Studio FIT","2025-12-18, 11:00 AM","Kwality House, Kemps Corner","Full Time","0.00","0.00","0.00","0.00","0.00","0","0","0","0","0","0","0.92","Vivaran","Dhasmana","",""
"powerCycle","2025-12-18, 9:30 AM","Kwality House, Kemps Corner","Full Time","0.00","0.00","0.00","0.00","0.00","0","0","0","0","0","0","0.83","Vivaran","Dhasmana","",""
"powerCycle","2025-12-18, 8:00 AM","Kwality House, Kemps Corner","Full Time","1500.00","0.00","0.00","0.00","0.00","1","0","0","0","0","0","0.83","Vivaran","Dhasmana","",""
"Studio FIT","2025-12-17, 11:00 AM","Supreme HQ, Bandra","Full Time","1120.58","0.00","0.00","0.00","0.00","1","0","0","0","0","0","0.95","Vivaran","Dhasmana","",""
"Studio Back Body Blaze","2025-12-17, 8:45 AM","Supreme HQ, Bandra","Full Time","3170.77","0.00","0.00","0.00","0.00","4","0","0","0","0","0","0.95","Vivaran","Dhasmana","",""
"Studio Cardio Barre","2025-12-17, 7:30 AM","Supreme HQ, Bandra","Full Time","1131.56","0.00","0.00","0.00","0.00","2","0","0","0","0","1","0.95","Vivaran","Dhasmana","",""
"powerCycle ( Spotify Wrapped )","2025-12-16, 9:45 AM","Supreme HQ, Bandra","Full Time","1053.50","0.00","0.00","0.00","0.00","1","0","0","0","0","0","0.83","Vivaran","Dhasmana","",""
"powerCycle","2025-12-16, 8:00 AM","Supreme HQ, Bandra","Full Time","1509.11","0.00","0.00","0.00","0.00","3","0","0","0","0","0","0.83","Vivaran","Dhasmana","",""
"Studio Cardio Barre","2025-12-15, 9:00 AM","Supreme HQ, Bandra","Full Time","170.76","0.00","0.00","0.00","0.00","2","0","0","0","0","0","0.95","Vivaran","Dhasmana","",""
"Studio Mat 57","2025-12-15, 7:30 AM","Supreme HQ, Bandra","Full Time","5138.44","0.00","0.00","0.00","0.00","4","0","0","0","0","0","0.95","Vivaran","Dhasmana","",""
"Studio Cardio Barre Plus","2025-12-12, 7:00 PM","Kwality House, Kemps Corner","Full Time","0.00","0.00","0.00","0.00","0.00","0","0","0","0","0","0","0.95","Vivaran","Dhasmana","",""
"Studio Barre 57","2025-12-12, 5:45 PM","Kwality House, Kemps Corner","Full Time","1200.94","0.00","0.00","0.00","0.00","1","0","0","0","0","0","0.95","Vivaran","Dhasmana","",""
"Studio FIT ( SUPER SETS )","2025-12-11, 11:00 AM","Kwality House, Kemps Corner","Full Time","2214.81","0.00","0.00","0.00","0.00","3","3","0","0","0","0","0.92","Vivaran","Dhasmana","",""
"powerCycle","2025-12-11, 9:30 AM","Kwality House, Kemps Corner","Full Time","1500.00","0.00","0.00","0.00","0.00","2","2","0","0","0","1","0.83","Vivaran","Dhasmana","",""
"powerCycle","2025-12-11, 8:00 AM","Kwality House, Kemps Corner","Full Time","7685.76","0.00","0.00","0.00","0.00","8","7","0","0","1","0","0.83","Vivaran","Dhasmana","",""
"Studio FIT ( SUPER SETS )","2025-12-10, 11:00 AM","Supreme HQ, Bandra","Full Time","5891.20","0.00","0.00","0.00","0.00","7","6","0","0","1","0","0.95","Vivaran","Dhasmana","",""
"Studio Back Body Blaze","2025-12-10, 8:45 AM","Supreme HQ, Bandra","Full Time","9141.78","0.00","0.00","0.00","0.00","14","11","0","0","3","0","0.95","Vivaran","Dhasmana","",""
"Studio Cardio Barre","2025-12-10, 7:30 AM","Supreme HQ, Bandra","Full Time","5343.87","0.00","0.00","0.00","0.00","7","7","0","0","0","0","0.95","Vivaran","Dhasmana","",""
"Studio Back Body Blaze","2025-12-09, 11:00 AM","Supreme HQ, Bandra","Full Time","3291.87","0.00","0.00","0.00","0.00","4","3","0","0","1","0","0.95","Vivaran","Dhasmana","",""
"Studio FIT ( SUPER SETS )","2025-12-09, 9:30 AM","Supreme HQ, Bandra","Full Time","5949.65","0.00","0.00","0.00","0.00","11","10","0","0","1","0","0.92","Vivaran","Dhasmana","",""
"powerCycle","2025-12-09, 8:00 AM","Supreme HQ, Bandra","Full Time","11053.86","0.00","0.00","0.00","0.00","11","10","0","0","1","0","0.83","Vivaran","Dhasmana","",""
"Studio Mat 57","2025-12-08, 7:30 AM","Supreme HQ, Bandra","Full Time","10475.01","0.00","0.00","0.00","0.00","9","6","0","0","3","0","0.95","Vivaran","Dhasmana","",""
"Studio Cardio Barre","2025-12-08, 9:00 AM","Supreme HQ, Bandra","Full Time","4603.98","0.00","0.00","0.00","0.00","9","9","0","0","0","0","0.95","Vivaran","Dhasmana","",""
"Studio Cardio Barre","2025-12-01, 9:00 AM","Supreme HQ, Bandra","Full Time","8678.65","0.00","0.00","0.00","0.00","12","11","0","0","1","0","0.95","Vivaran","Dhasmana","",""
"powerCycle Express","2025-12-04, 10:30 AM","Supreme HQ, Bandra","Full Time","2573.07","0.00","0.00","0.00","0.00","4","4","0","0","0","0","0.67","Vivaran","Dhasmana","",""
"Studio Barre 57","2025-12-04, 9:00 AM","Supreme HQ, Bandra","Full Time","5902.71","0.00","0.00","0.00","0.00","8","8","0","0","0","0","0.95","Vivaran","Dhasmana","",""
"Studio FIT","2025-12-04, 7:15 AM","Supreme HQ, Bandra","Full Time","5934.59","0.00","0.00","0.00","0.00","7","5","0","0","2","0","1.00","Vivaran","Dhasmana","",""
"powerCycle","2025-12-03, 7:30 PM","Kwality House, Kemps Corner","Full Time","1298.26","0.00","0.00","0.00","0.00","2","1","0","0","1","0","0.83","Vivaran","Dhasmana","",""
"Strength Lab (Push) ","2025-12-03, 6:00 PM","Kwality House, Kemps Corner","Full Time","4311.39","0.00","0.00","0.00","0.00","4","4","0","0","0","0","1.00","Vivaran","Dhasmana","",""
"powerCycle","2025-12-02, 9:45 AM","Supreme HQ, Bandra","Full Time","2779.83","0.00","0.00","0.00","0.00","4","3","0","0","1","0","0.83","Vivaran","Dhasmana","",""
"powerCycle ( Retro -Future Nostalgia )","2025-12-02, 8:00 AM","Supreme HQ, Bandra","Full Time","13016.75","0.00","0.00","0.00","0.00","13","9","0","0","4","0","0.83","Vivaran","Dhasmana","",""
"Studio Mat 57","2025-12-01, 7:30 AM","Supreme HQ, Bandra","Full Time","6066.56","0.00","0.00","0.00","0.00","6","6","0","0","0","0","0.95","Vivaran","Dhasmana","",""