"Class Name","Class Date","Location","Payrate","Time (h)","Instructor First Name","Instructor Last Name","Employee Code","Payrate Code","Customer Name","Customer Email","Sale Date","Checked in","Checked in","Late Cancelled","Payment Method","Payment Method Name","Paid","Instructor Payout"
"Physique 57 x Denver's Birthday Barre","2025-12-06, 1:00 PM","Supreme HQ, Bandra","Sr. Sr Trainer","0.95","Richard ","D'Costa","","","Denver  Ribeiro","dannystifler8@gmail.com","2025-12-06, 12:42 PM","Yes","No","No","Free","","0.00","0.00"
"Physique 57 x Denver's Birthday Barre","2025-12-06, 1:00 PM","Supreme HQ, Bandra","Sr. Sr Trainer","0.95","Richard ","D'Costa","","","Aashi  Jain","aashijain956@gmail.com","2025-12-05, 2:20 PM","Yes","No","No","Free","","0.00","0.00"
"Physique 57 x Denver's Birthday Barre","2025-12-06, 1:00 PM","Supreme HQ, Bandra","Sr. Sr Trainer","0.95","Richard ","D'Costa","","","Isha  Jain","ishain1998@gmail.com","2025-12-05, 11:54 AM","Yes","No","No","Free","","0.00","0.00"
"Physique 57 x Denver's Birthday Barre","2025-12-06, 1:00 PM","Supreme HQ, Bandra","Sr. Sr Trainer","0.95","Richard ","D'Costa","","","Akshata Singh","akshatasingh13@gmail.com","2025-12-04, 5:34 PM","Yes","No","No","Free","","0.00","0.00"
"Physique 57 x Denver's Birthday Barre","2025-12-06, 1:00 PM","Supreme HQ, Bandra","Sr. Sr Trainer","0.95","Richard ","D'Costa","","","Snehal  Panchal","snehalpanchal49@gmail.com","2025-12-04, 4:29 PM","Yes","No","No","Free","","0.00","0.00"
"Physique 57 x Denver's Birthday Barre","2025-12-06, 1:00 PM","Supreme HQ, Bandra","Sr. Sr Trainer","0.95","Richard ","D'Costa","","","Dharmika Gandhi","dharmikagandhi03@gmail.com","2025-12-04, 12:17 PM","Yes","No","No","Free","","0.00","0.00"
"Physique 57 x Denver's Birthday Barre","2025-12-06, 1:00 PM","Supreme HQ, Bandra","Sr. Sr Trainer","0.95","Richard ","D'Costa","","","Jaanvi  Lodha ","lodhajaanvi@gmail.com","2025-12-03, 6:23 PM","Yes","No","No","Free","","0.00","0.00"
"Physique 57 x Denver's Birthday Barre","2025-12-06, 1:00 PM","Supreme HQ, Bandra","Sr. Sr Trainer","0.95","Richard ","D'Costa","","","Kanika  Parikh","kansp2998@gmail.com","2025-12-03, 5:30 PM","Yes","No","No","Free","","0.00","0.00"
"Physique 57 x Denver's Birthday Barre","2025-12-06, 1:00 PM","Supreme HQ, Bandra","Sr. Sr Trainer","0.95","Richard ","D'Costa","","","Komal Jain","j.komal1998@gmail.com","2025-12-03, 4:43 PM","Yes","No","No","Free","","0.00","0.00"
"Studio Barre 57","2025-12-14, 5:00 PM","Supreme HQ, Bandra","Sr. Sr Trainer","0.95","Richard ","D'Costa","","","Shatakshy Bhatt","shatakshy.bhatt@gmail.com","2025-12-10, 2:33 PM","No","No","No","Package","Studio Open Barre Class","0.00","0.00"
"Studio Barre 57","2025-12-14, 5:00 PM","Supreme HQ, Bandra","Sr. Sr Trainer","0.95","Richard ","D'Costa","","","Monika  Chawla","monika.chawla@teachforindia.org","2025-12-08, 2:00 PM","No","No","No","Package","Studio Open Barre Class","0.00","0.00"
"Studio Cardio Barre","2025-12-12, 11:15 AM","Kwality House, Kemps Corner","Sr. Sr Trainer","1.00","Richard ","D'Costa","","","Sreejita Deb","debsreejita23@gmail.com","2025-12-10, 12:20 PM","No","No","No","Subscription","Studio 12 Class Package","1316.88","0.00"
"Studio Cardio Barre","2025-12-12, 11:15 AM","Kwality House, Kemps Corner","Sr. Sr Trainer","1.00","Richard ","D'Costa","","","Nikhita Mahtani","nikhitamahtani@gmail.com","2025-12-08, 2:53 PM","No","No","No","Package","Studio 4 Class Package","1404.38","0.00"
"Studio Barre 57","2025-12-12, 8:30 AM","Kwality House, Kemps Corner","Sr. Sr Trainer","0.95","Richard ","D'Costa","","","Tanvi Sait","tanvisait20@gmail.com","2025-12-11, 12:58 PM","No","No","No","Pay later","","0.00","0.00"
"Studio Barre 57","2025-12-12, 8:30 AM","Kwality House, Kemps Corner","Sr. Sr Trainer","0.95","Richard ","D'Costa","","","Gauri Sait","gaurisait@gmail.com","2025-12-11, 12:55 PM","No","No","No","Package","Studio Open Barre Class","0.00","0.00"
"Studio Barre 57","2025-12-12, 8:30 AM","Kwality House, Kemps Corner","Sr. Sr Trainer","0.95","Richard ","D'Costa","","","Roshni Goela","roshnigoela@gmail.com","2025-12-11, 12:26 PM","No","No","No","Package","Newcomers 2 For 1","787.50","0.00"
"Studio Barre 57","2025-12-12, 8:30 AM","Kwality House, Kemps Corner","Sr. Sr Trainer","0.95","Richard ","D'Costa","","","Dr Yojana  Pokarna ","yojana@orijine.in","2025-12-11, 11:51 AM","No","No","No","Package","Studio Open Barre Class","0.00","0.00"
"Studio Barre 57","2025-12-12, 8:30 AM","Kwality House, Kemps Corner","Sr. Sr Trainer","0.95","Richard ","D'Costa","","","Hinal Kuvadia","kuvadia.hinal@gmail.com","2025-12-09, 9:17 PM","No","No","No","Subscription","Barre 1 month Unlimited ","1500.00","0.00"
"Studio Cardio Barre","2025-12-11, 10:15 AM","Kwality House, Kemps Corner","Sr. Sr Trainer","0.95","Richard ","D'Costa","","","Karishma Kirpalani","karishh124@gmail.com","2025-12-11, 10:13 AM","Yes","No","No","Subscription","Studio 3 Month Unlimited Membership","1330.78","0.00"
"Studio Cardio Barre","2025-12-11, 10:15 AM","Kwality House, Kemps Corner","Sr. Sr Trainer","0.95","Richard ","D'Costa","","","Dipali Ved","dipali911@gmail.com","2025-12-11, 10:11 AM","Yes","No","No","Subscription","Studio 12 Class Package","1316.88","0.00"
"Studio Cardio Barre","2025-12-11, 10:15 AM","Kwality House, Kemps Corner","Sr. Sr Trainer","0.95","Richard ","D'Costa","","","Devia  Cornelius ","devia.cornelius@gmail.com","2025-12-11, 10:03 AM","Yes","No","No","Subscription","Studio Annual Unlimited Membership","15.01","0.00"
"Studio Cardio Barre","2025-12-11, 10:15 AM","Kwality House, Kemps Corner","Sr. Sr Trainer","0.95","Richard ","D'Costa","","","Roopali Misra","roopali@icloud.com","2025-12-09, 1:00 PM","Yes","No","No","Subscription","Barre 1 month Unlimited ","1200.94","0.00"
"Studio Barre 57","2025-12-11, 9:00 AM","Kwality House, Kemps Corner","Sr. Sr Trainer","0.95","Richard ","D'Costa","","","Amisha Raja","jalotaamisha@gmail.com","2025-12-11, 8:51 AM","Yes","No","No","Subscription","Studio 12 Class Package","1185.19","0.00"
"Studio Barre 57","2025-12-11, 9:00 AM","Kwality House, Kemps Corner","Sr. Sr Trainer","0.95","Richard ","D'Costa","","","Ilya Hora","hora.ilya@gmail.com","2025-12-11, 8:51 AM","Yes","No","No","Package","Studio 2 Week Unlimited Membership","10.42","0.00"
"Studio Barre 57","2025-12-11, 9:00 AM","Kwality House, Kemps Corner","Sr. Sr Trainer","0.95","Richard ","D'Costa","","","Bally Marker","ballybainsm@gmail.com","2025-12-11, 7:11 AM","Yes","No","No","Subscription","Studio 12 Class Package","1185.19","0.00"
"Studio Barre 57","2025-12-11, 9:00 AM","Kwality House, Kemps Corner","Sr. Sr Trainer","0.95","Richard ","D'Costa","","","Khyati Doshi","khyati.doshi1995@gmail.com","2025-12-10, 10:39 PM","Yes","No","No","Subscription","Studio 1 Month Unlimited Membership","1500.00","0.00"
"Studio Barre 57","2025-12-11, 9:00 AM","Kwality House, Kemps Corner","Sr. Sr Trainer","0.95","Richard ","D'Costa","","","Zara Arsiwalla","zara@arsiwalla.com","2025-12-10, 1:50 PM","Yes","No","No","Subscription","Studio 8 Class Package","1338.75","0.00"
"Studio Barre 57","2025-12-11, 9:00 AM","Kwality House, Kemps Corner","Sr. Sr Trainer","0.95","Richard ","D'Costa","","","Hinal Kuvadia","kuvadia.hinal@gmail.com","2025-12-09, 12:07 PM","Yes","No","No","Subscription","Barre 1 month Unlimited ","1500.00","0.00"
"Strength Lab (Push) ","2025-12-11, 7:15 AM","Kwality House, Kemps Corner","Sr. Sr Trainer","1.00","Richard ","D'Costa","","","Amruta Patil","amrutavpatil@gmail.com","2025-12-08, 7:47 AM","Yes","No","No","Subscription","Studio Annual Unlimited Membership","14.07","0.00"
"powerCycle","2025-12-09, 10:30 AM","Kwality House, Kemps Corner","Sr. Sr Trainer","0.83","Richard ","D'Costa","","","Devia  Cornelius ","devia.cornelius@gmail.com","2025-12-09, 10:08 AM","Yes","No","No","Subscription","Studio Annual Unlimited Membership","15.01","0.00"
"powerCycle","2025-12-09, 10:30 AM","Kwality House, Kemps Corner","Sr. Sr Trainer","0.83","Richard ","D'Costa","","","Roma Patel ","romarheapatel@gmail.com","2025-12-08, 10:32 AM","Yes","No","No","UPI","","1575.00","0.00"
"Studio Barre 57","2025-12-09, 9:00 AM","Kwality House, Kemps Corner","Sr. Sr Trainer","0.95","Richard ","D'Costa","","","Rina Deora","rinadeora@hotmail.com","2025-12-09, 10:26 AM","Yes","No","No","Subscription","Studio Annual Unlimited Membership","14.60","0.00"
"Studio Barre 57","2025-12-09, 9:00 AM","Kwality House, Kemps Corner","Sr. Sr Trainer","0.95","Richard ","D'Costa","","","Nandita Dalmia","nandita@lemill.in","2025-12-09, 8:40 AM","Yes","No","No","Subscription","Barre 1 month Unlimited ","1164.55","0.00"
"Studio Barre 57","2025-12-09, 9:00 AM","Kwality House, Kemps Corner","Sr. Sr Trainer","0.95","Richard ","D'Costa","","","Reena Mehta","reenasudhir@gmail.com","2025-12-09, 8:36 AM","Yes","No","No","Subscription","Studio 8 Class Package","1338.75","0.00"
"Studio Barre 57","2025-12-09, 9:00 AM","Kwality House, Kemps Corner","Sr. Sr Trainer","0.95","Richard ","D'Costa","","","Aastha Mehta","aasthamehta10@gmail.com","2025-12-09, 8:27 AM","Yes","No","No","Package","Studio 4 Class Package","1404.38","0.00"
"Studio Barre 57","2025-12-09, 9:00 AM","Kwality House, Kemps Corner","Sr. Sr Trainer","0.95","Richard ","D'Costa","","","Hannah Perella","hannahperella@gmail.com","2025-12-09, 1:45 AM","Yes","No","No","Package","Studio 4 Class Package","1404.38","0.00"
"Studio Barre 57","2025-12-09, 9:00 AM","Kwality House, Kemps Corner","Sr. Sr Trainer","0.95","Richard ","D'Costa","","","Shikha Sarkar","divinity.unfolded@yahoo.in","2025-12-08, 9:20 PM","Yes","No","No","Subscription","Barre 6 month Unlimited ","1500.00","0.00"
"Studio Barre 57","2025-12-09, 9:00 AM","Kwality House, Kemps Corner","Sr. Sr Trainer","0.95","Richard ","D'Costa","","","Mallika Kumar","malikakumar60@gmail.com","2025-12-08, 6:57 PM","Yes","No","No","Subscription","Studio 1 Month Unlimited Membership","1500.00","0.00"
"Studio Barre 57","2025-12-09, 9:00 AM","Kwality House, Kemps Corner","Sr. Sr Trainer","0.95","Richard ","D'Costa","","","Khyati Doshi","khyati.doshi1995@gmail.com","2025-12-08, 3:00 PM","Yes","No","No","Subscription","Studio 1 Month Unlimited Membership","1500.00","0.00"
"powerCycle","2025-12-09, 7:30 AM","Kwality House, Kemps Corner","Sr. Sr Trainer","0.83","Richard ","D'Costa","","","Vipul Ambani","vipul.ambani@gmail.com","2025-12-09, 7:43 AM","Yes","No","No","Package","Studio Complimentary Class","0.00","0.00"
"powerCycle","2025-12-09, 7:30 AM","Kwality House, Kemps Corner","Sr. Sr Trainer","0.83","Richard ","D'Costa","","","Namita Jatia","namitajatia@gmail.com","2025-12-09, 7:21 AM","Yes","No","No","Subscription","Studio Annual Unlimited Membership","15.00","0.00"
"powerCycle","2025-12-09, 7:30 AM","Kwality House, Kemps Corner","Sr. Sr Trainer","0.83","Richard ","D'Costa","","","Prianca Jhaveri","priancajhaveri@gmail.com","2025-12-09, 6:59 AM","Yes","No","No","Subscription","Studio 3 Month Unlimited Membership","1500.00","0.00"
"powerCycle","2025-12-09, 7:30 AM","Kwality House, Kemps Corner","Sr. Sr Trainer","0.83","Richard ","D'Costa","","","Pranav Turakhia","turakhia.pranav7@gmail.com","2025-12-09, 6:51 AM","Yes","No","No","Subscription","powerCycle 1 month Unlimited ","1500.00","0.00"
"powerCycle","2025-12-09, 7:30 AM","Kwality House, Kemps Corner","Sr. Sr Trainer","0.83","Richard ","D'Costa","","","Preeti Ambani","preeti.ambani@gmail.com","2025-12-09, 6:28 AM","Yes","No","No","Subscription","Studio Annual Unlimited Membership","15.00","0.00"
"Studio FIT ( SUPER SETS )","2025-12-08, 7:30 PM","Supreme HQ, Bandra","Sr. Sr Trainer","1.00","Richard ","D'Costa","","","Priyanka  Kauntia","priyankakauntia@hotmail.com","2025-12-08, 7:05 PM","Yes","No","No","Subscription","Studio 1 Month Unlimited Membership","897.64","0.00"
"Studio FIT ( SUPER SETS )","2025-12-08, 7:30 PM","Supreme HQ, Bandra","Sr. Sr Trainer","1.00","Richard ","D'Costa","","","Sanjam  Kini ","sanjam.sahni@gmail.com","2025-12-08, 7:05 PM","Yes","No","No","Subscription","Studio Annual Unlimited Membership","15.00","0.00"
"Studio FIT ( SUPER SETS )","2025-12-08, 7:30 PM","Supreme HQ, Bandra","Sr. Sr Trainer","1.00","Richard ","D'Costa","","","Ziya Bhathena","bhathenaziya@gmail.com","2025-12-08, 4:50 PM","Yes","No","No","Subscription","Studio Annual Unlimited Membership","155.76","0.00"
"Studio FIT ( SUPER SETS )","2025-12-08, 7:30 PM","Supreme HQ, Bandra","Sr. Sr Trainer","1.00","Richard ","D'Costa","","","Jiyaa Kalra","kalrajiyaa@gmail.com","2025-12-07, 11:00 PM","No","No","Yes","Subscription","Studio 6 Month Unlimited Membership","1500.00","0.00"
"Studio FIT ( SUPER SETS )","2025-12-08, 7:30 PM","Supreme HQ, Bandra","Sr. Sr Trainer","1.00","Richard ","D'Costa","","","Aaria Mitra","aariamitra34@gmail.com","2025-12-07, 8:34 PM","Yes","No","No","Subscription","Studio 1 Month Unlimited Membership","980.92","0.00"
"Studio FIT ( SUPER SETS )","2025-12-08, 7:30 PM","Supreme HQ, Bandra","Sr. Sr Trainer","1.00","Richard ","D'Costa","","","Nitika Gupta","nitika0059@gmail.com","2025-12-07, 6:46 PM","Yes","No","No","Subscription","Studio Annual Unlimited Membership","15.01","0.00"
"Studio FIT ( SUPER SETS )","2025-12-08, 7:30 PM","Supreme HQ, Bandra","Sr. Sr Trainer","1.00","Richard ","D'Costa","","","Margaud Chazeau","margaud.chazeau@outlook.com","2025-12-07, 1:18 PM","Yes","No","No","Subscription","Studio 12 Class Package","1316.88","0.00"
"Studio FIT ( SUPER SETS )","2025-12-08, 7:30 PM","Supreme HQ, Bandra","Sr. Sr Trainer","1.00","Richard ","D'Costa","","","Divya Bhurangi","dbhurangi04@gmail.com","2025-12-06, 12:29 PM","Yes","No","No","Subscription","Studio 1 Month Unlimited Membership","1065.00","0.00"
"Studio FIT ( SUPER SETS )","2025-12-08, 7:30 PM","Supreme HQ, Bandra","Sr. Sr Trainer","1.00","Richard ","D'Costa","","","Smita  Rodrigues Nath","rodrigues.smita@gmail.com","2025-12-05, 5:44 PM","Yes","No","No","Subscription","Studio 3 Month Unlimited Membership","1500.00","0.00"
"Studio FIT ( SUPER SETS )","2025-12-08, 7:30 PM","Supreme HQ, Bandra","Sr. Sr Trainer","1.00","Richard ","D'Costa","","","Archana  Iyer","archana.archie19@gmail.com","2025-12-03, 8:28 PM","Yes","No","No","Subscription","Studio 1 Month Unlimited Membership","1500.00","0.00"
"Studio FIT ( SUPER SETS )","2025-12-08, 7:30 PM","Supreme HQ, Bandra","Sr. Sr Trainer","1.00","Richard ","D'Costa","","","Anupama Mundhra","anupama.mundhra@gmail.com","2025-12-01, 9:38 PM","Yes","No","No","Subscription","Studio 3 Month Unlimited Membership","507.33","0.00"
"Studio Barre 57","2025-12-08, 6:15 PM","Supreme HQ, Bandra","Sr. Sr Trainer","0.95","Richard ","D'Costa","","","Prianca Jhaveri","priancajhaveri@gmail.com","2025-12-08, 4:51 PM","Yes","No","No","Subscription","Studio 3 Month Unlimited Membership","1500.00","0.00"
"Studio Barre 57","2025-12-08, 6:15 PM","Supreme HQ, Bandra","Sr. Sr Trainer","0.95","Richard ","D'Costa","","","ANU  CHUGH ","anutrishnabansal@gmail.com","2025-12-08, 3:52 PM","Yes","No","No","Subscription","Studio 12 Class Package","1316.88","0.00"
"Studio Barre 57","2025-12-08, 6:15 PM","Supreme HQ, Bandra","Sr. Sr Trainer","0.95","Richard ","D'Costa","","","Lalita  Jagtiani","ljagtiani@hotmail.com","2025-12-08, 8:49 AM","Yes","No","No","Subscription","Studio 12 Class Package","1119.34","0.00"
"Studio Barre 57","2025-12-07, 11:30 AM","Kwality House, Kemps Corner","Sr. Sr Trainer","1.00","Richard ","D'Costa","","","Shaheen Arsiwalla","shaheen.arsiwalla@gmail.com","2025-12-07, 11:31 AM","Yes","No","No","UPI","","1575.00","0.00"
"Studio Barre 57","2025-12-07, 11:30 AM","Kwality House, Kemps Corner","Sr. Sr Trainer","1.00","Richard ","D'Costa","","","Dimple Saglani","dimplesaglani@gmail.com","2025-12-07, 11:24 AM","Yes","No","No","Subscription","Studio 1 Month Unlimited Membership","1433.65","0.00"
"Studio Barre 57","2025-12-07, 11:30 AM","Kwality House, Kemps Corner","Sr. Sr Trainer","1.00","Richard ","D'Costa","","","Sunaina Kewalramani","sukewalramani@gmail.com","2025-12-07, 10:48 AM","Yes","No","No","Subscription","Studio Annual Unlimited Membership","14.60","0.00"
"Studio Barre 57","2025-12-07, 11:30 AM","Kwality House, Kemps Corner","Sr. Sr Trainer","1.00","Richard ","D'Costa","","","Alisha Vasa","alishav168@gmail.com","2025-12-07, 10:18 AM","Yes","No","No","Subscription","Studio 12 Class Package","1316.88","0.00"
"Studio Barre 57","2025-12-07, 11:30 AM","Kwality House, Kemps Corner","Sr. Sr Trainer","1.00","Richard ","D'Costa","","","Sunita Singhania","sunitasinghania60@gmail.com","2025-12-07, 7:32 AM","Yes","No","No","Subscription","Studio 12 Class Package","1316.88","0.00"
"Studio Barre 57","2025-12-07, 11:30 AM","Kwality House, Kemps Corner","Sr. Sr Trainer","1.00","Richard ","D'Costa","","","Prianca Jhaveri","priancajhaveri@gmail.com","2025-12-06, 11:00 PM","No","No","Yes","Subscription","Studio 3 Month Unlimited Membership","1500.00","0.00"
"Studio Barre 57","2025-12-07, 11:30 AM","Kwality House, Kemps Corner","Sr. Sr Trainer","1.00","Richard ","D'Costa","","","Sumedha Lal","lalsumedha1998@gmail.com","2025-12-06, 7:26 PM","Yes","No","No","Subscription","Studio 1 Month Unlimited Membership","1500.00","0.00"
"Studio Barre 57","2025-12-07, 11:30 AM","Kwality House, Kemps Corner","Sr. Sr Trainer","1.00","Richard ","D'Costa","","","Tvesha Shah","tvesha.shah.6@gmail.com","2025-12-04, 8:58 AM","No","No","Yes","Subscription","Studio 12 Class Package","1316.88","0.00"
"Studio Barre 57","2025-12-07, 11:30 AM","Kwality House, Kemps Corner","Sr. Sr Trainer","1.00","Richard ","D'Costa","","","Miti Joshi","joshimiti08@gmail.com","2025-12-03, 5:27 PM","Yes","No","No","Subscription","Studio 3 Month Unlimited Membership","722.96","0.00"
"Studio Barre 57","2025-12-07, 11:30 AM","Kwality House, Kemps Corner","Sr. Sr Trainer","1.00","Richard ","D'Costa","","","Ahana Advani","ahanaadvani@gmail.com","2025-12-02, 2:50 PM","No","No","Yes","Subscription","Studio 12 Class Package","1128.75","0.00"
"Strength Lab (Full Body)","2025-12-07, 10:00 AM","Kwality House, Kemps Corner","Sr. Sr Trainer","1.00","Richard ","D'Costa","","","Vivek Mehta","vivekmehta84@gmail.com","2025-12-07, 11:21 AM","Yes","No","No","Package","Studio Single Class","1500.00","0.00"
"Strength Lab (Full Body)","2025-12-07, 10:00 AM","Kwality House, Kemps Corner","Sr. Sr Trainer","1.00","Richard ","D'Costa","","","Reena  Chhabra","reenachh@gmail.com","2025-12-07, 9:38 AM","Yes","No","No","Subscription","Studio 6 Month Unlimited Membership","635.23","0.00"
"Strength Lab (Full Body)","2025-12-07, 10:00 AM","Kwality House, Kemps Corner","Sr. Sr Trainer","1.00","Richard ","D'Costa","","","Mahika Thakur","mrt368@nyu.edu","2025-12-05, 1:51 PM","No","No","Yes","Subscription","Studio Annual Unlimited Membership","155.76","0.00"
"powerCycle","2025-12-06, 6:30 PM","Kwality House, Kemps Corner","Sr. Sr Trainer","0.83","Richard ","D'Costa","","","Sumedha Lal","lalsumedha1998@gmail.com","2025-12-06, 6:10 PM","Yes","No","No","Subscription","Studio 1 Month Unlimited Membership","1500.00","0.00"
"powerCycle","2025-12-06, 6:30 PM","Kwality House, Kemps Corner","Sr. Sr Trainer","0.83","Richard ","D'Costa","","","Mihir Sheth","sheth07@gmail.com","2025-12-06, 6:06 PM","Yes","No","No","Subscription","Studio 20 Single Class Pack","1500.00","0.00"
"powerCycle","2025-12-06, 6:30 PM","Kwality House, Kemps Corner","Sr. Sr Trainer","0.83","Richard ","D'Costa","","","Saroj Javeri","saroj_821@hotmail.com","2025-12-06, 6:00 PM","Yes","No","No","Subscription","Studio Annual Unlimited Membership","155.76","0.00"
"powerCycle","2025-12-06, 6:30 PM","Kwality House, Kemps Corner","Sr. Sr Trainer","0.83","Richard ","D'Costa","","","Prianca Jhaveri","priancajhaveri@gmail.com","2025-12-06, 5:45 PM","Yes","No","No","Subscription","Studio 3 Month Unlimited Membership","1500.00","0.00"
"powerCycle","2025-12-06, 6:30 PM","Kwality House, Kemps Corner","Sr. Sr Trainer","0.83","Richard ","D'Costa","","","Saarah Adenwala","saarahadenwala@gmail.com","2025-12-06, 3:50 PM","Yes","No","No","Subscription","Studio 3 Month Unlimited Membership","718.62","0.00"
"powerCycle","2025-12-06, 6:30 PM","Kwality House, Kemps Corner","Sr. Sr Trainer","0.83","Richard ","D'Costa","","","Aashna Dalmia","esmecrystals@gmail.com","2025-12-06, 1:36 PM","Yes","No","No","Subscription","Studio 6 Month Unlimited Membership","1500.00","0.00"
"powerCycle","2025-12-06, 6:30 PM","Kwality House, Kemps Corner","Sr. Sr Trainer","0.83","Richard ","D'Costa","","","Zainab Bagsaria","zainab.retiwala@yahoo.in","2025-12-06, 10:59 AM","Yes","No","No","Package","Studio 2 Week Unlimited Membership","10.42","0.00"
"Strength Lab (Full Body)","2025-12-06, 5:00 PM","Kwality House, Kemps Corner","Sr. Sr Trainer","1.00","Richard ","D'Costa","","","Safia Tapal","safia.tapal@gmail.com","2025-12-06, 4:57 PM","Yes","No","No","Subscription","Studio 8 Class Package","1338.75","0.00"
"Strength Lab (Full Body)","2025-12-06, 5:00 PM","Kwality House, Kemps Corner","Sr. Sr Trainer","1.00","Richard ","D'Costa","","","Shrishti  Singh","shrishtisingh099@gmail.com","2025-12-06, 4:43 PM","Yes","No","No","Subscription","Studio 3 Month Unlimited Membership","1410.55","0.00"
"Strength Lab (Full Body)","2025-12-06, 5:00 PM","Kwality House, Kemps Corner","Sr. Sr Trainer","1.00","Richard ","D'Costa","","","Rachana Devidayal","rachanadevidayal@gmail.com","2025-12-06, 1:41 PM","Yes","No","No","Subscription","Studio 12 Class Package","1316.88","0.00"
"Strength Lab (Full Body)","2025-12-06, 5:00 PM","Kwality House, Kemps Corner","Sr. Sr Trainer","1.00","Richard ","D'Costa","","","Natasha Vora","tashavora@gmail.com","2025-12-06, 1:23 PM","Yes","No","No","Package","Studio Single Class","1500.00","0.00"
"Strength Lab (Full Body)","2025-12-05, 11:00 AM","Kwality House, Kemps Corner","Sr. Sr Trainer","1.00","Richard ","D'Costa","","","Reena Mehta","reenasudhir@gmail.com","2025-12-05, 12:46 PM","Yes","No","No","Subscription","Studio 8 Class Package","1338.75","0.00"
"Strength Lab (Full Body)","2025-12-05, 11:00 AM","Kwality House, Kemps Corner","Sr. Sr Trainer","1.00","Richard ","D'Costa","","","Tanya  Shanti ","tsgoott@gmail.com","2025-12-05, 11:00 AM","Yes","No","No","Subscription","Studio 8 Class Package","1338.75","0.00"
"Strength Lab (Full Body)","2025-12-05, 11:00 AM","Kwality House, Kemps Corner","Sr. Sr Trainer","1.00","Richard ","D'Costa","","","Saroj Javeri","saroj_821@hotmail.com","2025-12-05, 10:27 AM","No","No","Yes","Subscription","Studio Annual Unlimited Membership","155.76","0.00"
"Studio FIT","2025-12-05, 9:00 AM","Kwality House, Kemps Corner","Sr. Sr Trainer","0.95","Richard ","D'Costa","","","Rajul davda","rajulshah1@gmail.com","2025-12-06, 11:39 AM","Yes","No","No","Subscription","Studio 8 Class Package","1338.75","0.00"
"Studio FIT","2025-12-05, 9:00 AM","Kwality House, Kemps Corner","Sr. Sr Trainer","0.95","Richard ","D'Costa","","","Urvi Kothari","urvikothari3@gmail.com","2025-12-05, 9:56 AM","Yes","No","No","Subscription","Studio 6 Month Unlimited Membership","339.13","0.00"
"Studio FIT","2025-12-05, 9:00 AM","Kwality House, Kemps Corner","Sr. Sr Trainer","0.95","Richard ","D'Costa","","","Sharon Mittal","sharonjadhav95@gmail.com","2025-12-04, 12:44 PM","No","No","Yes","Subscription","Studio Annual Unlimited Membership","15.01","0.00"
"Studio FIT","2025-12-05, 9:00 AM","Kwality House, Kemps Corner","Sr. Sr Trainer","0.95","Richard ","D'Costa","","","Sahil Shah","kuttamlal.co@gmail.com","2025-12-02, 1:32 PM","Yes","No","No","Package","Studio Open Barre Class","0.00","0.00"
"Studio FIT","2025-12-05, 9:00 AM","Kwality House, Kemps Corner","Sr. Sr Trainer","0.95","Richard ","D'Costa","","","Sanna Balsari","s.linnea7@gmail.com","2025-11-28, 10:05 AM","Yes","No","No","Package","Studio 2 Week Unlimited Membership","10.42","0.00"
"Studio Back Body Blaze Express","2025-12-05, 7:30 AM","Kwality House, Kemps Corner","Sr. Sr Trainer","0.75","Richard ","D'Costa","","","Simran Shahani","simran_shahani@icloud.com","2025-12-05, 7:29 AM","Yes","No","No","Subscription","Studio 3 Month Unlimited Membership","1500.00","0.00"
"Studio Back Body Blaze Express","2025-12-05, 7:30 AM","Kwality House, Kemps Corner","Sr. Sr Trainer","0.75","Richard ","D'Costa","","","Namita Jatia","namitajatia@gmail.com","2025-12-05, 7:24 AM","Yes","No","No","Subscription","Studio Annual Unlimited Membership","15.00","0.00"
"Studio Back Body Blaze Express","2025-12-05, 7:30 AM","Kwality House, Kemps Corner","Sr. Sr Trainer","0.75","Richard ","D'Costa","","","Nandini Kothari","nandini1998@hotmail.com","2025-12-05, 7:22 AM","Yes","No","No","Subscription","Studio Annual Unlimited Membership","155.75","0.00"
"Studio Back Body Blaze Express","2025-12-05, 7:30 AM","Kwality House, Kemps Corner","Sr. Sr Trainer","0.75","Richard ","D'Costa","","","Tina  Mistry","malcolmtina@gmail.com","2025-12-05, 7:04 AM","Yes","No","No","Subscription","Studio 6 Month Unlimited Membership","539.35","0.00"
"Studio Back Body Blaze Express","2025-12-05, 7:30 AM","Kwality House, Kemps Corner","Sr. Sr Trainer","0.75","Richard ","D'Costa","","","Priyanka Chokhani","priyankaa2787@gmail.com","2025-12-05, 6:54 AM","Yes","No","No","Subscription","Studio 6 Month Unlimited Membership","1361.21","0.00"
"Studio Back Body Blaze Express","2025-12-05, 7:30 AM","Kwality House, Kemps Corner","Sr. Sr Trainer","0.75","Richard ","D'Costa","","","Sumeeta Chopra","sumita1967@gmail.com","2025-12-04, 3:17 PM","Yes","No","No","Subscription","Studio 1 Month Unlimited Membership","1500.00","0.00"
"Studio Back Body Blaze Express","2025-12-05, 7:30 AM","Kwality House, Kemps Corner","Sr. Sr Trainer","0.75","Richard ","D'Costa","","","Sabiha Ghiasi ","sabiha.ghiasi@gmail.com","2025-12-02, 8:26 AM","No","No","Yes","Subscription","Studio Annual Unlimited Membership","75.05","0.00"
"Studio Cardio Barre","2025-12-03, 7:30 AM","Supreme HQ, Bandra","Sr. Sr Trainer","0.95","Richard ","D'Costa","","","Gopi Chawla","gachawla@hotmail.com","2025-12-03, 7:19 AM","Yes","No","No","Subscription","Studio Annual Unlimited Membership","155.76","0.00"
"Studio Cardio Barre","2025-12-03, 7:30 AM","Supreme HQ, Bandra","Sr. Sr Trainer","0.95","Richard ","D'Costa","","","Siya  Kumar ","siyakumar91@gmail.com","2025-12-03, 7:11 AM","Yes","No","No","Subscription","Studio Annual Unlimited Membership","155.76","0.00"
"Studio Cardio Barre","2025-12-03, 7:30 AM","Supreme HQ, Bandra","Sr. Sr Trainer","0.95","Richard ","D'Costa","","","Aniruddha Menon","aniruddhamenon93@gmail.com","2025-12-02, 11:05 PM","Yes","No","No","Subscription","Studio 6 Month Unlimited Membership","1500.00","0.00"
"Studio Cardio Barre","2025-12-03, 7:30 AM","Supreme HQ, Bandra","Sr. Sr Trainer","0.95","Richard ","D'Costa","","","Yash  Prasad","yashwewill@gmail.com","2025-12-02, 7:31 PM","No","No","Yes","Subscription","Studio 1 Month Unlimited Membership","1131.56","0.00"
"Studio Cardio Barre","2025-12-03, 7:30 AM","Supreme HQ, Bandra","Sr. Sr Trainer","0.95","Richard ","D'Costa","","","Chandni  Kurup ","chandni.shed@gmail.com","2025-12-02, 5:20 PM","Yes","No","No","Package","Studio Single Class","1500.00","0.00"
"Studio Cardio Barre","2025-12-03, 7:30 AM","Supreme HQ, Bandra","Sr. Sr Trainer","0.95","Richard ","D'Costa","","","Veronica Bahl","veronica.bahl@gmail.com","2025-12-02, 3:38 PM","Yes","No","No","Package","Studio 4 Class Package","1404.38","0.00"
"Studio Cardio Barre","2025-12-03, 7:30 AM","Supreme HQ, Bandra","Sr. Sr Trainer","0.95","Richard ","D'Costa","","","Shraddha Shah","shraddha.sen108@gmail.com","2025-11-27, 4:26 PM","Yes","No","No","Subscription","Barre 1 month Unlimited ","1000.78","0.00"
"Studio Cardio Barre","2025-12-04, 10:15 AM","Kwality House, Kemps Corner","Sr. Sr Trainer","0.95","Richard ","D'Costa","","","Ilya Hora","hora.ilya@gmail.com","2025-12-04, 10:48 AM","Yes","No","No","Package","Studio 2 Week Unlimited Membership","10.42","0.00"
"Studio Cardio Barre","2025-12-04, 10:15 AM","Kwality House, Kemps Corner","Sr. Sr Trainer","0.95","Richard ","D'Costa","","","Rina Deora","rinadeora@hotmail.com","2025-12-04, 10:25 AM","Yes","No","No","Subscription","Studio Annual Unlimited Membership","14.60","0.00"
"Studio Cardio Barre","2025-12-04, 10:15 AM","Kwality House, Kemps Corner","Sr. Sr Trainer","0.95","Richard ","D'Costa","","","Sunaina Kewalramani","sukewalramani@gmail.com","2025-12-04, 9:48 AM","Yes","No","No","Subscription","Studio Annual Unlimited Membership","14.60","0.00"
"Studio Cardio Barre","2025-12-04, 10:15 AM","Kwality House, Kemps Corner","Sr. Sr Trainer","0.95","Richard ","D'Costa","","","Roshni Nanwani","roshni.mahtani@gmail.com","2025-12-04, 9:12 AM","Yes","No","No","Subscription","Studio 20 Single Class Pack","1500.00","0.00"
"Studio Cardio Barre","2025-12-04, 10:15 AM","Kwality House, Kemps Corner","Sr. Sr Trainer","0.95","Richard ","D'Costa","","","Jitendra Bokadia ","jkbokadia@gmail.com","2025-12-03, 11:14 PM","No","No","Yes","Subscription","Studio Annual Unlimited Membership","161.70","0.00"
"Studio Cardio Barre","2025-12-04, 10:15 AM","Kwality House, Kemps Corner","Sr. Sr Trainer","0.95","Richard ","D'Costa","","","Gauri Nayar","gauriknayar@gmail.com","2025-12-03, 11:26 AM","No","No","Yes","Subscription","Studio Annual Unlimited Membership","155.76","0.00"
"Studio Barre 57","2025-12-04, 9:00 AM","Kwality House, Kemps Corner","Sr. Sr Trainer","0.95","Richard ","D'Costa","","","Jitendra Bokadia ","jkbokadia@gmail.com","2025-12-04, 8:42 AM","Yes","No","No","Subscription","Studio Annual Unlimited Membership","161.70","0.00"
"Studio Barre 57","2025-12-04, 9:00 AM","Kwality House, Kemps Corner","Sr. Sr Trainer","0.95","Richard ","D'Costa","","","Devina Narvekar","devinad88@gmail.com","2025-12-04, 8:31 AM","Yes","No","No","Subscription","Studio 1 Month Unlimited Membership","1500.00","0.00"
"Studio Barre 57","2025-12-04, 9:00 AM","Kwality House, Kemps Corner","Sr. Sr Trainer","0.95","Richard ","D'Costa","","","Raksha Bokadia","bokadia39@gmail.com","2025-12-04, 8:08 AM","Yes","No","No","Subscription","Barre 3 months Unlimited ","623.29","0.00"
"Studio Barre 57","2025-12-04, 9:00 AM","Kwality House, Kemps Corner","Sr. Sr Trainer","0.95","Richard ","D'Costa","","","Amisha Raja","jalotaamisha@gmail.com","2025-12-03, 6:59 PM","Yes","No","No","Subscription","Studio 12 Class Package","1185.19","0.00"
"Studio Barre 57","2025-12-04, 9:00 AM","Kwality House, Kemps Corner","Sr. Sr Trainer","0.95","Richard ","D'Costa","","","Bally Marker","ballybainsm@gmail.com","2025-12-03, 6:04 PM","Yes","No","No","Subscription","Studio 12 Class Package","1185.19","0.00"
"Studio Barre 57","2025-12-04, 9:00 AM","Kwality House, Kemps Corner","Sr. Sr Trainer","0.95","Richard ","D'Costa","","","Saanthiya Bulchandani","saanthiab@gmail.com","2025-12-03, 10:06 AM","Yes","No","No","Package","Studio Open Barre Class","0.00","0.00"
"Studio Barre 57","2025-12-04, 9:00 AM","Kwality House, Kemps Corner","Sr. Sr Trainer","0.95","Richard ","D'Costa","","","Tvesha Shah","tvesha.shah.6@gmail.com","2025-12-02, 7:07 PM","Yes","No","No","Subscription","Studio 12 Class Package","1316.88","0.00"
"Studio Barre 57","2025-12-04, 9:00 AM","Kwality House, Kemps Corner","Sr. Sr Trainer","0.95","Richard ","D'Costa","","","Shikha Sarkar","divinity.unfolded@yahoo.in","2025-12-02, 2:44 PM","No","No","Yes","Subscription","Barre 6 month Unlimited ","1500.00","0.00"
"Studio Barre 57","2025-12-04, 9:00 AM","Kwality House, Kemps Corner","Sr. Sr Trainer","0.95","Richard ","D'Costa","","","Roopali Misra","roopali@icloud.com","2025-12-01, 12:44 PM","Yes","No","No","Subscription","Barre 1 month Unlimited ","1200.94","0.00"
"Studio FIT","2025-12-03, 11:00 AM","Supreme HQ, Bandra","Sr. Sr Trainer","0.95","Richard ","D'Costa","","","Vaishalika Saggi","vaishalikasaggi@gmail.com","2025-11-30, 9:38 PM","No","No","Yes","Subscription","Studio 1 Month Unlimited Membership","1500.00","0.00"
"Studio FIT","2025-12-03, 11:00 AM","Supreme HQ, Bandra","Sr. Sr Trainer","0.95","Richard ","D'Costa","","","Raksha Shroff","rakshamshroff19@gmail.com","2025-11-29, 9:32 AM","Yes","No","No","Subscription","Studio 6 Month Unlimited Membership","1085.53","0.00"
"Studio FIT","2025-12-03, 11:00 AM","Supreme HQ, Bandra","Sr. Sr Trainer","0.95","Richard ","D'Costa","","","Dalreen Patrao","dalreenpatrao@gmail.com","2025-11-26, 12:54 PM","Yes","No","No","Subscription","Studio 1 Month Unlimited Membership","990.12","0.00"
"Studio Back Body Blaze","2025-12-03, 8:45 AM","Supreme HQ, Bandra","Sr. Sr Trainer","0.95","Richard ","D'Costa","","","Shuchi Mehta","shuchi.trivedi@gmail.com","2025-12-03, 8:39 AM","Yes","No","No","Subscription","Studio Annual Unlimited Membership","155.76","0.00"
"Studio Back Body Blaze","2025-12-03, 8:45 AM","Supreme HQ, Bandra","Sr. Sr Trainer","0.95","Richard ","D'Costa","","","Anisha Goel","anisha.pestonji@gmail.com","2025-12-03, 7:56 AM","Yes","No","No","Subscription","Studio Annual Unlimited Membership","14.60","0.00"
"powerCycle","2025-12-02, 10:30 AM","Kwality House, Kemps Corner","Sr. Sr Trainer","0.83","Richard ","D'Costa","","","Mahieka Sharma","mahiekasharma@gmail.com","2025-12-01, 7:41 PM","Yes","No","No","Subscription","Studio Annual Unlimited Membership","155.76","0.00"
"powerCycle","2025-12-02, 10:30 AM","Kwality House, Kemps Corner","Sr. Sr Trainer","0.83","Richard ","D'Costa","","","Alec Sharp","asharp777@yahoo.com","2025-12-01, 3:06 PM","Yes","No","No","Package","Studio 4 Class Package","1404.38","0.00"
"Studio Barre 57","2025-12-02, 9:00 AM","Kwality House, Kemps Corner","Sr. Sr Trainer","0.95","Richard ","D'Costa","","","Poonam Agarwal","p_mukim@yahoo.com","2025-12-02, 8:55 AM","Yes","No","No","Subscription","Studio Annual Unlimited Membership","15.00","0.00"
"Studio Barre 57","2025-12-02, 9:00 AM","Kwality House, Kemps Corner","Sr. Sr Trainer","0.95","Richard ","D'Costa","","","Devina Narvekar","devinad88@gmail.com","2025-12-02, 8:18 AM","Yes","No","No","Subscription","Studio 1 Month Unlimited Membership","1500.00","0.00"
"Studio Barre 57","2025-12-02, 9:00 AM","Kwality House, Kemps Corner","Sr. Sr Trainer","0.95","Richard ","D'Costa","","","Jitendra Bokadia ","jkbokadia@gmail.com","2025-12-02, 8:11 AM","Yes","No","No","Subscription","Studio Annual Unlimited Membership","161.70","0.00"
"Studio Barre 57","2025-12-02, 9:00 AM","Kwality House, Kemps Corner","Sr. Sr Trainer","0.95","Richard ","D'Costa","","","Raksha Bokadia","bokadia39@gmail.com","2025-12-02, 7:53 AM","Yes","No","No","Subscription","Barre 3 months Unlimited ","623.29","0.00"
"Studio Barre 57","2025-12-02, 9:00 AM","Kwality House, Kemps Corner","Sr. Sr Trainer","0.95","Richard ","D'Costa","","","Madhu Kampani","madhukampani@gmail.com","2025-12-01, 9:13 PM","Yes","No","No","Subscription","Studio 12 Class Package","1316.88","0.00"
"Studio Barre 57","2025-12-02, 9:00 AM","Kwality House, Kemps Corner","Sr. Sr Trainer","0.95","Richard ","D'Costa","","","Mahika Thakur","mrt368@nyu.edu","2025-12-01, 7:58 PM","Yes","No","No","Subscription","Studio Annual Unlimited Membership","155.76","0.00"
"Studio Barre 57","2025-12-02, 9:00 AM","Kwality House, Kemps Corner","Sr. Sr Trainer","0.95","Richard ","D'Costa","","","Shikha Sarkar","divinity.unfolded@yahoo.in","2025-12-01, 7:18 PM","Yes","No","No","Subscription","Barre 6 month Unlimited ","1500.00","0.00"
"Studio Barre 57","2025-12-02, 9:00 AM","Kwality House, Kemps Corner","Sr. Sr Trainer","0.95","Richard ","D'Costa","","","Roopali Misra","roopali@icloud.com","2025-12-01, 11:06 AM","Yes","No","No","Subscription","Barre 1 month Unlimited ","1200.94","0.00"
"powerCycle","2025-12-02, 7:30 AM","Kwality House, Kemps Corner","Sr. Sr Trainer","0.83","Richard ","D'Costa","","","Preeti Ambani","preeti.ambani@gmail.com","2025-12-01, 11:04 PM","Yes","No","No","Subscription","Studio Annual Unlimited Membership","15.00","0.00"
"powerCycle","2025-12-02, 7:30 AM","Kwality House, Kemps Corner","Sr. Sr Trainer","0.83","Richard ","D'Costa","","","Tina  Mistry","malcolmtina@gmail.com","2025-12-01, 7:38 PM","Yes","No","No","Subscription","Studio 6 Month Unlimited Membership","539.35","0.00"
"powerCycle","2025-12-02, 7:30 AM","Kwality House, Kemps Corner","Sr. Sr Trainer","0.83","Richard ","D'Costa","","","Avanti Nagral","avantinagral@gmail.com","2025-12-01, 9:38 AM","No","No","Yes","Subscription","Studio 10 Single Class Pack","1500.00","0.00"
"powerCycle","2025-12-02, 7:30 AM","Kwality House, Kemps Corner","Sr. Sr Trainer","0.83","Richard ","D'Costa","","","Bijuri Shah","bijuri@gmail.com","2025-12-01, 9:26 AM","Yes","No","No","Subscription","Studio 6 Month Unlimited Membership","1500.00","0.00"
"powerCycle","2025-12-02, 7:30 AM","Kwality House, Kemps Corner","Sr. Sr Trainer","0.83","Richard ","D'Costa","","","Malcolm Mistry","malcolm@ushtate.com","2025-12-01, 9:05 AM","Yes","No","No","Subscription","Studio 6 Month Unlimited Membership","1500.00","0.00"
"powerCycle","2025-12-02, 7:30 AM","Kwality House, Kemps Corner","Sr. Sr Trainer","0.83","Richard ","D'Costa","","","Miti Joshi","joshimiti08@gmail.com","2025-11-27, 8:08 AM","No","No","Yes","Subscription","Studio 3 Month Unlimited Membership","722.96","0.00"