"Class Name","Class Date","Location","Payrate","Time (h)","Instructor First Name","Instructor Last Name","Employee Code","Payrate Code","Customer Name","Customer Email","Sale Date","Checked in","Checked in","Late Cancelled","Payment Method","Payment Method Name","Paid","Instructor Payout"
"Studio Barre 57","2025-12-15, 11:30 AM","Supreme HQ, Bandra","Junior Trainer","0.95","Simran","Dutt","","","Brinda J","brinda.jot@rediffmail.com","2025-12-10, 10:17 PM","No","No","No","Subscription","Studio Annual Unlimited Membership","1120.58","0.00"
"Studio Barre 57","2025-12-15, 9:45 AM","Supreme HQ, Bandra","Junior Trainer","0.95","Simran","Dutt","","","Natasha Goenka","tash.narang@gmail.com","2025-12-10, 8:11 PM","No","No","No","Package","Newcomers 2 For 1","787.50","0.00"
"Studio Barre 57","2025-12-15, 9:45 AM","Supreme HQ, Bandra","Junior Trainer","0.95","Simran","Dutt","","","Dalreen Patrao","dalreenpatrao@gmail.com","2025-12-10, 6:05 PM","No","No","No","Subscription","Studio 1 Month Unlimited Membership","990.12","0.00"
"Studio Mat 57","2025-12-14, 5:15 PM","Kwality House, Kemps Corner","Junior Trainer","0.95","Simran","Dutt","","","Anaanya Chopra","anaanyachopra22@gmail.com","2025-12-10, 8:38 PM","No","No","No","Subscription","Studio 1 Month Unlimited Membership","1500.00","0.00"
"Studio Barre 57","2025-12-10, 9:00 AM","Supreme HQ, Bandra","Junior Trainer","0.95","Simran","Dutt","","","Irina Decamillo","irina.decamillo@gmail.com","2025-12-10, 8:33 AM","Yes","No","No","Subscription","Studio 12 Class Package","1185.19","0.00"
"Studio Barre 57","2025-12-10, 9:00 AM","Supreme HQ, Bandra","Junior Trainer","0.95","Simran","Dutt","","","Anahat Singh ","anahatnandinisingh@gmail.com","2025-12-10, 12:43 AM","Yes","No","No","Subscription","Studio 1 Month Unlimited Membership","1433.65","0.00"
"Studio Barre 57","2025-12-10, 9:00 AM","Supreme HQ, Bandra","Junior Trainer","0.95","Simran","Dutt","","","Advika Nambiar ","advikanambair14@gmail.com","2025-12-09, 8:08 PM","No","No","Yes","Subscription","Studio 1 Month Unlimited Membership","1500.00","0.00"
"Studio Barre 57","2025-12-08, 11:30 AM","Supreme HQ, Bandra","Junior Trainer","0.95","Simran","Dutt","","","Anahat Singh ","anahatnandinisingh@gmail.com","2025-12-08, 12:32 PM","Yes","No","No","Subscription","Studio 1 Month Unlimited Membership","1433.65","0.00"
"Studio Barre 57","2025-12-08, 11:30 AM","Supreme HQ, Bandra","Junior Trainer","0.95","Simran","Dutt","","","Raksha Shroff","rakshamshroff19@gmail.com","2025-12-06, 5:23 PM","Yes","No","No","Subscription","Studio 6 Month Unlimited Membership","1085.53","0.00"
"Studio Barre 57","2025-12-08, 11:30 AM","Supreme HQ, Bandra","Junior Trainer","0.95","Simran","Dutt","","","Dalreen Patrao","dalreenpatrao@gmail.com","2025-12-06, 4:32 PM","Yes","No","No","Subscription","Studio 1 Month Unlimited Membership","990.12","0.00"
"Studio Mat 57","2025-12-07, 5:15 PM","Kwality House, Kemps Corner","Junior Trainer","0.95","Simran","Dutt","","","Shrishti  Singh","shrishtisingh099@gmail.com","2025-12-07, 5:13 PM","Yes","No","No","Subscription","Studio 3 Month Unlimited Membership","1410.55","0.00"
"Studio Mat 57","2025-12-07, 5:15 PM","Kwality House, Kemps Corner","Junior Trainer","0.95","Simran","Dutt","","","Raysa Vahi","raysa.vahi@gmail.com","2025-12-07, 5:11 PM","Yes","No","No","Subscription","Barre 1 month Unlimited ","1500.00","0.00"
"Studio Mat 57","2025-12-07, 5:15 PM","Kwality House, Kemps Corner","Junior Trainer","0.95","Simran","Dutt","","","Shikhar  Garodia","shikhargarodia@gmail.com","2025-12-07, 4:28 PM","Yes","No","No","Subscription","Studio 1 Month Unlimited Membership","838.69","0.00"
"Studio Mat 57","2025-12-07, 5:15 PM","Kwality House, Kemps Corner","Junior Trainer","0.95","Simran","Dutt","","","Maansi Parikh","maansiparikh@gmail.com","2025-12-07, 12:39 AM","No","No","Yes","Subscription","Barre 1 month Unlimited ","1500.00","0.00"
"Studio Barre 57","2025-12-07, 4:00 PM","Kwality House, Kemps Corner","Junior Trainer","1.00","Simran","Dutt","","","Ravina Sanghvi","1234@gmail.com","2025-12-07, 4:02 PM","Yes","No","No","Subscription","Studio 30 Single Class Pack","1417.50","0.00"
"Studio Barre 57","2025-12-07, 4:00 PM","Kwality House, Kemps Corner","Junior Trainer","1.00","Simran","Dutt","","","Kiran Nebhnani","kirannebhnani14@gmail.com","2025-12-07, 3:53 PM","Yes","No","No","Subscription","Barre 3 months Unlimited ","1384.09","0.00"
"Studio Barre 57","2025-12-07, 4:00 PM","Kwality House, Kemps Corner","Junior Trainer","1.00","Simran","Dutt","","","Taskeen Chunawala","taskeenc87@gmail.com","2025-12-07, 3:52 PM","Yes","No","No","Subscription","Studio 20 Single Class Pack","1500.00","0.00"
"Studio Barre 57","2025-12-07, 4:00 PM","Kwality House, Kemps Corner","Junior Trainer","1.00","Simran","Dutt","","","Raveena Shahpuri","raveenashahpuri@gmail.com","2025-12-06, 7:07 PM","No","No","Yes","Subscription","Studio 3 Month Unlimited Membership","51.33","0.00"
"Studio Barre 57","2025-12-07, 4:00 PM","Kwality House, Kemps Corner","Junior Trainer","1.00","Simran","Dutt","","","Vidhi Kapadia","vidhi.kapadia1@gmail.com","2025-12-06, 6:08 PM","Yes","No","No","UPI","","1575.00","0.00"
"Studio Barre 57","2025-12-06, 5:30 PM","Kwality House, Kemps Corner","Junior Trainer","0.95","Simran","Dutt","","","Samira Bulchandani","samira.bulchandani@gmail.com","2025-12-06, 6:34 PM","Yes","No","No","UPI","","1575.00","0.00"
"Studio Barre 57","2025-12-06, 5:30 PM","Kwality House, Kemps Corner","Junior Trainer","0.95","Simran","Dutt","","","Sunaina Kewalramani","sukewalramani@gmail.com","2025-12-06, 5:16 PM","Yes","No","No","Subscription","Studio Annual Unlimited Membership","14.60","0.00"
"Studio Barre 57","2025-12-06, 5:30 PM","Kwality House, Kemps Corner","Junior Trainer","0.95","Simran","Dutt","","","Raysa Vahi","raysa.vahi@gmail.com","2025-12-06, 5:16 PM","Yes","No","No","Subscription","Barre 1 month Unlimited ","1500.00","0.00"
"Studio Barre 57","2025-12-06, 5:30 PM","Kwality House, Kemps Corner","Junior Trainer","0.95","Simran","Dutt","","","Saanthia Bulchandani","saanthiab@gmail.com","2025-12-06, 3:49 PM","Yes","No","No","Subscription","Barre 1 month Unlimited ","1500.00","0.00"
"Studio Barre 57","2025-12-06, 5:30 PM","Kwality House, Kemps Corner","Junior Trainer","0.95","Simran","Dutt","","","Zoya  Saqlain ","zoyalakdawala98@gmail.com","2025-12-05, 4:45 PM","Yes","No","No","Subscription","Studio 3 Month Unlimited Membership","1500.00","0.00"
"Studio Cardio Barre Express","2025-12-06, 4:30 PM","Kwality House, Kemps Corner","Junior Trainer","0.75","Simran","Dutt","","","Alisha Vasa","alishav168@gmail.com","2025-12-06, 4:30 PM","Yes","No","No","Subscription","Studio 12 Class Package","1316.88","0.00"
"Studio Cardio Barre Express","2025-12-06, 4:30 PM","Kwality House, Kemps Corner","Junior Trainer","0.75","Simran","Dutt","","","Shrishti  Singh","shrishtisingh099@gmail.com","2025-12-06, 11:42 AM","No","No","Yes","Subscription","Studio 3 Month Unlimited Membership","1410.55","0.00"
"Studio Cardio Barre","2025-12-05, 11:15 AM","Kwality House, Kemps Corner","Junior Trainer","1.00","Simran","Dutt","","","Rina Deora","rinadeora@hotmail.com","2025-12-05, 11:15 AM","Yes","No","No","Subscription","Studio Annual Unlimited Membership","14.60","0.00"
"Studio Cardio Barre","2025-12-05, 11:15 AM","Kwality House, Kemps Corner","Junior Trainer","1.00","Simran","Dutt","","","Poonam Agarwal","p_mukim@yahoo.com","2025-12-05, 11:12 AM","Yes","No","No","Subscription","Studio Annual Unlimited Membership","15.00","0.00"
"Studio Cardio Barre","2025-12-05, 11:15 AM","Kwality House, Kemps Corner","Junior Trainer","1.00","Simran","Dutt","","","Pooja Kabra","kabra_pooja@hotmail.com","2025-12-05, 9:06 AM","Yes","No","No","Subscription","Studio Annual Unlimited Membership","155.76","0.00"
"Studio Cardio Barre","2025-12-05, 11:15 AM","Kwality House, Kemps Corner","Junior Trainer","1.00","Simran","Dutt","","","Gauri Nayar","gauriknayar@gmail.com","2025-12-05, 7:43 AM","Yes","No","No","Subscription","Studio Annual Unlimited Membership","155.76","0.00"
"Studio Cardio Barre","2025-12-05, 11:15 AM","Kwality House, Kemps Corner","Junior Trainer","1.00","Simran","Dutt","","","Zara Arsiwalla","zara@arsiwalla.com","2025-12-04, 10:36 PM","Yes","No","No","Subscription","Studio 8 Class Package","1338.75","0.00"
"Studio Barre 57","2025-12-05, 8:30 AM","Kwality House, Kemps Corner","Junior Trainer","0.95","Simran","Dutt","","","Kunal Maru","kuinalochi@gmail.com","2025-12-05, 10:37 AM","No","No","No","Package","Studio Open Barre Class","0.00","0.00"
"Studio Barre 57","2025-12-05, 8:30 AM","Kwality House, Kemps Corner","Junior Trainer","0.95","Simran","Dutt","","","Parul  Shah ","parulshah0205@gmail.com","2025-12-05, 7:49 AM","Yes","No","No","Subscription","Studio 3 Month Unlimited Membership","1500.00","0.00"
"Studio Barre 57","2025-12-05, 8:30 AM","Kwality House, Kemps Corner","Junior Trainer","0.95","Simran","Dutt","","","Shikhar  Garodia","shikhargarodia@gmail.com","2025-12-05, 6:58 AM","Yes","No","No","Subscription","Studio 1 Month Unlimited Membership","838.69","0.00"
"Studio Barre 57","2025-12-05, 8:30 AM","Kwality House, Kemps Corner","Junior Trainer","0.95","Simran","Dutt","","","Hannah Perella","hannahperella@gmail.com","2025-12-04, 11:23 PM","Yes","No","No","Package","Studio 4 Class Package","1404.38","0.00"
"Studio Barre 57","2025-12-05, 8:30 AM","Kwality House, Kemps Corner","Junior Trainer","0.95","Simran","Dutt","","","Gauri Nayar","gauriknayar@gmail.com","2025-12-04, 6:15 PM","No","No","Yes","Subscription","Studio Annual Unlimited Membership","155.76","0.00"
"Studio Barre 57","2025-12-05, 8:30 AM","Kwality House, Kemps Corner","Junior Trainer","0.95","Simran","Dutt","","","Sujata Hoon","sbahl.hoon@gmail.com","2025-12-04, 2:49 PM","Yes","No","No","Subscription","Studio 8 Class Package","1338.75","0.00"
"Studio Barre 57","2025-12-05, 8:30 AM","Kwality House, Kemps Corner","Junior Trainer","0.95","Simran","Dutt","","","Nidhi  Nahar","nidhinahar1131@gmail.com","2025-12-02, 10:54 AM","Yes","No","No","Package","Studio Open Barre Class","0.00","0.00"
"Studio Barre 57","2025-12-05, 8:30 AM","Kwality House, Kemps Corner","Junior Trainer","0.95","Simran","Dutt","","","Hena Kapadia","hena88+1@gmail.com","2025-12-01, 2:44 PM","Yes","No","No","Subscription","Studio 1 Month Unlimited Membership","1433.65","0.00"
"Studio Barre 57","2025-12-04, 7:15 PM","Kwality House, Kemps Corner","Junior Trainer","0.95","Simran","Dutt","","","Aditi .Kumar","aditi_95@yahoo.co.in","2025-12-04, 8:20 PM","Yes","No","No","Subscription","Studio 12 Class Package","1185.19","0.00"
"Studio Barre 57","2025-12-04, 7:15 PM","Kwality House, Kemps Corner","Junior Trainer","0.95","Simran","Dutt","","","Amruta Patil","amrutavpatil@gmail.com","2025-12-04, 7:18 PM","Yes","No","No","Subscription","Studio Annual Unlimited Membership","14.07","0.00"
"Studio Barre 57","2025-12-04, 7:15 PM","Kwality House, Kemps Corner","Junior Trainer","0.95","Simran","Dutt","","","Karishma Gulrajani","karishmagulrajani95@gmail.com","2025-12-04, 7:12 PM","Yes","No","No","Subscription","Studio 12 Class Package","1128.75","0.00"
"Studio Barre 57","2025-12-04, 7:15 PM","Kwality House, Kemps Corner","Junior Trainer","0.95","Simran","Dutt","","","Zya Fernandes","zyafernandesss1239@gmail.com","2025-12-04, 6:46 PM","Yes","No","No","Subscription","Studio 1 Month Unlimited Membership","596.40","0.00"
"Studio Barre 57","2025-12-04, 7:15 PM","Kwality House, Kemps Corner","Junior Trainer","0.95","Simran","Dutt","","","Ahana Advani","ahanaadvani@gmail.com","2025-12-04, 6:43 PM","Yes","No","No","Subscription","Studio 12 Class Package","1128.75","0.00"
"Studio Barre 57","2025-12-04, 7:15 PM","Kwality House, Kemps Corner","Junior Trainer","0.95","Simran","Dutt","","","Nainika Aggarwal","nainika12aggarwal@gmail.com","2025-12-03, 11:03 PM","Yes","No","No","Subscription","Studio 12 Class Package","1316.88","0.00"
"Studio Barre 57","2025-12-04, 7:15 PM","Kwality House, Kemps Corner","Junior Trainer","0.95","Simran","Dutt","","","Zoya  Saqlain ","zoyalakdawala98@gmail.com","2025-12-03, 8:17 PM","Yes","No","No","Subscription","Studio 3 Month Unlimited Membership","1500.00","0.00"
"Studio Barre 57","2025-12-08, 9:45 AM","Supreme HQ, Bandra","Junior Trainer","0.95","Simran","Dutt","","","Macy Dye","macydye28@yahoo.com","2025-12-08, 8:31 AM","Yes","No","No","Subscription","Barre 3 months Unlimited ","1500.00","0.00"
"Studio Barre 57","2025-12-01, 9:45 AM","Supreme HQ, Bandra","Junior Trainer","0.95","Simran","Dutt","","","Macy Dye","macydye28@yahoo.com","2025-12-01, 9:32 AM","Yes","No","No","Subscription","Studio 1 Month Unlimited Membership","1056.13","0.00"
"Studio Barre 57","2025-12-01, 9:45 AM","Supreme HQ, Bandra","Junior Trainer","0.95","Simran","Dutt","","","Amira Gill","amirakgill@gmail.com","2025-12-01, 9:14 AM","Yes","No","No","Package","Newcomers 2 For 1","787.50","0.00"
"Studio Barre 57","2025-12-03, 7:00 PM","Kwality House, Kemps Corner","Junior Trainer","0.95","Simran","Dutt","","","Shrishti  Singh","shrishtisingh099@gmail.com","2025-12-03, 8:06 PM","Yes","No","No","Subscription","Studio 3 Month Unlimited Membership","1410.55","0.00"
"Studio Barre 57","2025-12-03, 7:00 PM","Kwality House, Kemps Corner","Junior Trainer","0.95","Simran","Dutt","","","Mallika Kumar","malikakumar60@gmail.com","2025-12-03, 6:57 PM","Yes","No","No","Subscription","Studio 1 Month Unlimited Membership","1500.00","0.00"
"Studio Barre 57","2025-12-03, 7:00 PM","Kwality House, Kemps Corner","Junior Trainer","0.95","Simran","Dutt","","","Aliasgar  Nalwala","ali@asmaco.com","2025-12-03, 6:57 PM","Yes","No","No","Subscription","Studio 6 Month Unlimited Membership","477.59","0.00"
"Studio Barre 57","2025-12-03, 7:00 PM","Kwality House, Kemps Corner","Junior Trainer","0.95","Simran","Dutt","","","Disha  Jain","jaindisha668@gmail.com","2025-12-03, 6:49 PM","Yes","No","No","Subscription","Barre 3 months Unlimited ","1500.00","0.00"
"Studio Barre 57","2025-12-03, 7:00 PM","Kwality House, Kemps Corner","Junior Trainer","0.95","Simran","Dutt","","","Sachin Kothari ","skkothari76@gmail.com","2025-12-03, 6:48 PM","Yes","No","No","Subscription","Studio Annual Unlimited Membership","15.01","0.00"
"Studio Barre 57","2025-12-03, 7:00 PM","Kwality House, Kemps Corner","Junior Trainer","0.95","Simran","Dutt","","","Sumedha Lal","lalsumedha1998@gmail.com","2025-12-03, 6:26 PM","No","No","Yes","Subscription","Studio 1 Month Unlimited Membership","1500.00","0.00"
"Studio Barre 57","2025-12-03, 7:00 PM","Kwality House, Kemps Corner","Junior Trainer","0.95","Simran","Dutt","","","Tisha Hegde","tisha.hegde@gmail.com","2025-12-03, 6:25 PM","Yes","No","No","Subscription","Studio 8 Class Package","1338.75","0.00"
"Studio Barre 57","2025-12-03, 7:00 PM","Kwality House, Kemps Corner","Junior Trainer","0.95","Simran","Dutt","","","Niyanta Datta","niyantadatta@gmail.com","2025-12-03, 5:11 PM","Yes","No","No","Subscription","Studio 3 Month Unlimited Membership","783.00","0.00"
"Studio Barre 57","2025-12-03, 7:00 PM","Kwality House, Kemps Corner","Junior Trainer","0.95","Simran","Dutt","","","Prisha  Israni ","israniprisha@gmail.com","2025-12-03, 5:10 PM","Yes","No","No","Package","Studio Open Barre Class","0.00","0.00"
"Studio Barre 57","2025-12-03, 7:00 PM","Kwality House, Kemps Corner","Junior Trainer","0.95","Simran","Dutt","","","Yash  Sanghvi","sanghviyash@hotmail.com","2025-12-03, 4:54 PM","Yes","No","No","Subscription","Studio 6 Month Unlimited Membership","1500.00","0.00"
"Studio Barre 57","2025-12-03, 7:00 PM","Kwality House, Kemps Corner","Junior Trainer","0.95","Simran","Dutt","","","Zoya  Saqlain ","zoyalakdawala98@gmail.com","2025-12-02, 6:56 PM","Yes","No","No","Subscription","Studio 3 Month Unlimited Membership","1500.00","0.00"
"Studio Barre 57","2025-12-03, 5:45 PM","Kwality House, Kemps Corner","Junior Trainer","0.95","Simran","Dutt","","","Ekta Maru","m.ekta90@gmail.com","2025-12-03, 5:29 PM","Yes","No","No","Package","Studio 2 Week Unlimited Membership","10.42","0.00"
"Studio Barre 57","2025-12-03, 5:45 PM","Kwality House, Kemps Corner","Junior Trainer","0.95","Simran","Dutt","","","Parul  Shah ","parulshah0205@gmail.com","2025-12-03, 11:07 AM","Yes","No","No","Subscription","Studio 3 Month Unlimited Membership","1500.00","0.00"
"Studio Barre 57","2025-12-01, 11:30 AM","Supreme HQ, Bandra","Junior Trainer","0.95","Simran","Dutt","","","Anushka Mehra","anushka.socialshout@gmail.com","2025-12-01, 11:38 AM","Yes","No","No","Subscription","Studio 1 Month Unlimited Membership","517.71","0.00"
"Studio Barre 57","2025-12-01, 11:30 AM","Supreme HQ, Bandra","Junior Trainer","0.95","Simran","Dutt","","","Anita Sarin","anitasarin@yahoo.com","2025-11-30, 6:05 PM","Yes","No","No","Subscription","Studio 8 Class Package","1338.75","0.00"
"Studio Barre 57","2025-12-01, 11:30 AM","Supreme HQ, Bandra","Junior Trainer","0.95","Simran","Dutt","","","Raksha Shroff","rakshamshroff19@gmail.com","2025-11-29, 9:25 AM","Yes","No","No","Subscription","Studio 6 Month Unlimited Membership","1085.53","0.00"