"Class Name","Class Date","Location","Payrate","Time (h)","Instructor First Name","Instructor Last Name","Employee Code","Payrate Code","Customer Name","Customer Email","Sale Date","Checked in","Checked in","Late Cancelled","Payment Method","Payment Method Name","Paid","Instructor Payout"
"powerCycle","2025-12-03, 8:00 AM","Kwality House, Kemps Corner","Junior Trainer","0.83","Karan","Bhatia","","","Malcolm Mistry","malcolm@ushtate.com","2025-12-03, 7:50 AM","Yes","No","No","Subscription","Studio 6 Month Unlimited Membership","1500.00","0.00"
"powerCycle","2025-12-03, 8:00 AM","Kwality House, Kemps Corner","Junior Trainer","0.83","Karan","Bhatia","","","Nandini Kothari","nandini1998@hotmail.com","2025-12-03, 7:19 AM","Yes","No","No","Subscription","Studio Annual Unlimited Membership","155.75","0.00"
"powerCycle","2025-12-03, 8:00 AM","Kwality House, Kemps Corner","Junior Trainer","0.83","Karan","Bhatia","","","Gauri Nayar","gauriknayar@gmail.com","2025-12-02, 11:00 AM","Yes","No","No","Subscription","Studio Annual Unlimited Membership","155.76","0.00"
"powerCycle","2025-12-03, 8:00 AM","Kwality House, Kemps Corner","Junior Trainer","0.83","Karan","Bhatia","","","Sabiha Ghiasi ","sabiha.ghiasi@gmail.com","2025-12-02, 8:27 AM","Yes","No","No","Subscription","Studio Annual Unlimited Membership","75.05","0.00"
"Studio Barre 57","2025-12-16, 7:15 AM","Supreme HQ, Bandra","Junior Trainer","0.95","Karan","Bhatia","","","Charmi Gosalia","charmigosalia@gmail.com","2025-12-11, 8:52 AM","No","No","No","Subscription","Studio 1 Month Unlimited Membership","1500.00","0.00"
"Studio Barre 57","2025-12-16, 7:15 AM","Supreme HQ, Bandra","Junior Trainer","0.95","Karan","Bhatia","","","Yash  Prasad","yashwewill@gmail.com","2025-12-11, 6:55 AM","No","No","No","Subscription","Studio 1 Month Unlimited Membership","1131.56","0.00"
"Studio Barre 57","2025-12-16, 7:15 AM","Supreme HQ, Bandra","Junior Trainer","0.95","Karan","Bhatia","","","Marsha Silgardo","marsha.silgardo@gmail.com","2025-12-10, 9:06 AM","No","No","No","Package","Studio Referrer Complimentary Class Package","0.00","0.00"
"Studio Cardio Barre","2025-12-14, 11:30 AM","Supreme HQ, Bandra","Junior Trainer","1.00","Karan","Bhatia","","","Brinda J","brinda.jot@rediffmail.com","2025-12-10, 10:16 PM","No","No","No","Subscription","Studio Annual Unlimited Membership","1120.58","0.00"
"Studio Cardio Barre","2025-12-14, 11:30 AM","Supreme HQ, Bandra","Junior Trainer","1.00","Karan","Bhatia","","","Sreejita Deb","debsreejita23@gmail.com","2025-12-10, 2:35 PM","No","No","No","Subscription","Studio 12 Class Package","1316.88","0.00"
"Studio Barre 57","2025-12-14, 10:15 AM","Supreme HQ, Bandra","Junior Trainer","0.95","Karan","Bhatia","","","Charmi Gosalia","charmigosalia@gmail.com","2025-12-11, 8:53 AM","No","No","No","Subscription","Studio 1 Month Unlimited Membership","1500.00","0.00"
"Studio Barre 57","2025-12-14, 10:15 AM","Supreme HQ, Bandra","Junior Trainer","0.95","Karan","Bhatia","","","Marsha Silgardo","marsha.silgardo@gmail.com","2025-12-07, 5:06 PM","No","No","No","Subscription","Studio 1 Month Unlimited Membership","931.88","0.00"
"Studio Barre 57","2025-12-11, 7:15 PM","Kwality House, Kemps Corner","Junior Trainer","0.95","Karan","Bhatia","","","Zya Fernandes","zyafernandesss1239@gmail.com","2025-12-11, 1:04 PM","No","No","No","Subscription","Studio 1 Month Unlimited Membership","596.40","0.00"
"Studio Barre 57","2025-12-11, 7:15 PM","Kwality House, Kemps Corner","Junior Trainer","0.95","Karan","Bhatia","","","Diya Bhageria","bhageriadiya@gmail.com","2025-12-10, 7:27 PM","No","No","No","Subscription","Studio 12 Class Package","1316.88","0.00"
"Studio Barre 57","2025-12-11, 7:15 PM","Kwality House, Kemps Corner","Junior Trainer","0.95","Karan","Bhatia","","","Bhakti  Parikh","bhakti.2506@gmail.com","2025-12-08, 12:46 PM","No","No","No","Card","","1575.00","0.00"
"Studio Barre 57","2025-12-11, 7:15 PM","Kwality House, Kemps Corner","Junior Trainer","0.95","Karan","Bhatia","","","Roshini Kapoor","kapoor.roshini@gmail.com","2025-12-08, 12:46 PM","No","No","No","Card","","1575.00","0.00"
"Studio Barre 57","2025-12-11, 7:15 PM","Kwality House, Kemps Corner","Junior Trainer","0.95","Karan","Bhatia","","","Shyamolie  Madhavji","shyamolie.madhavji@hotmail.com","2025-12-06, 3:06 PM","No","No","No","Subscription","Studio Extended 10 Single Class Pack","1417.50","0.00"
"Studio Barre 57","2025-12-10, 7:00 PM","Kwality House, Kemps Corner","Junior Trainer","0.95","Karan","Bhatia","","","Parul  Shah ","parulshah0205@gmail.com","2025-12-10, 6:58 PM","Yes","No","No","Package","Studio Referrer Complimentary Class Package","0.00","0.00"
"Studio Barre 57","2025-12-10, 7:00 PM","Kwality House, Kemps Corner","Junior Trainer","0.95","Karan","Bhatia","","","Rida Sopariwala","ridasopariwala@gmail.com","2025-12-10, 6:42 PM","Yes","No","No","Subscription","Barre 1 month Unlimited ","1500.00","0.00"
"Studio Barre 57","2025-12-10, 7:00 PM","Kwality House, Kemps Corner","Junior Trainer","0.95","Karan","Bhatia","","","Ekta Maru","m.ekta90@gmail.com","2025-12-10, 6:10 PM","Yes","No","No","Package","Studio 2 Week Unlimited Membership","10.42","0.00"
"Studio Barre 57","2025-12-10, 7:00 PM","Kwality House, Kemps Corner","Junior Trainer","0.95","Karan","Bhatia","","","Jia  Mulchandani","jiamulchandani@gmail.com","2025-12-10, 3:25 PM","Yes","No","No","Subscription","Barre 1 month Unlimited ","1500.00","0.00"
"Studio Barre 57","2025-12-10, 7:00 PM","Kwality House, Kemps Corner","Junior Trainer","0.95","Karan","Bhatia","","","Zohya  Khan","zohyakhan88@gmail.com","2025-12-10, 3:20 PM","Yes","No","No","UPI","","1575.00","0.00"
"Studio Barre 57","2025-12-10, 7:00 PM","Kwality House, Kemps Corner","Junior Trainer","0.95","Karan","Bhatia","","","Disha  Jain","jaindisha668@gmail.com","2025-12-10, 2:59 PM","Yes","No","No","Subscription","Barre 3 months Unlimited ","1500.00","0.00"
"Studio Barre 57","2025-12-10, 7:00 PM","Kwality House, Kemps Corner","Junior Trainer","0.95","Karan","Bhatia","","","Raafia Vayani","raafiavayani21@gmail.com","2025-12-10, 1:17 PM","Yes","No","No","Subscription","Studio 1 Month Unlimited Membership","1500.00","0.00"
"Studio Barre 57","2025-12-10, 7:00 PM","Kwality House, Kemps Corner","Junior Trainer","0.95","Karan","Bhatia","","","Shrishti  Singh","shrishtisingh099@gmail.com","2025-12-10, 8:15 AM","Yes","No","No","Subscription","Studio 3 Month Unlimited Membership","1410.55","0.00"
"Studio Barre 57","2025-12-10, 5:45 PM","Kwality House, Kemps Corner","Junior Trainer","0.95","Karan","Bhatia","","","Aditi .Kumar","aditi_95@yahoo.co.in","2025-12-10, 7:17 PM","Yes","No","No","Subscription","Studio 12 Class Package","1185.19","0.00"
"Studio Barre 57","2025-12-10, 5:45 PM","Kwality House, Kemps Corner","Junior Trainer","0.95","Karan","Bhatia","","","Shyna Setavad","setalvadshaina@gmail.com","2025-12-10, 5:44 PM","Yes","No","No","Subscription","Studio 12 Class Package","1316.88","0.00"
"Studio Barre 57","2025-12-10, 5:45 PM","Kwality House, Kemps Corner","Junior Trainer","0.95","Karan","Bhatia","","","Raysa Vahi","raysa.vahi@gmail.com","2025-12-10, 5:43 PM","Yes","No","No","Subscription","Barre 1 month Unlimited ","1500.00","0.00"
"Studio Barre 57","2025-12-10, 5:45 PM","Kwality House, Kemps Corner","Junior Trainer","0.95","Karan","Bhatia","","","Simran Advani","simranadvani@hotmail.com","2025-12-10, 5:23 PM","Yes","No","No","Subscription","Studio 20 Single Class Pack","1500.00","0.00"
"Studio Barre 57","2025-12-10, 5:45 PM","Kwality House, Kemps Corner","Junior Trainer","0.95","Karan","Bhatia","","","Suhani  Chowatia ","suhanichowatia17@gmail.com","2025-12-10, 2:57 PM","Yes","No","No","Subscription","Studio 3 Month Unlimited Membership","1500.00","0.00"
"Studio Barre 57","2025-12-10, 5:45 PM","Kwality House, Kemps Corner","Junior Trainer","0.95","Karan","Bhatia","","","Zeynep Abalioglu","zabalioglu@gmail.com","2025-12-10, 2:15 PM","Yes","No","No","UPI","","1575.00","0.00"
"Studio Barre 57","2025-12-10, 5:45 PM","Kwality House, Kemps Corner","Junior Trainer","0.95","Karan","Bhatia","","","Aashna Sanghvi","sanghviaashna@gmail.com","2025-12-10, 1:44 PM","Yes","No","No","Subscription","Studio 30 Single Class Pack","1338.75","0.00"
"Studio Barre 57","2025-12-10, 5:45 PM","Kwality House, Kemps Corner","Junior Trainer","0.95","Karan","Bhatia","","","Guneet Setia Kochhar","guneet.setia@gmail.com","2025-12-10, 11:38 AM","Yes","No","No","Package","Studio Open Barre Class","0.00","0.00"
"Studio Barre 57","2025-12-10, 5:45 PM","Kwality House, Kemps Corner","Junior Trainer","0.95","Karan","Bhatia","","","Saanthia Bulchandani","saanthiab@gmail.com","2025-12-10, 10:03 AM","Yes","No","No","Subscription","Barre 1 month Unlimited ","1500.00","0.00"
"powerCycle","2025-12-09, 9:45 AM","Supreme HQ, Bandra","Junior Trainer","0.83","Karan","Bhatia","","","Raveena Shahpuri","raveenashahpuri@gmail.com","2025-12-09, 9:38 AM","Yes","No","No","Subscription","Studio 3 Month Unlimited Membership","51.33","0.00"
"Studio Barre 57","2025-12-09, 7:15 AM","Supreme HQ, Bandra","Junior Trainer","0.95","Karan","Bhatia","","","Yash  Prasad","yashwewill@gmail.com","2025-12-04, 6:36 PM","Yes","No","No","Subscription","Studio 1 Month Unlimited Membership","1131.56","0.00"
"Studio Barre 57","2025-12-09, 7:15 AM","Supreme HQ, Bandra","Junior Trainer","0.95","Karan","Bhatia","","","Marsha Silgardo","marsha.silgardo@gmail.com","2025-12-04, 8:28 AM","Yes","No","No","Subscription","Studio 1 Month Unlimited Membership","931.88","0.00"
"powerCycle","2025-12-07, 11:30 AM","Kwality House, Kemps Corner","Junior Trainer","0.83","Karan","Bhatia","","","Farah Bandukwalla","farah.bandukwalla@gmail.com","2025-12-07, 11:08 AM","Yes","No","No","Subscription","Studio 6 Month Unlimited Membership","1500.00","0.00"
"powerCycle","2025-12-07, 11:30 AM","Kwality House, Kemps Corner","Junior Trainer","0.83","Karan","Bhatia","","","Reena  Chhabra","reenachh@gmail.com","2025-12-07, 11:04 AM","Yes","No","No","Subscription","Studio 6 Month Unlimited Membership","635.23","0.00"
"powerCycle","2025-12-07, 11:30 AM","Kwality House, Kemps Corner","Junior Trainer","0.83","Karan","Bhatia","","","Rabia Kader","rabea.j@live.com","2025-12-07, 10:25 AM","Yes","No","No","Subscription","Studio 3 Month Unlimited Membership","1500.00","0.00"
"powerCycle","2025-12-07, 11:30 AM","Kwality House, Kemps Corner","Junior Trainer","0.83","Karan","Bhatia","","","Pranav Turakhia","turakhia.pranav7@gmail.com","2025-12-07, 9:48 AM","Yes","No","No","Subscription","powerCycle 1 month Unlimited ","1500.00","0.00"
"powerCycle","2025-12-07, 11:30 AM","Kwality House, Kemps Corner","Junior Trainer","0.83","Karan","Bhatia","","","Irshad  Patel ","irshaad.91@gmail.com","2025-12-07, 9:46 AM","Yes","No","No","Package","Studio Complimentary Referral Class","0.00","0.00"
"powerCycle","2025-12-07, 11:30 AM","Kwality House, Kemps Corner","Junior Trainer","0.83","Karan","Bhatia","","","Nainaaz Irani Shah","nainaazirani2@gmail.com","2025-12-07, 9:08 AM","Yes","No","No","Subscription","Studio 12 Class Package","1316.88","0.00"
"powerCycle","2025-12-07, 11:30 AM","Kwality House, Kemps Corner","Junior Trainer","0.83","Karan","Bhatia","","","Nurain  Patel ","nurain.dhorajiwala7@gmail.com","2025-12-07, 1:03 AM","Yes","No","No","Card","","1575.00","0.00"
"powerCycle","2025-12-07, 11:30 AM","Kwality House, Kemps Corner","Junior Trainer","0.83","Karan","Bhatia","","","Surabhi Agrawal","surabhi.gini@gmail.com","2025-12-06, 10:12 PM","Yes","No","No","Subscription","Studio 6 Month Unlimited Membership","1500.00","0.00"
"powerCycle","2025-12-07, 11:30 AM","Kwality House, Kemps Corner","Junior Trainer","0.83","Karan","Bhatia","","","Pritish Daudkhane","pritishd10@gmail.com","2025-12-03, 5:08 PM","Yes","No","No","Package","Studio Single Class","1500.00","0.00"
"powerCycle","2025-12-07, 11:30 AM","Kwality House, Kemps Corner","Junior Trainer","0.83","Karan","Bhatia","","","Anushka  Mittal","anushkamittal48@yahoo.in","2025-12-03, 4:53 PM","Yes","No","No","Package","Studio Single Class","1500.00","0.00"
"Studio Cardio Barre","2025-12-07, 10:15 AM","Kwality House, Kemps Corner","Junior Trainer","0.95","Karan","Bhatia","","","Sanjna Malpani","malpani.sanjna@gmail.com","2025-12-07, 10:15 AM","Yes","No","No","UPI","","1575.00","0.00"
"Studio Cardio Barre","2025-12-07, 10:15 AM","Kwality House, Kemps Corner","Junior Trainer","0.95","Karan","Bhatia","","","Parthiv Shah","parthiv33@hotmail.com","2025-12-07, 10:03 AM","Yes","No","No","Subscription","Studio 12 Class Package","1316.88","0.00"
"Studio Cardio Barre","2025-12-07, 10:15 AM","Kwality House, Kemps Corner","Junior Trainer","0.95","Karan","Bhatia","","","Preeti Ambani","preeti.ambani@gmail.com","2025-12-07, 7:49 AM","Yes","No","No","Subscription","Studio Annual Unlimited Membership","15.00","0.00"
"Studio Cardio Barre","2025-12-07, 10:15 AM","Kwality House, Kemps Corner","Junior Trainer","0.95","Karan","Bhatia","","","Pooja Kabra","kabra_pooja@hotmail.com","2025-12-06, 5:05 PM","Yes","No","No","Subscription","Studio Annual Unlimited Membership","155.76","0.00"
"Studio Cardio Barre","2025-12-07, 10:15 AM","Kwality House, Kemps Corner","Junior Trainer","0.95","Karan","Bhatia","","","Aashna Mansharamani","aashnamansharamani@gmail.com","2025-12-06, 4:50 PM","Yes","No","No","Subscription","Barre 3 months Unlimited ","1350.79","0.00"
"Studio Cardio Barre","2025-12-07, 10:15 AM","Kwality House, Kemps Corner","Junior Trainer","0.95","Karan","Bhatia","","","Zainab  Khambhata","zainab172002@gmail.com","2025-12-04, 3:15 PM","Yes","No","No","Package","Studio Open Barre Class","0.00","0.00"
"Studio Recovery","2025-12-06, 12:30 PM","Supreme HQ, Bandra","Junior Trainer","0.50","Karan","Bhatia","","","Jiyaa Kalra","kalrajiyaa@gmail.com","2025-12-06, 12:35 PM","Yes","No","No","Subscription","Studio 6 Month Unlimited Membership","1500.00","0.00"
"Studio Recovery","2025-12-06, 12:30 PM","Supreme HQ, Bandra","Junior Trainer","0.50","Karan","Bhatia","","","Nidhi Kalra","kalranidhi2002@gmail.com","2025-12-06, 12:29 PM","Yes","No","No","Subscription","Studio 6 Month Unlimited Membership","932.14","0.00"
"Studio Cardio Barre","2025-12-06, 10:15 AM","Supreme HQ, Bandra","Junior Trainer","0.95","Karan","Bhatia","","","Brinda J","brinda.jot@rediffmail.com","2025-12-04, 10:54 PM","No","No","Yes","Subscription","Studio Annual Unlimited Membership","1120.58","0.00"
"Studio Cardio Barre","2025-12-05, 7:15 PM","Supreme HQ, Bandra","Junior Trainer","1.00","Karan","Bhatia","","","Aaria Mitra","aariamitra34@gmail.com","2025-12-05, 7:01 PM","Yes","No","No","Subscription","Studio 1 Month Unlimited Membership","980.92","0.00"
"Studio Cardio Barre","2025-12-05, 7:15 PM","Supreme HQ, Bandra","Junior Trainer","1.00","Karan","Bhatia","","","Marsha Silgardo","marsha.silgardo@gmail.com","2025-12-04, 4:13 PM","No","No","Yes","Subscription","Studio 1 Month Unlimited Membership","931.88","0.00"
"Studio Cardio Barre","2025-12-05, 7:15 PM","Supreme HQ, Bandra","Junior Trainer","1.00","Karan","Bhatia","","","Saphia Vall","saphiavall@yahoo.fr","2025-12-01, 10:52 AM","No","No","Yes","Subscription","Studio 12 Class Package","1128.75","0.00"
"Studio Barre 57","2025-12-05, 6:00 PM","Supreme HQ, Bandra","Junior Trainer","0.95","Karan","Bhatia","","","Kshitij Bakshi","kshitijbakshi1886@gmail.com","2025-12-05, 5:18 PM","Yes","No","No","Subscription","Studio 6 Month Unlimited Membership","453.74","0.00"
"Studio Barre 57","2025-12-05, 6:00 PM","Supreme HQ, Bandra","Junior Trainer","0.95","Karan","Bhatia","","","Mallika Kumar","malikakumar60@gmail.com","2025-12-05, 3:21 PM","Yes","No","No","Subscription","Studio 1 Month Unlimited Membership","1500.00","0.00"
"Studio Barre 57","2025-12-05, 6:00 PM","Supreme HQ, Bandra","Junior Trainer","0.95","Karan","Bhatia","","","Aditya Sinha","sinha.aditya1@gmail.com","2025-12-05, 11:11 AM","Yes","No","No","Package","Studio 2 Week Unlimited Membership","10.42","0.00"
"Studio Barre 57","2025-12-03, 11:30 AM","Kwality House, Kemps Corner","Junior Trainer","0.95","Karan","Bhatia","","","Apurva Jain","apurva000@gmail.com","2025-12-03, 1:13 PM","Yes","No","No","UPI","","1575.00","0.00"
"Studio Barre 57","2025-12-03, 11:30 AM","Kwality House, Kemps Corner","Junior Trainer","0.95","Karan","Bhatia","","","Anahita Khanna","anahitakhanna9@gmail.com","2025-12-03, 11:32 AM","Yes","No","No","Subscription","Studio 3 Month Unlimited Membership","1500.00","0.00"
"Studio Barre 57","2025-12-03, 11:30 AM","Kwality House, Kemps Corner","Junior Trainer","0.95","Karan","Bhatia","","","Taskeen Chunawala","taskeenc87@gmail.com","2025-12-03, 11:29 AM","Yes","No","No","Subscription","Studio 20 Single Class Pack","1500.00","0.00"
"Studio Barre 57","2025-12-03, 11:30 AM","Kwality House, Kemps Corner","Junior Trainer","0.95","Karan","Bhatia","","","Shyna Setavad","setalvadshaina@gmail.com","2025-12-03, 11:28 AM","Yes","No","No","Subscription","Studio 12 Class Package","1316.88","0.00"
"Studio Barre 57","2025-12-03, 11:30 AM","Kwality House, Kemps Corner","Junior Trainer","0.95","Karan","Bhatia","","","Brinda Gupta","brindagupta@hotmail.com","2025-12-03, 11:24 AM","Yes","No","No","Subscription","Barre 1 month Unlimited ","1334.38","0.00"
"Studio Barre 57","2025-12-03, 11:30 AM","Kwality House, Kemps Corner","Junior Trainer","0.95","Karan","Bhatia","","","Niharika Malik","niharika@mercuryind.com","2025-12-03, 11:23 AM","Yes","No","No","Subscription","Studio 3 Month Unlimited Membership","1216.88","0.00"
"Studio Barre 57","2025-12-03, 11:30 AM","Kwality House, Kemps Corner","Junior Trainer","0.95","Karan","Bhatia","","","Zainab Bagsaria","zainab.retiwala@yahoo.in","2025-12-03, 10:54 AM","Yes","No","No","Package","Studio 2 Week Unlimited Membership","10.42","0.00"
"Studio Barre 57","2025-12-03, 11:30 AM","Kwality House, Kemps Corner","Junior Trainer","0.95","Karan","Bhatia","","","Pooja Kabra","kabra_pooja@hotmail.com","2025-12-03, 10:26 AM","Yes","No","No","Subscription","Studio Annual Unlimited Membership","155.76","0.00"
"Studio Barre 57","2025-12-03, 11:30 AM","Kwality House, Kemps Corner","Junior Trainer","0.95","Karan","Bhatia","","","Anaanya Chopra","anaanyachopra22@gmail.com","2025-12-02, 12:33 PM","Yes","No","No","Subscription","Studio 1 Month Unlimited Membership","1500.00","0.00"
"Studio Barre 57","2025-12-03, 9:15 AM","Kwality House, Kemps Corner","Junior Trainer","0.95","Karan","Bhatia","","","Adya Khandelwal","adyakhandelwal1@gmail.com","2025-12-03, 9:23 AM","Yes","No","No","Subscription","Studio 12 Class Package","1316.88","0.00"
"Studio Barre 57","2025-12-03, 9:15 AM","Kwality House, Kemps Corner","Junior Trainer","0.95","Karan","Bhatia","","","Ritu Jain","rjblog2723@gmail.com","2025-12-02, 11:02 PM","Yes","No","No","Subscription","Studio 12 Class Package","1185.19","0.00"
"Studio Barre 57","2025-12-03, 9:15 AM","Kwality House, Kemps Corner","Junior Trainer","0.95","Karan","Bhatia","","","Simran Advani","simranadvani@hotmail.com","2025-12-02, 11:02 PM","Yes","No","No","Subscription","Studio 20 Single Class Pack","1500.00","0.00"
"Studio Barre 57","2025-12-03, 9:15 AM","Kwality House, Kemps Corner","Junior Trainer","0.95","Karan","Bhatia","","","Joanna Schroder","joanna_schroder@hotmail.com","2025-12-02, 2:50 PM","No","No","Yes","Subscription","Studio 12 Class Package","1185.19","0.00"
"Studio Barre 57","2025-12-03, 9:15 AM","Kwality House, Kemps Corner","Junior Trainer","0.95","Karan","Bhatia","","","Shikha Sarkar","divinity.unfolded@yahoo.in","2025-12-02, 2:43 PM","Yes","No","No","Subscription","Barre 6 month Unlimited ","1500.00","0.00"
"Studio Barre 57","2025-12-03, 9:15 AM","Kwality House, Kemps Corner","Junior Trainer","0.95","Karan","Bhatia","","","Roopali Misra","roopali@icloud.com","2025-12-01, 12:44 PM","Yes","No","No","Subscription","Barre 1 month Unlimited ","1200.94","0.00"
"Studio Barre 57","2025-12-02, 7:15 AM","Supreme HQ, Bandra","Junior Trainer","0.95","Karan","Bhatia","","","Aniruddha Menon","aniruddhamenon93@gmail.com","2025-12-02, 7:07 AM","Yes","No","No","Subscription","Studio 6 Month Unlimited Membership","1500.00","0.00"
"Studio Barre 57","2025-12-02, 7:15 AM","Supreme HQ, Bandra","Junior Trainer","0.95","Karan","Bhatia","","","Yash  Prasad","yashwewill@gmail.com","2025-12-01, 8:14 PM","Yes","No","No","Subscription","Studio 1 Month Unlimited Membership","1131.56","0.00"
"Studio Barre 57","2025-12-02, 7:15 AM","Supreme HQ, Bandra","Junior Trainer","0.95","Karan","Bhatia","","","Neelima Hande","mrisneelima@gmail.com","2025-12-01, 9:32 AM","Yes","No","No","Subscription","Studio 12 Class Package","1316.88","0.00"
"Studio Barre 57","2025-12-02, 7:15 AM","Supreme HQ, Bandra","Junior Trainer","0.95","Karan","Bhatia","","","Marsha Silgardo","marsha.silgardo@gmail.com","2025-11-28, 12:59 PM","Yes","No","No","Subscription","Studio 1 Month Unlimited Membership","931.88","0.00"
"Studio Barre 57","2025-12-02, 7:15 AM","Supreme HQ, Bandra","Junior Trainer","0.95","Karan","Bhatia","","","Sakshi Gupta","sakshigupta1@gmail.com","2025-11-28, 8:23 AM","Yes","No","No","Package","Studio Open Barre Class","0.00","0.00"
"Studio Barre 57","2025-12-02, 7:15 AM","Supreme HQ, Bandra","Junior Trainer","0.95","Karan","Bhatia","","","Purva Agrawal","purva02@gmail.com","2025-11-27, 10:58 PM","Yes","No","No","Subscription","Studio 1 Month Unlimited Membership","1500.00","0.00"
"Studio Barre 57","2025-12-02, 7:15 AM","Supreme HQ, Bandra","Junior Trainer","0.95","Karan","Bhatia","","","Shraddha Shah","shraddha.sen108@gmail.com","2025-11-27, 4:11 PM","No","No","Yes","Subscription","Barre 1 month Unlimited ","1000.78","0.00"