"Class Name","Class Date","Location","Payrate","Total Revenue","Base Payout","Additional Payout","Total Payout","Tip","Participants","Checked in","Comps","Checked In Comps","Late Cancellations","Non Paid Customers","Time (h)","Instructor First Name","Instructor Last Name","Employee Code","Payrate Code"
"powerCycle","2025-12-03, 8:00 AM","Kwality House, Kemps Corner","Junior Trainer","1886.56","1250.00","0.00","1250.00","0.00","4","4","0","0","0","0","0.83","Karan","Bhatia","",""
"Studio Barre 57","2025-12-17, 7:00 PM","Kwality House, Kemps Corner","Junior Trainer","0.00","1250.00","0.00","1250.00","0.00","0","0","0","0","0","0","0.95","Karan","Bhatia","",""
"Studio Barre 57","2025-12-17, 5:45 PM","Kwality House, Kemps Corner","Junior Trainer","0.00","1250.00","0.00","1250.00","0.00","0","0","0","0","0","0","0.95","Karan","Bhatia","",""
"Studio Cardio Barre Express","2025-12-16, 8:30 AM","Supreme HQ, Bandra","Junior Trainer","0.00","1250.00","0.00","1250.00","0.00","0","0","0","0","0","0","0.75","Karan","Bhatia","",""
"Studio Barre 57","2025-12-16, 7:15 AM","Supreme HQ, Bandra","Junior Trainer","2631.56","1250.00","0.00","1250.00","0.00","3","0","0","0","0","1","0.95","Karan","Bhatia","",""
"Studio Cardio Barre","2025-12-14, 11:30 AM","Supreme HQ, Bandra","Junior Trainer","2437.46","1250.00","0.00","1250.00","0.00","2","0","0","0","0","0","1.00","Karan","Bhatia","",""
"Studio Barre 57","2025-12-14, 10:15 AM","Supreme HQ, Bandra","Junior Trainer","2431.88","1250.00","0.00","1250.00","0.00","2","0","0","0","0","0","0.95","Karan","Bhatia","",""
"Studio Recovery","2025-12-13, 12:30 PM","Supreme HQ, Bandra","Junior Trainer","0.00","1250.00","0.00","1250.00","0.00","0","0","0","0","0","0","0.50","Karan","Bhatia","",""
"Studio Cardio Barre","2025-12-13, 10:15 AM","Supreme HQ, Bandra","Junior Trainer","0.00","1250.00","0.00","1250.00","0.00","0","0","0","0","0","0","0.95","Karan","Bhatia","",""
"Studio Barre 57","2025-12-11, 7:15 PM","Kwality House, Kemps Corner","Junior Trainer","6480.78","1250.00","0.00","1250.00","0.00","5","0","0","0","0","0","0.95","Karan","Bhatia","",""
"powerCycle","2025-12-11, 5:45 PM","Kwality House, Kemps Corner","Junior Trainer","0.00","1250.00","0.00","1250.00","0.00","0","0","0","0","0","0","0.83","Karan","Bhatia","",""
"Studio Barre 57","2025-12-10, 7:00 PM","Kwality House, Kemps Corner","Junior Trainer","8995.97","1250.00","0.00","1250.00","0.00","8","8","0","0","0","1","0.95","Karan","Bhatia","",""
"Studio Barre 57","2025-12-10, 5:45 PM","Kwality House, Kemps Corner","Junior Trainer","11415.82","1250.00","0.00","1250.00","0.00","9","9","0","0","0","1","0.95","Karan","Bhatia","",""
"powerCycle","2025-12-09, 9:45 AM","Supreme HQ, Bandra","Junior Trainer","51.33","1250.00","0.00","1250.00","0.00","1","1","0","0","0","0","0.83","Karan","Bhatia","",""
"Studio Cardio Barre Express","2025-12-09, 8:30 AM","Supreme HQ, Bandra","Junior Trainer","0.00","1250.00","0.00","1250.00","0.00","0","0","0","0","0","0","0.75","Karan","Bhatia","",""
"Studio Barre 57","2025-12-09, 7:15 AM","Supreme HQ, Bandra","Junior Trainer","2063.44","1250.00","0.00","1250.00","0.00","2","2","0","0","0","0","0.95","Karan","Bhatia","",""
"powerCycle","2025-12-07, 11:30 AM","Kwality House, Kemps Corner","Junior Trainer","12527.11","1250.00","0.00","1250.00","0.00","10","10","0","0","0","1","0.83","Karan","Bhatia","",""
"Studio Cardio Barre","2025-12-07, 10:15 AM","Kwality House, Kemps Corner","Junior Trainer","4413.43","1250.00","0.00","1250.00","0.00","6","6","0","0","0","1","0.95","Karan","Bhatia","",""
"Studio Recovery","2025-12-06, 12:30 PM","Supreme HQ, Bandra","Junior Trainer","2432.14","1250.00","0.00","1250.00","0.00","2","2","0","0","0","0","0.50","Karan","Bhatia","",""
"Studio Cardio Barre","2025-12-06, 10:15 AM","Supreme HQ, Bandra","Junior Trainer","1120.58","1250.00","0.00","1250.00","0.00","1","0","0","0","1","0","0.95","Karan","Bhatia","",""
"Studio Cardio Barre","2025-12-05, 7:15 PM","Supreme HQ, Bandra","Junior Trainer","3041.55","1250.00","0.00","1250.00","0.00","3","1","0","0","2","0","1.00","Karan","Bhatia","",""
"Studio Barre 57","2025-12-05, 6:00 PM","Supreme HQ, Bandra","Junior Trainer","1964.16","1250.00","0.00","1250.00","0.00","3","3","0","0","0","0","0.95","Karan","Bhatia","",""
"Studio Barre 57","2025-12-03, 11:30 AM","Kwality House, Kemps Corner","Junior Trainer","10109.32","1250.00","0.00","1250.00","0.00","9","9","0","0","0","0","0.95","Karan","Bhatia","",""
"Studio Barre 57","2025-12-03, 9:15 AM","Kwality House, Kemps Corner","Junior Trainer","7888.20","1250.00","0.00","1250.00","0.00","6","5","0","0","1","0","0.95","Karan","Bhatia","",""
"Studio Cardio Barre Express","2025-12-02, 8:30 AM","Supreme HQ, Bandra","Junior Trainer","0.00","1250.00","0.00","1250.00","0.00","0","0","0","0","0","0","0.75","Karan","Bhatia","",""
"Studio Barre 57","2025-12-02, 7:15 AM","Supreme HQ, Bandra","Junior Trainer","7381.10","1250.00","0.00","1250.00","0.00","7","6","0","0","1","1","0.95","Karan","Bhatia","",""