"Class Name","Class Date","Location","Payrate","Total Revenue","Base Payout","Additional Payout","Total Payout","Tip","Participants","Checked in","Comps","Checked In Comps","Late Cancellations","Non Paid Customers","Time (h)","Instructor First Name","Instructor Last Name","Employee Code","Payrate Code"
"Physique 57 x Denver's Birthday Barre","2025-12-06, 1:00 PM","Supreme HQ, Bandra","Sr. Sr Trainer","0.00","2000.00","0.00","2000.00","0.00","9","9","0","0","0","9","0.95","Richard ","D'Costa","",""
"Studio Cardio Barre","2025-12-18, 10:15 AM","Kwality House, Kemps Corner","Sr. Sr Trainer","0.00","2000.00","0.00","2000.00","0.00","0","0","0","0","0","0","0.95","Richard ","D'Costa","",""
"Studio Barre 57","2025-12-18, 9:00 AM","Kwality House, Kemps Corner","Sr. Sr Trainer","0.00","2000.00","0.00","2000.00","0.00","0","0","0","0","0","0","0.95","Richard ","D'Costa","",""
"Strength Lab (Push) ","2025-12-18, 7:15 AM","Kwality House, Kemps Corner","Sr. Sr Trainer","0.00","2000.00","0.00","2000.00","0.00","0","0","0","0","0","0","1.00","Richard ","D'Costa","",""
"powerCycle","2025-12-16, 10:30 AM","Kwality House, Kemps Corner","Sr. Sr Trainer","0.00","2000.00","0.00","2000.00","0.00","0","0","0","0","0","0","0.83","Richard ","D'Costa","",""
"Studio Barre 57","2025-12-16, 9:00 AM","Kwality House, Kemps Corner","Sr. Sr Trainer","0.00","2000.00","0.00","2000.00","0.00","0","0","0","0","0","0","0.95","Richard ","D'Costa","",""
"powerCycle","2025-12-16, 7:30 AM","Kwality House, Kemps Corner","Sr. Sr Trainer","0.00","2000.00","0.00","2000.00","0.00","0","0","0","0","0","0","0.83","Richard ","D'Costa","",""
"powerCycle","2025-12-14, 6:30 PM","Supreme HQ, Bandra","Sr. Sr Trainer","0.00","2000.00","0.00","2000.00","0.00","0","0","0","0","0","0","0.67","Richard ","D'Costa","",""
"Studio Barre 57","2025-12-14, 5:00 PM","Supreme HQ, Bandra","Sr. Sr Trainer","0.00","2000.00","0.00","2000.00","0.00","2","0","0","0","0","2","0.95","Richard ","D'Costa","",""
"powerCycle","2025-12-13, 6:30 PM","Kwality House, Kemps Corner","Sr. Sr Trainer","0.00","2000.00","0.00","2000.00","0.00","0","0","0","0","0","0","0.83","Richard ","D'Costa","",""
"Strength Lab (Full Body)","2025-12-13, 5:00 PM","Kwality House, Kemps Corner","Sr. Sr Trainer","0.00","2000.00","0.00","2000.00","0.00","0","0","0","0","0","0","1.00","Richard ","D'Costa","",""
"Studio Cardio Barre","2025-12-12, 11:15 AM","Kwality House, Kemps Corner","Sr. Sr Trainer","2721.26","2000.00","0.00","2000.00","0.00","2","0","0","0","0","0","1.00","Richard ","D'Costa","",""
"Studio Barre 57","2025-12-12, 8:30 AM","Kwality House, Kemps Corner","Sr. Sr Trainer","2287.50","2000.00","0.00","2000.00","0.00","5","0","0","0","0","3","0.95","Richard ","D'Costa","",""
"Studio Cardio Barre","2025-12-11, 10:15 AM","Kwality House, Kemps Corner","Sr. Sr Trainer","3863.61","2000.00","0.00","2000.00","0.00","4","4","0","0","0","0","0.95","Richard ","D'Costa","",""
"Studio Barre 57","2025-12-11, 9:00 AM","Kwality House, Kemps Corner","Sr. Sr Trainer","6719.55","2000.00","0.00","2000.00","0.00","6","6","0","0","0","0","0.95","Richard ","D'Costa","",""
"Strength Lab (Push) ","2025-12-11, 7:15 AM","Kwality House, Kemps Corner","Sr. Sr Trainer","14.07","2000.00","0.00","2000.00","0.00","1","1","0","0","0","0","1.00","Richard ","D'Costa","",""
"powerCycle","2025-12-09, 10:30 AM","Kwality House, Kemps Corner","Sr. Sr Trainer","1590.01","2000.00","0.00","2000.00","0.00","2","2","0","0","0","0","0.83","Richard ","D'Costa","",""
"Studio Barre 57","2025-12-09, 9:00 AM","Kwality House, Kemps Corner","Sr. Sr Trainer","9826.66","2000.00","0.00","2000.00","0.00","8","8","0","0","0","0","0.95","Richard ","D'Costa","",""
"powerCycle","2025-12-09, 7:30 AM","Kwality House, Kemps Corner","Sr. Sr Trainer","3030.00","2000.00","0.00","2000.00","0.00","5","5","0","0","0","1","0.83","Richard ","D'Costa","",""
"Studio FIT ( SUPER SETS )","2025-12-08, 7:30 PM","Supreme HQ, Bandra","Sr. Sr Trainer","9453.54","2000.00","0.00","2000.00","0.00","11","10","0","0","1","0","1.00","Richard ","D'Costa","",""
"Studio Barre 57","2025-12-08, 6:15 PM","Supreme HQ, Bandra","Sr. Sr Trainer","3936.22","2000.00","0.00","2000.00","0.00","3","3","0","0","0","0","0.95","Richard ","D'Costa","",""
"Studio Barre 57","2025-12-07, 11:30 AM","Kwality House, Kemps Corner","Sr. Sr Trainer","11825.60","2000.00","0.00","2000.00","0.00","10","7","0","0","3","0","1.00","Richard ","D'Costa","",""
"Strength Lab (Full Body)","2025-12-07, 10:00 AM","Kwality House, Kemps Corner","Sr. Sr Trainer","2290.99","2000.00","0.00","2000.00","0.00","3","2","0","0","1","0","1.00","Richard ","D'Costa","",""
"powerCycle","2025-12-06, 6:30 PM","Kwality House, Kemps Corner","Sr. Sr Trainer","6884.80","2000.00","0.00","2000.00","0.00","7","7","0","0","0","0","0.83","Richard ","D'Costa","",""
"Strength Lab (Full Body)","2025-12-06, 5:00 PM","Kwality House, Kemps Corner","Sr. Sr Trainer","5566.18","2000.00","0.00","2000.00","0.00","4","4","0","0","0","0","1.00","Richard ","D'Costa","",""
"Strength Lab (Full Body)","2025-12-05, 11:00 AM","Kwality House, Kemps Corner","Sr. Sr Trainer","2833.26","2000.00","0.00","2000.00","0.00","3","2","0","0","1","0","1.00","Richard ","D'Costa","",""
"Studio FIT","2025-12-05, 9:00 AM","Kwality House, Kemps Corner","Sr. Sr Trainer","1703.31","2000.00","0.00","2000.00","0.00","5","4","0","0","1","1","0.95","Richard ","D'Costa","",""
"Studio Back Body Blaze Express","2025-12-05, 7:30 AM","Kwality House, Kemps Corner","Sr. Sr Trainer","5146.36","2000.00","0.00","2000.00","0.00","7","6","0","0","1","0","0.75","Richard ","D'Costa","",""
"Studio Cardio Barre","2025-12-03, 7:30 AM","Supreme HQ, Bandra","Sr. Sr Trainer","6848.24","2000.00","0.00","2000.00","0.00","7","6","0","0","1","0","0.95","Richard ","D'Costa","",""
"Studio Cardio Barre","2025-12-04, 10:15 AM","Kwality House, Kemps Corner","Sr. Sr Trainer","1857.08","2000.00","0.00","2000.00","0.00","6","4","0","0","2","0","0.95","Richard ","D'Costa","",""
"Studio Barre 57","2025-12-04, 9:00 AM","Kwality House, Kemps Corner","Sr. Sr Trainer","8673.19","2000.00","0.00","2000.00","0.00","9","8","0","0","1","1","0.95","Richard ","D'Costa","",""
"Strength Lab (Push) ","2025-12-04, 7:15 AM","Kwality House, Kemps Corner","Sr. Sr Trainer","0.00","2000.00","0.00","2000.00","0.00","0","0","0","0","0","0","1.00","Richard ","D'Costa","",""
"Studio FIT","2025-12-03, 11:00 AM","Supreme HQ, Bandra","Sr. Sr Trainer","3575.65","2000.00","0.00","2000.00","0.00","3","2","0","0","1","0","0.95","Richard ","D'Costa","",""
"Studio Back Body Blaze","2025-12-03, 8:45 AM","Supreme HQ, Bandra","Sr. Sr Trainer","170.36","2000.00","0.00","2000.00","0.00","2","2","0","0","0","0","0.95","Richard ","D'Costa","",""
"powerCycle","2025-12-02, 10:30 AM","Kwality House, Kemps Corner","Sr. Sr Trainer","1560.14","2000.00","0.00","2000.00","0.00","2","2","0","0","0","0","0.83","Richard ","D'Costa","",""
"Studio Barre 57","2025-12-02, 9:00 AM","Kwality House, Kemps Corner","Sr. Sr Trainer","6473.57","2000.00","0.00","2000.00","0.00","8","8","0","0","0","0","0.95","Richard ","D'Costa","",""
"powerCycle","2025-12-02, 7:30 AM","Kwality House, Kemps Corner","Sr. Sr Trainer","5777.31","2000.00","0.00","2000.00","0.00","6","4","0","0","2","0","0.83","Richard ","D'Costa","",""