"Class Name","Class Date","Location","Payrate","Time (h)","Instructor First Name","Instructor Last Name","Employee Code","Payrate Code","Customer Name","Customer Email","Sale Date","Checked in","Checked in","Late Cancelled","Payment Method","Payment Method Name","Paid","Instructor Payout"
"Physique 57 x Meghana's powerCycle Hosted Class","2025-12-07, 10:00 AM","Supreme HQ, Bandra","Junior Trainer","0.83","Bret","Saldanha","","","Ishana Aggarwal","ishanaaggarwaldesign@gmail.com","2025-12-06, 12:09 PM","No","No","Yes","Free","","0.00","0.00"
"Physique 57 x Meghana's powerCycle Hosted Class","2025-12-07, 10:00 AM","Supreme HQ, Bandra","Junior Trainer","0.83","Bret","Saldanha","","","Kaushek Haldar","kaushekhaldar02@gmail.com","2025-12-03, 12:05 PM","Yes","No","No","Free","","0.00","0.00"
"Physique 57 x Meghana's powerCycle Hosted Class","2025-12-07, 10:00 AM","Supreme HQ, Bandra","Junior Trainer","0.83","Bret","Saldanha","","","Rishika Thakur","rishika.thakur09@gmail.com","2025-12-03, 8:35 AM","Yes","No","No","Free","","0.00","0.00"
"Physique 57 x Meghana's powerCycle Hosted Class","2025-12-07, 10:00 AM","Supreme HQ, Bandra","Junior Trainer","0.83","Bret","Saldanha","","","Raashi Shah","raashis14@gmail.com","2025-12-02, 8:32 PM","Yes","No","No","Free","","0.00","0.00"
"Physique 57 x Meghana's powerCycle Hosted Class","2025-12-07, 10:00 AM","Supreme HQ, Bandra","Junior Trainer","0.83","Bret","Saldanha","","","Arnav Malhotra","arnav0505@gmail.com","2025-12-02, 7:22 PM","Yes","No","No","Free","","0.00","0.00"
"Physique 57 x Meghana's powerCycle Hosted Class","2025-12-07, 10:00 AM","Supreme HQ, Bandra","Junior Trainer","0.83","Bret","Saldanha","","","Akshita  Chamria ","ksht.patel1@gmail.com","2025-12-02, 5:37 PM","Yes","No","No","Free","","0.00","0.00"
"Physique 57 x Meghana's powerCycle Hosted Class","2025-12-07, 10:00 AM","Supreme HQ, Bandra","Junior Trainer","0.83","Bret","Saldanha","","","Sidhant Mehta","sidhantmehta18@gmail.com","2025-12-02, 5:06 PM","Yes","No","No","Free","","0.00","0.00"
"Physique 57 x Meghana's powerCycle Hosted Class","2025-12-07, 10:00 AM","Supreme HQ, Bandra","Junior Trainer","0.83","Bret","Saldanha","","","Sahil Phatak","sahil22787@gmail.com","2025-12-02, 4:41 PM","Yes","No","No","Free","","0.00","0.00"
"Physique 57 x Meghana's powerCycle Hosted Class","2025-12-07, 10:00 AM","Supreme HQ, Bandra","Junior Trainer","0.83","Bret","Saldanha","","","Kamini  Toprani","kaminitoprani@gmail.com","2025-12-02, 4:20 PM","Yes","No","No","Free","","0.00","0.00"
"Physique 57 x Meghana's powerCycle Hosted Class","2025-12-07, 10:00 AM","Supreme HQ, Bandra","Junior Trainer","0.83","Bret","Saldanha","","","Shriti Modi","shriti.modi@gmail.com","2025-12-02, 4:10 PM","Yes","No","No","Free","","0.00","0.00"
"Physique 57 x Meghana's powerCycle Hosted Class","2025-12-07, 10:00 AM","Supreme HQ, Bandra","Junior Trainer","0.83","Bret","Saldanha","","","Surbhi Ahuja","surbhiahuja25@gmail.com","2025-12-02, 3:49 PM","Yes","No","No","Free","","0.00","0.00"
"Physique 57 x Meghana's powerCycle Hosted Class","2025-12-07, 10:00 AM","Supreme HQ, Bandra","Junior Trainer","0.83","Bret","Saldanha","","","Meg G","mrg.connects@gmail.com","2025-12-02, 3:44 PM","Yes","No","No","Free","","0.00","0.00"
"powerCycle","2025-12-15, 7:30 PM","Supreme HQ, Bandra","Junior Trainer","0.83","Bret","Saldanha","","","Naële Marti","naele.marti@gmail.com","2025-12-09, 4:46 PM","No","No","No","Package","Studio 4 Class Package","1404.38","0.00"
"powerCycle","2025-12-13, 5:00 PM","Supreme HQ, Bandra","Junior Trainer","0.83","Bret","Saldanha","","","Sreejita Deb","debsreejita23@gmail.com","2025-12-10, 12:11 PM","No","No","No","Subscription","Studio 12 Class Package","1316.88","0.00"
"powerCycle","2025-12-13, 5:00 PM","Supreme HQ, Bandra","Junior Trainer","0.83","Bret","Saldanha","","","Pooja Gururaj","pooja21guru@gmail.com","2025-12-09, 2:40 AM","No","No","No","Subscription","Studio 3 Month Unlimited Membership","1500.00","0.00"
"powerCycle","2025-12-12, 8:30 AM","Kwality House, Kemps Corner","Junior Trainer","0.83","Bret","Saldanha","","","Alec Sharp","asharp777@yahoo.com","2025-12-05, 9:05 AM","No","No","No","Package","Studio 4 Class Package","1404.38","0.00"
"powerCycle","2025-12-08, 7:30 PM","Supreme HQ, Bandra","Junior Trainer","0.83","Bret","Saldanha","","","Shivani Chimnani","shivanichimnani@gmail.com","2025-12-08, 5:20 PM","Yes","No","No","Subscription","Studio 12 Class Package","1316.88","0.00"
"powerCycle","2025-12-08, 7:30 PM","Supreme HQ, Bandra","Junior Trainer","0.83","Bret","Saldanha","","","Mehar Anand","meharanand6@gmail.com","2025-12-08, 11:06 AM","Yes","No","No","Package","Studio 2 Week Unlimited Membership","10.42","0.00"
"powerCycle","2025-12-08, 7:30 PM","Supreme HQ, Bandra","Junior Trainer","0.83","Bret","Saldanha","","","Lianne Trowbridge","l.trowbridge@hotmail.com","2025-12-08, 10:50 AM","Yes","No","No","Subscription","Studio Extended 10 Single Class Pack","1417.50","0.00"
"powerCycle","2025-12-08, 7:30 PM","Supreme HQ, Bandra","Junior Trainer","0.83","Bret","Saldanha","","","Naële Marti","naele.marti@gmail.com","2025-12-08, 10:10 AM","Yes","No","No","Package","Studio 4 Class Package","1404.38","0.00"
"powerCycle","2025-12-08, 7:30 PM","Supreme HQ, Bandra","Junior Trainer","0.83","Bret","Saldanha","","","Saphia Vall","saphiavall@yahoo.fr","2025-12-08, 9:23 AM","Yes","No","No","Subscription","Studio 12 Class Package","1128.75","0.00"
"powerCycle","2025-12-08, 7:30 PM","Supreme HQ, Bandra","Junior Trainer","0.83","Bret","Saldanha","","","Pooja Gururaj","pooja21guru@gmail.com","2025-12-08, 8:36 AM","Yes","No","No","Subscription","Studio 3 Month Unlimited Membership","1500.00","0.00"
"powerCycle","2025-12-08, 7:30 PM","Supreme HQ, Bandra","Junior Trainer","0.83","Bret","Saldanha","","","Pooja Dhingra","pooja@le15.com","2025-12-08, 8:28 AM","Yes","No","No","Package","Studio Single Class","1500.00","0.00"
"powerCycle","2025-12-08, 6:00 PM","Supreme HQ, Bandra","Junior Trainer","0.83","Bret","Saldanha","","","Nicole Passendji","nicole.passendji@gmail.com","2025-12-08, 9:24 AM","Yes","No","No","Subscription","Studio 12 Class Package","1119.34","0.00"
"powerCycle","2025-12-08, 6:00 PM","Supreme HQ, Bandra","Junior Trainer","0.83","Bret","Saldanha","","","Raveena Shahpuri","raveenashahpuri@gmail.com","2025-12-08, 8:52 AM","Yes","No","No","Subscription","Studio 3 Month Unlimited Membership","51.33","0.00"
"powerCycle Express","2025-12-07, 11:30 AM","Supreme HQ, Bandra","Junior Trainer","0.67","Bret","Saldanha","","","Smita  Rodrigues Nath","rodrigues.smita@gmail.com","2025-12-07, 10:58 AM","Yes","No","No","Subscription","Studio 3 Month Unlimited Membership","1500.00","0.00"
"powerCycle Express","2025-12-07, 11:30 AM","Supreme HQ, Bandra","Junior Trainer","0.67","Bret","Saldanha","","","Vanshika Jotsinghani","jotsinghanivanshika@gmail.com","2025-12-07, 10:53 AM","Yes","No","No","Package","Newcomers 2 For 1","787.50","0.00"
"powerCycle Express","2025-12-07, 11:30 AM","Supreme HQ, Bandra","Junior Trainer","0.67","Bret","Saldanha","","","Treina Campos","treina.campos@gmail.com","2025-12-06, 10:33 PM","Yes","No","No","Subscription","Studio Extended 10 Single Class Pack","1417.50","0.00"
"powerCycle Express","2025-12-07, 11:30 AM","Supreme HQ, Bandra","Junior Trainer","0.67","Bret","Saldanha","","","Anahat Singh ","anahatnandinisingh@gmail.com","2025-12-06, 9:15 PM","No","No","Yes","Subscription","Studio 1 Month Unlimited Membership","1433.65","0.00"
"powerCycle Express","2025-12-07, 11:30 AM","Supreme HQ, Bandra","Junior Trainer","0.67","Bret","Saldanha","","","Neha Kamath","nehaivy101@gmail.com","2025-12-06, 8:23 PM","Yes","No","No","Card","","1575.00","0.00"
"powerCycle Express","2025-12-07, 11:30 AM","Supreme HQ, Bandra","Junior Trainer","0.67","Bret","Saldanha","","","Shania Pande","shaniapande22@gmail.com","2025-12-06, 8:21 PM","Yes","No","No","Package","Studio Single Class","1500.00","0.00"
"powerCycle Express","2025-12-07, 11:30 AM","Supreme HQ, Bandra","Junior Trainer","0.67","Bret","Saldanha","","","Mallika Mhatre","mallikamhatre1980@gmail.com","2025-12-01, 9:00 AM","Yes","No","No","Subscription","Studio Annual Unlimited Membership","15.01","0.00"
"powerCycle","2025-12-06, 5:00 PM","Supreme HQ, Bandra","Junior Trainer","0.83","Bret","Saldanha","","","Nidhi Iyer","nidhhe@gmail.com","2025-12-06, 9:44 AM","Yes","No","No","Package","Studio 4 Class Package","1404.38","0.00"
"powerCycle","2025-12-06, 5:00 PM","Supreme HQ, Bandra","Junior Trainer","0.83","Bret","Saldanha","","","Pooja Gururaj","pooja21guru@gmail.com","2025-12-05, 10:01 PM","No","No","Yes","Subscription","Studio 3 Month Unlimited Membership","1500.00","0.00"
"powerCycle","2025-12-06, 5:00 PM","Supreme HQ, Bandra","Junior Trainer","0.83","Bret","Saldanha","","","yashvi vashi","yashvivashi@outlook.com","2025-12-05, 5:02 PM","Yes","No","No","Package","Newcomers 2 For 1","787.50","0.00"
"powerCycle","2025-12-06, 5:00 PM","Supreme HQ, Bandra","Junior Trainer","0.83","Bret","Saldanha","","","Lise  Ursat","lursat@hotmail.fr","2025-12-04, 3:53 PM","Yes","No","No","Package","Studio Complimentary Referral Class","0.00","0.00"
"powerCycle","2025-12-06, 5:00 PM","Supreme HQ, Bandra","Junior Trainer","0.83","Bret","Saldanha","","","Margaud Chazeau","margaud.chazeau@outlook.com","2025-12-04, 3:49 PM","Yes","No","No","Subscription","Studio 12 Class Package","1316.88","0.00"
"powerCycle","2025-12-05, 10:00 AM","Kwality House, Kemps Corner","Junior Trainer","0.83","Bret","Saldanha","","","Roshni Nanwani","roshni.mahtani@gmail.com","2025-12-04, 10:11 PM","Yes","No","No","Subscription","Studio 20 Single Class Pack","1500.00","0.00"
"powerCycle","2025-12-05, 10:00 AM","Kwality House, Kemps Corner","Junior Trainer","0.83","Bret","Saldanha","","","Riah Daswani","riahdaswani@gmail.com","2025-12-04, 9:47 PM","Yes","No","No","Subscription","Studio Annual Unlimited Membership","15.01","0.00"
"powerCycle","2025-12-05, 10:00 AM","Kwality House, Kemps Corner","Junior Trainer","0.83","Bret","Saldanha","","","Sanjana Kochhar","sanjbhansali@gmail.com","2025-12-04, 4:06 PM","No","No","Yes","Subscription","Studio 1 Month Unlimited Membership","582.42","0.00"
"powerCycle","2025-12-05, 8:30 AM","Kwality House, Kemps Corner","Junior Trainer","0.83","Bret","Saldanha","","","Ria Chauhan Vora","ria@apwig.com","2025-12-05, 7:23 AM","Yes","No","No","Subscription","Studio 6 Month Unlimited Membership","1500.00","0.00"
"powerCycle","2025-12-05, 8:30 AM","Kwality House, Kemps Corner","Junior Trainer","0.83","Bret","Saldanha","","","Malcolm Mistry","malcolm@ushtate.com","2025-12-05, 7:04 AM","Yes","No","No","Subscription","Studio 6 Month Unlimited Membership","1500.00","0.00"
"powerCycle","2025-12-05, 8:30 AM","Kwality House, Kemps Corner","Junior Trainer","0.83","Bret","Saldanha","","","Namha Adukia","namhaadukia@gmail.com","2025-12-04, 9:40 PM","Yes","No","No","Subscription","Studio 3 Month Unlimited Membership","1500.00","0.00"
"powerCycle","2025-12-05, 8:30 AM","Kwality House, Kemps Corner","Junior Trainer","0.83","Bret","Saldanha","","","Zara Rustomji","zararustomji@gmail.com","2025-12-04, 8:43 PM","Yes","No","No","Subscription","Studio Extended 10 Single Class Pack","1417.50","0.00"
"powerCycle","2025-12-05, 8:30 AM","Kwality House, Kemps Corner","Junior Trainer","0.83","Bret","Saldanha","","","Tanvi Sait","tanvisait20@gmail.com","2025-12-04, 5:28 PM","Yes","No","No","Package","Newcomers 2 For 1","787.50","0.00"
"powerCycle","2025-12-05, 8:30 AM","Kwality House, Kemps Corner","Junior Trainer","0.83","Bret","Saldanha","","","Roshni Goela","roshnigoela@gmail.com","2025-12-04, 5:26 PM","Yes","No","No","Package","Studio Complimentary Referral Class","0.00","0.00"
"powerCycle","2025-12-05, 8:30 AM","Kwality House, Kemps Corner","Junior Trainer","0.83","Bret","Saldanha","","","Jhelum Gosalia","jhelumgosalia@gmail.com","2025-12-01, 7:58 PM","Yes","No","No","Subscription","Studio 12 Class Package","1128.75","0.00"
"powerCycle","2025-12-04, 9:30 AM","Kwality House, Kemps Corner","Junior Trainer","0.83","Bret","Saldanha","","","Maithili Raut","maithili.raut@gmail.com","2025-12-04, 7:37 AM","Yes","No","No","Subscription","Studio Annual Unlimited Membership","155.76","0.00"
"powerCycle","2025-12-04, 9:30 AM","Kwality House, Kemps Corner","Junior Trainer","0.83","Bret","Saldanha","","","Sumeeta Chopra","sumita1967@gmail.com","2025-12-03, 3:46 PM","Yes","No","No","Subscription","Studio 1 Month Unlimited Membership","1500.00","0.00"
"powerCycle","2025-12-04, 9:30 AM","Kwality House, Kemps Corner","Junior Trainer","0.83","Bret","Saldanha","","","Anaanya Chopra","anaanyachopra22@gmail.com","2025-12-03, 12:35 PM","Yes","No","No","Subscription","Studio 1 Month Unlimited Membership","1500.00","0.00"
"powerCycle","2025-12-04, 8:00 AM","Kwality House, Kemps Corner","Junior Trainer","0.83","Bret","Saldanha","","","Vipul Ambani","vipul.ambani@gmail.com","2025-12-04, 11:26 AM","Yes","No","No","Package","Studio Complimentary Class","0.00","0.00"
"powerCycle","2025-12-04, 8:00 AM","Kwality House, Kemps Corner","Junior Trainer","0.83","Bret","Saldanha","","","Maithili Raut","maithili.raut@gmail.com","2025-12-03, 5:03 PM","No","No","Yes","Subscription","Studio Annual Unlimited Membership","155.76","0.00"
"powerCycle","2025-12-04, 8:00 AM","Kwality House, Kemps Corner","Junior Trainer","0.83","Bret","Saldanha","","","Preeti Ambani","preeti.ambani@gmail.com","2025-12-03, 8:19 AM","Yes","No","No","Subscription","Studio Annual Unlimited Membership","15.00","0.00"
"powerCycle","2025-12-04, 8:00 AM","Kwality House, Kemps Corner","Junior Trainer","0.83","Bret","Saldanha","","","Leah Poonawala","leahamypoonawala@gmail.com","2025-12-02, 1:46 PM","Yes","No","No","Subscription","Studio 10 Single Class Pack","1417.50","0.00"
"powerCycle ( Rock vs Techno )","2025-12-01, 7:30 PM","Supreme HQ, Bandra","Junior Trainer","0.83","Bret","Saldanha","","","Akansha Baruah","akanshab.ab@gmail.com","2025-12-01, 6:54 PM","Yes","No","No","Subscription","Studio 1 Month Unlimited Membership","1500.00","0.00"
"powerCycle ( Rock vs Techno )","2025-12-01, 7:30 PM","Supreme HQ, Bandra","Junior Trainer","0.83","Bret","Saldanha","","","Saphia Vall","saphiavall@yahoo.fr","2025-11-30, 11:44 PM","Yes","No","No","Subscription","Studio 12 Class Package","1128.75","0.00"
"powerCycle ( Rock vs Techno )","2025-12-01, 7:30 PM","Supreme HQ, Bandra","Junior Trainer","0.83","Bret","Saldanha","","","Pooja Gururaj","pooja21guru@gmail.com","2025-11-24, 8:28 PM","Yes","No","No","Subscription","Studio 3 Month Unlimited Membership","1500.00","0.00"
"powerCycle","2025-12-01, 6:00 PM","Supreme HQ, Bandra","Junior Trainer","0.83","Bret","Saldanha","","","Laurence Chen","c.y.c.laurence@gmail.com","2025-12-01, 10:50 AM","Yes","No","No","Subscription","Studio 12 Class Package","1119.34","0.00"
"powerCycle","2025-12-01, 6:00 PM","Supreme HQ, Bandra","Junior Trainer","0.83","Bret","Saldanha","","","Margaud Chazeau","margaud.chazeau@outlook.com","2025-12-01, 10:00 AM","Yes","No","No","Subscription","Studio 12 Class Package","1316.88","0.00"