"Class Name","Class Date","Location","Payrate","Time (h)","Instructor First Name","Instructor Last Name","Employee Code","Payrate Code","Customer Name","Customer Email","Sale Date","Checked in","Checked in","Late Cancelled","Payment Method","Payment Method Name","Paid","Instructor Payout"
"Physique 57 x Kareena's Barre Hosted Class","2025-12-07, 12:45 PM","Supreme HQ, Bandra","Junior Trainer","0.95","Cauveri","Vikrant","","","Sach Chabria","sachchabria@gmail.com","2025-12-06, 11:44 PM","Yes","No","No","Free","","0.00","0.00"
"Physique 57 x Kareena's Barre Hosted Class","2025-12-07, 12:45 PM","Supreme HQ, Bandra","Junior Trainer","0.95","Cauveri","Vikrant","","","Meghna Malkani","meghnamalkani98@gmail.com","2025-12-06, 3:48 PM","Yes","No","No","Free","","0.00","0.00"
"Physique 57 x Kareena's Barre Hosted Class","2025-12-07, 12:45 PM","Supreme HQ, Bandra","Junior Trainer","0.95","Cauveri","Vikrant","","","Devika  Sharma ","devika5000@gmail.com","2025-12-03, 2:52 PM","No","No","Yes","Free","","0.00","0.00"
"Physique 57 x Kareena's Barre Hosted Class","2025-12-07, 12:45 PM","Supreme HQ, Bandra","Junior Trainer","0.95","Cauveri","Vikrant","","","Heer Shah","heer.v.shah@gmail.com","2025-12-03, 2:16 PM","Yes","No","No","Free","","0.00","0.00"
"Physique 57 x Kareena's Barre Hosted Class","2025-12-07, 12:45 PM","Supreme HQ, Bandra","Junior Trainer","0.95","Cauveri","Vikrant","","","Manasi Vashi","mvashi00@gmail.com","2025-12-03, 1:04 PM","Yes","No","No","Free","","0.00","0.00"
"Physique 57 x Kareena's Barre Hosted Class","2025-12-07, 12:45 PM","Supreme HQ, Bandra","Junior Trainer","0.95","Cauveri","Vikrant","","","Parnika  Singhee","singheeparnika@gmail.com","2025-12-03, 12:35 PM","No","No","Yes","Free","","0.00","0.00"
"Physique 57 x Kareena's Barre Hosted Class","2025-12-07, 12:45 PM","Supreme HQ, Bandra","Junior Trainer","0.95","Cauveri","Vikrant","","","Priyanshi Shah","ps3250@nyu.edu","2025-12-03, 10:55 AM","Yes","No","No","Free","","0.00","0.00"
"Physique 57 x Kareena's Barre Hosted Class","2025-12-07, 12:45 PM","Supreme HQ, Bandra","Junior Trainer","0.95","Cauveri","Vikrant","","","Mallika Jhaveri","mallikajhaveri@gmail.com","2025-12-03, 10:28 AM","No","No","Yes","Free","","0.00","0.00"
"Physique 57 x Kareena's Barre Hosted Class","2025-12-07, 12:45 PM","Supreme HQ, Bandra","Junior Trainer","0.95","Cauveri","Vikrant","","","Eman Batliwalla","emanbatliwalla19@gmail.com","2025-12-03, 10:20 AM","No","No","Yes","Free","","0.00","0.00"
"Physique 57 x Kareena's Barre Hosted Class","2025-12-07, 12:45 PM","Supreme HQ, Bandra","Junior Trainer","0.95","Cauveri","Vikrant","","","Meghna Mhatre","meghnamhatre2120@gmail.com","2025-12-03, 10:15 AM","No","No","Yes","Free","","0.00","0.00"
"Physique 57 x Kareena's Barre Hosted Class","2025-12-07, 12:45 PM","Supreme HQ, Bandra","Junior Trainer","0.95","Cauveri","Vikrant","","","Devanggi Topiwala","topiwaladevanggi@gmail.com","2025-12-03, 10:15 AM","Yes","No","No","Free","","0.00","0.00"
"Physique 57 x Kareena's Barre Hosted Class","2025-12-07, 12:45 PM","Supreme HQ, Bandra","Junior Trainer","0.95","Cauveri","Vikrant","","","Ayman  Mamaji","ayman.mamaji08@gmail.com","2025-12-03, 10:07 AM","Yes","No","No","Free","","0.00","0.00"
"Physique 57 x Kareena's Barre Hosted Class","2025-12-07, 12:45 PM","Supreme HQ, Bandra","Junior Trainer","0.95","Cauveri","Vikrant","","","Kareena Shah","kareenashah14@gmail.com","2025-12-03, 9:58 AM","Yes","No","No","Free","","0.00","0.00"
"powerCycle","2025-12-10, 8:00 AM","Kwality House, Kemps Corner","Junior Trainer","0.83","Cauveri","Vikrant","","","Reyna Jagtiani","reyna@twaincommunications.com","2025-12-10, 8:01 AM","Yes","No","No","Package","Studio Staff/Family Class","0.00","0.00"
"powerCycle","2025-12-10, 8:00 AM","Kwality House, Kemps Corner","Junior Trainer","0.83","Cauveri","Vikrant","","","Pranav Turakhia","turakhia.pranav7@gmail.com","2025-12-09, 10:54 PM","Yes","No","No","Subscription","powerCycle 1 month Unlimited ","1500.00","0.00"
"powerCycle","2025-12-10, 8:00 AM","Kwality House, Kemps Corner","Junior Trainer","0.83","Cauveri","Vikrant","","","Malcolm Mistry","malcolm@ushtate.com","2025-12-09, 8:22 PM","Yes","No","No","Subscription","Studio 6 Month Unlimited Membership","1500.00","0.00"
"powerCycle","2025-12-10, 8:00 AM","Kwality House, Kemps Corner","Junior Trainer","0.83","Cauveri","Vikrant","","","Ria Chauhan Vora","ria@apwig.com","2025-12-09, 6:29 PM","Yes","No","No","Subscription","Studio 6 Month Unlimited Membership","1500.00","0.00"
"powerCycle","2025-12-10, 8:00 AM","Kwality House, Kemps Corner","Junior Trainer","0.83","Cauveri","Vikrant","","","Surabhi Agrawal","surabhi.gini@gmail.com","2025-12-09, 6:22 PM","Yes","No","No","Subscription","Studio 6 Month Unlimited Membership","1500.00","0.00"
"powerCycle","2025-12-10, 8:00 AM","Kwality House, Kemps Corner","Junior Trainer","0.83","Cauveri","Vikrant","","","Sabiha Ghiasi ","sabiha.ghiasi@gmail.com","2025-12-09, 4:40 PM","Yes","No","No","Subscription","Studio Annual Unlimited Membership","75.05","0.00"
"powerCycle","2025-12-10, 8:00 AM","Kwality House, Kemps Corner","Junior Trainer","0.83","Cauveri","Vikrant","","","Bijuri Shah","bijuri@gmail.com","2025-12-09, 7:53 AM","Yes","No","No","Subscription","Studio 6 Month Unlimited Membership","1500.00","0.00"
"powerCycle","2025-12-15, 8:45 AM","Supreme HQ, Bandra","Junior Trainer","0.83","Cauveri","Vikrant","","","Mallika Mhatre","mallikamhatre1980@gmail.com","2025-12-08, 10:55 AM","No","No","No","Subscription","Studio Annual Unlimited Membership","15.01","0.00"
"powerCycle","2025-12-14, 11:30 AM","Kwality House, Kemps Corner","Junior Trainer","0.83","Cauveri","Vikrant","","","Yash  Sanghvi","sanghviyash@hotmail.com","2025-12-11, 12:20 PM","No","No","No","Subscription","Studio 6 Month Unlimited Membership","1500.00","0.00"
"powerCycle","2025-12-14, 11:30 AM","Kwality House, Kemps Corner","Junior Trainer","0.83","Cauveri","Vikrant","","","Shikhar  Garodia","shikhargarodia@gmail.com","2025-12-09, 9:42 PM","No","No","No","Subscription","Studio 1 Month Unlimited Membership","838.69","0.00"
"Studio Cardio Barre","2025-12-14, 10:15 AM","Kwality House, Kemps Corner","Junior Trainer","0.95","Cauveri","Vikrant","","","Aashna Mansharamani","aashnamansharamani@gmail.com","2025-12-10, 7:14 PM","No","No","No","Subscription","Barre 3 months Unlimited ","1350.79","0.00"
"Studio Cardio Barre","2025-12-14, 10:15 AM","Kwality House, Kemps Corner","Junior Trainer","0.95","Cauveri","Vikrant","","","Jaanvi Gandhi","jaanvigandhi9@gmail.com","2025-12-09, 3:02 PM","No","No","No","Package","Studio Open Barre Class","0.00","0.00"
"powerCycle","2025-12-13, 11:30 AM","Kwality House, Kemps Corner","Junior Trainer","0.83","Cauveri","Vikrant","","","Niyanta Datta","niyantadatta@gmail.com","2025-12-10, 4:24 PM","No","No","No","Subscription","Studio Annual Unlimited Membership","161.70","0.00"
"powerCycle","2025-12-13, 11:30 AM","Kwality House, Kemps Corner","Junior Trainer","0.83","Cauveri","Vikrant","","","Yash  Sanghvi","sanghviyash@hotmail.com","2025-12-06, 1:54 PM","No","No","No","Subscription","Studio 6 Month Unlimited Membership","1500.00","0.00"
"powerCycle","2025-12-13, 10:00 AM","Kwality House, Kemps Corner","Junior Trainer","0.83","Cauveri","Vikrant","","","Sandhya Narayanan","sandhya.narayanan01@gmail.com","2025-12-09, 3:14 PM","No","No","No","Package","Studio 4 Class Package","1404.38","0.00"
"powerCycle","2025-12-13, 10:00 AM","Kwality House, Kemps Corner","Junior Trainer","0.83","Cauveri","Vikrant","","","Deepti Narayanan","deeptinarayanan@hotmail.com","2025-12-09, 3:06 PM","No","No","No","Subscription","Studio 12 Class Package","1316.88","0.00"
"powerCycle","2025-12-13, 10:00 AM","Kwality House, Kemps Corner","Junior Trainer","0.83","Cauveri","Vikrant","","","Aabha Hattangadi","mymindsvoice2001@gmail.com","2025-12-08, 3:37 PM","No","No","No","Package","Studio Complimentary Referral Class","0.00","0.00"
"Studio Cardio Barre Express","2025-12-13, 8:00 AM","Kwality House, Kemps Corner","Junior Trainer","0.75","Cauveri","Vikrant","","","Bijuri Shah","bijuri@gmail.com","2025-12-10, 9:52 PM","No","No","No","Subscription","Studio 6 Month Unlimited Membership","1500.00","0.00"
"Studio Cardio Barre Express","2025-12-13, 8:00 AM","Kwality House, Kemps Corner","Junior Trainer","0.75","Cauveri","Vikrant","","","Hena Kapadia","hena88+1@gmail.com","2025-12-10, 7:11 PM","No","No","No","Subscription","Studio 1 Month Unlimited Membership","1500.00","0.00"
"Studio Cardio Barre Express","2025-12-13, 8:00 AM","Kwality House, Kemps Corner","Junior Trainer","0.75","Cauveri","Vikrant","","","Hinal Kuvadia","kuvadia.hinal@gmail.com","2025-12-09, 9:18 PM","No","No","No","Subscription","Barre 1 month Unlimited ","1500.00","0.00"
"Studio Cardio Barre Express","2025-12-13, 8:00 AM","Kwality House, Kemps Corner","Junior Trainer","0.75","Cauveri","Vikrant","","","Aashna Mansharamani","aashnamansharamani@gmail.com","2025-12-08, 6:28 PM","No","No","No","Subscription","Barre 3 months Unlimited ","1350.79","0.00"
"powerCycle Express ( Only Legends )","2025-12-12, 7:30 PM","Supreme HQ, Bandra","Junior Trainer","0.67","Cauveri","Vikrant","","","Pooja Nair","nairpooja12@gmail.com","2025-12-10, 7:32 PM","No","No","No","Subscription","Studio Annual Unlimited Membership","155.76","0.00"
"powerCycle","2025-12-12, 6:00 PM","Supreme HQ, Bandra","Junior Trainer","0.83","Cauveri","Vikrant","","","Archana  Iyer","archana.archie19@gmail.com","2025-12-07, 9:49 PM","No","No","No","Subscription","Studio 1 Month Unlimited Membership","1500.00","0.00"
"powerCycle","2025-12-12, 6:00 PM","Supreme HQ, Bandra","Junior Trainer","0.83","Cauveri","Vikrant","","","Neeti Yellurkar","neeti.yellurkar@gmail.com","2025-12-05, 8:18 PM","No","No","No","Subscription","Studio 8 Class Package","1338.75","0.00"
"Studio FIT ( SUPER SETS )","2025-12-11, 7:30 PM","Supreme HQ, Bandra","Junior Trainer","1.00","Cauveri","Vikrant","","","Priyanka  Kauntia","priyankakauntia@hotmail.com","2025-12-11, 8:26 AM","No","No","No","Subscription","Studio 1 Month Unlimited Membership","897.64","0.00"
"Studio FIT ( SUPER SETS )","2025-12-11, 7:30 PM","Supreme HQ, Bandra","Junior Trainer","1.00","Cauveri","Vikrant","","","Smita  Rodrigues Nath","rodrigues.smita@gmail.com","2025-12-05, 5:45 PM","No","No","No","Subscription","Studio 3 Month Unlimited Membership","1500.00","0.00"
"Studio FIT ( SUPER SETS )","2025-12-11, 7:30 PM","Supreme HQ, Bandra","Junior Trainer","1.00","Cauveri","Vikrant","","","Devsmita Mukherjee","devsmita.mukherjee@gmail.com","2025-12-04, 11:08 PM","No","No","No","Subscription","Studio 12 Class Package","1316.88","0.00"
"Studio Barre 57","2025-12-11, 6:15 PM","Supreme HQ, Bandra","Junior Trainer","0.95","Cauveri","Vikrant","","","Diva  Gupta ","divagupta2004@gmail.com","2025-12-11, 11:52 AM","No","No","No","Subscription","Studio 1 Month Unlimited Membership","1218.61","0.00"
"Studio Barre 57","2025-12-11, 6:15 PM","Supreme HQ, Bandra","Junior Trainer","0.95","Cauveri","Vikrant","","","Eugi  Belousova ","braindestory@mail.ru","2025-12-11, 11:47 AM","No","No","No","Subscription","Studio 8 Class Package","1500.00","0.00"
"Studio Barre 57","2025-12-11, 6:15 PM","Supreme HQ, Bandra","Junior Trainer","0.95","Cauveri","Vikrant","","","Aditya Sinha","sinha.aditya1@gmail.com","2025-12-11, 11:16 AM","No","No","No","Package","Studio 2 Week Unlimited Membership","10.42","0.00"
"Studio Barre 57","2025-12-11, 6:15 PM","Supreme HQ, Bandra","Junior Trainer","0.95","Cauveri","Vikrant","","","Stuti Purohit","stutithepurohit@gmail.com","2025-12-11, 11:16 AM","No","No","No","Package","Studio Referrer Complimentary Class Package","0.00","0.00"
"Studio Barre 57","2025-12-11, 6:15 PM","Supreme HQ, Bandra","Junior Trainer","0.95","Cauveri","Vikrant","","","Pooja Nair","nairpooja12@gmail.com","2025-12-11, 8:57 AM","No","No","No","Subscription","Studio Annual Unlimited Membership","155.76","0.00"
"Studio Barre 57","2025-12-11, 6:15 PM","Supreme HQ, Bandra","Junior Trainer","0.95","Cauveri","Vikrant","","","Simrrun Shah","simrrunshah@gmail.com","2025-12-10, 2:57 PM","No","No","No","Subscription","Studio 1 Month Unlimited Membership","1500.00","0.00"
"Studio Barre 57","2025-12-11, 6:15 PM","Supreme HQ, Bandra","Junior Trainer","0.95","Cauveri","Vikrant","","","Miti Joshi","joshimiti08@gmail.com","2025-12-10, 12:41 PM","No","No","No","Subscription","Studio 3 Month Unlimited Membership","722.96","0.00"
"Studio Barre 57","2025-12-10, 11:30 AM","Kwality House, Kemps Corner","Junior Trainer","0.95","Cauveri","Vikrant","","","Aakriti  Nahata ","aakritinahata@gmail.com","2025-12-10, 11:35 AM","Yes","No","No","Subscription","Barre 3 months Unlimited ","1500.00","0.00"
"Studio Barre 57","2025-12-10, 11:30 AM","Kwality House, Kemps Corner","Junior Trainer","0.95","Cauveri","Vikrant","","","Rabia Kader","rabea.j@live.com","2025-12-10, 11:33 AM","Yes","No","No","Subscription","Studio 3 Month Unlimited Membership","1500.00","0.00"
"Studio Barre 57","2025-12-10, 11:30 AM","Kwality House, Kemps Corner","Junior Trainer","0.95","Cauveri","Vikrant","","","Rina Deora","rinadeora@hotmail.com","2025-12-10, 11:30 AM","Yes","No","No","Subscription","Studio Annual Unlimited Membership","14.60","0.00"
"Studio Barre 57","2025-12-10, 11:30 AM","Kwality House, Kemps Corner","Junior Trainer","0.95","Cauveri","Vikrant","","","Devia  Cornelius ","devia.cornelius@gmail.com","2025-12-10, 11:12 AM","Yes","No","No","Subscription","Studio Annual Unlimited Membership","15.01","0.00"
"Studio Barre 57","2025-12-10, 11:30 AM","Kwality House, Kemps Corner","Junior Trainer","0.95","Cauveri","Vikrant","","","Anaanya Chopra","anaanyachopra22@gmail.com","2025-12-10, 11:11 AM","Yes","No","No","Subscription","Studio 1 Month Unlimited Membership","1500.00","0.00"
"Studio Barre 57","2025-12-10, 11:30 AM","Kwality House, Kemps Corner","Junior Trainer","0.95","Cauveri","Vikrant","","","Aastha Mehta","aasthamehta10@gmail.com","2025-12-10, 10:13 AM","Yes","No","No","Package","Studio 4 Class Package","1404.38","0.00"
"Studio Barre 57","2025-12-10, 9:15 AM","Kwality House, Kemps Corner","Junior Trainer","0.95","Cauveri","Vikrant","","","Mallika Kumar","malikakumar60@gmail.com","2025-12-10, 9:23 AM","Yes","No","No","Subscription","Studio 1 Month Unlimited Membership","1500.00","0.00"
"Studio Barre 57","2025-12-10, 9:15 AM","Kwality House, Kemps Corner","Junior Trainer","0.95","Cauveri","Vikrant","","","Ilya Hora","hora.ilya@gmail.com","2025-12-09, 6:26 PM","Yes","No","No","Package","Studio 2 Week Unlimited Membership","10.42","0.00"
"Studio Barre 57","2025-12-10, 9:15 AM","Kwality House, Kemps Corner","Junior Trainer","0.95","Cauveri","Vikrant","","","Brinda Gupta","brindagupta@hotmail.com","2025-12-09, 5:18 PM","Yes","No","No","Subscription","Barre 1 month Unlimited ","1334.38","0.00"
"Studio Barre 57","2025-12-10, 9:15 AM","Kwality House, Kemps Corner","Junior Trainer","0.95","Cauveri","Vikrant","","","Shrishti  Singh","shrishtisingh099@gmail.com","2025-12-09, 5:02 PM","No","No","Yes","Subscription","Studio 3 Month Unlimited Membership","1410.55","0.00"
"Studio Barre 57","2025-12-10, 9:15 AM","Kwality House, Kemps Corner","Junior Trainer","0.95","Cauveri","Vikrant","","","Niyomi Shah","niyomi2701@gmail.com","2025-12-09, 10:48 AM","No","No","Yes","Package","Studio Open Barre Class","0.00","0.00"
"powerCycle","2025-12-08, 10:00 AM","Supreme HQ, Bandra","Junior Trainer","0.83","Cauveri","Vikrant","","","Ayesha Munot","ayesha@physique57mumbai.com","2025-12-08, 10:00 AM","Yes","No","No","Package","Studio Staff/Family Class","0.00","0.00"
"powerCycle","2025-12-08, 10:00 AM","Supreme HQ, Bandra","Junior Trainer","0.83","Cauveri","Vikrant","","","Reyna Jagtiani","reyna@twaincommunications.com","2025-12-08, 9:59 AM","Yes","No","No","Package","Studio Staff/Family Class","0.00","0.00"
"powerCycle","2025-12-08, 10:00 AM","Supreme HQ, Bandra","Junior Trainer","0.83","Cauveri","Vikrant","","","Kanchaan Kaicker ","kanchaan1991@gmail.com","2025-12-08, 9:59 AM","Yes","No","No","Subscription","Studio 3 Month Unlimited Membership","387.13","0.00"
"powerCycle","2025-12-08, 10:00 AM","Supreme HQ, Bandra","Junior Trainer","0.83","Cauveri","Vikrant","","","Aliasgar  Nalwala","ali@asmaco.com","2025-12-08, 9:55 AM","Yes","No","No","Subscription","Studio 6 Month Unlimited Membership","477.59","0.00"
"powerCycle","2025-12-08, 10:00 AM","Supreme HQ, Bandra","Junior Trainer","0.83","Cauveri","Vikrant","","","Anahat Singh ","anahatnandinisingh@gmail.com","2025-12-08, 9:50 AM","Yes","No","No","Subscription","Studio 1 Month Unlimited Membership","1433.65","0.00"
"powerCycle","2025-12-08, 10:00 AM","Supreme HQ, Bandra","Junior Trainer","0.83","Cauveri","Vikrant","","","Aditya Sinha","sinha.aditya1@gmail.com","2025-12-08, 8:10 AM","Yes","No","No","Package","Studio 2 Week Unlimited Membership","10.42","0.00"
"powerCycle","2025-12-08, 10:00 AM","Supreme HQ, Bandra","Junior Trainer","0.83","Cauveri","Vikrant","","","Shona Barua","shonabarua27@gmail.com","2025-12-08, 7:59 AM","Yes","No","No","Subscription","Studio Annual Unlimited Membership","155.76","0.00"
"powerCycle","2025-12-08, 10:00 AM","Supreme HQ, Bandra","Junior Trainer","0.83","Cauveri","Vikrant","","","Nicole Passendji","nicole.passendji@gmail.com","2025-12-07, 3:27 PM","No","No","Yes","Subscription","Studio 12 Class Package","1119.34","0.00"
"powerCycle","2025-12-08, 10:00 AM","Supreme HQ, Bandra","Junior Trainer","0.83","Cauveri","Vikrant","","","Siya  Kumar ","siyakumar91@gmail.com","2025-12-07, 7:50 AM","Yes","No","No","Subscription","Studio Annual Unlimited Membership","155.76","0.00"
"powerCycle","2025-12-08, 10:00 AM","Supreme HQ, Bandra","Junior Trainer","0.83","Cauveri","Vikrant","","","HUSNA BOOTWALLA","husnajumani93@gmail.com","2025-12-04, 8:38 AM","No","No","Yes","Subscription","Studio 6 Month Unlimited Membership","1279.95","0.00"
"powerCycle","2025-12-08, 10:00 AM","Supreme HQ, Bandra","Junior Trainer","0.83","Cauveri","Vikrant","","","Anisha Merchant","anisha.merchant@gmail.com","2025-12-04, 7:39 AM","Yes","No","No","Subscription","Studio 12 Class Package","1119.34","0.00"
"powerCycle ( Boy Bands )","2025-12-08, 8:45 AM","Supreme HQ, Bandra","Junior Trainer","0.83","Cauveri","Vikrant","","","Mallika Mhatre","mallikamhatre1980@gmail.com","2025-12-08, 8:21 AM","Yes","No","No","Subscription","Studio Annual Unlimited Membership","15.01","0.00"
"powerCycle ( Boy Bands )","2025-12-08, 8:45 AM","Supreme HQ, Bandra","Junior Trainer","0.83","Cauveri","Vikrant","","","Sneha  Taurani ","sneha@tips.in","2025-12-08, 8:08 AM","Yes","No","No","Subscription","Studio Extended 10 Single Class Pack","1500.00","0.00"
"powerCycle ( Boy Bands )","2025-12-08, 8:45 AM","Supreme HQ, Bandra","Junior Trainer","0.83","Cauveri","Vikrant","","","Veronica Bahl","veronica.bahl@gmail.com","2025-12-08, 12:03 AM","Yes","No","No","Package","Studio 4 Class Package","1404.38","0.00"
"powerCycle ( Boy Bands )","2025-12-08, 8:45 AM","Supreme HQ, Bandra","Junior Trainer","0.83","Cauveri","Vikrant","","","Aditya Sinha","sinha.aditya1@gmail.com","2025-12-06, 8:09 PM","No","No","Yes","Package","Studio 2 Week Unlimited Membership","10.42","0.00"
"Studio Cardio Barre","2025-12-07, 11:30 AM","Supreme HQ, Bandra","Junior Trainer","1.00","Cauveri","Vikrant","","","Nitika Gupta","nitika0059@gmail.com","2025-12-07, 10:41 AM","Yes","No","No","Subscription","Studio Annual Unlimited Membership","15.01","0.00"
"Studio Barre 57","2025-12-07, 10:15 AM","Supreme HQ, Bandra","Junior Trainer","0.95","Cauveri","Vikrant","","","Aaria Mitra","aariamitra34@gmail.com","2025-12-07, 10:04 AM","Yes","No","No","Subscription","Studio 1 Month Unlimited Membership","980.92","0.00"
"Studio Barre 57","2025-12-07, 10:15 AM","Supreme HQ, Bandra","Junior Trainer","0.95","Cauveri","Vikrant","","","Gopi Chawla","gachawla@hotmail.com","2025-12-07, 10:01 AM","Yes","No","No","Subscription","Studio Annual Unlimited Membership","155.76","0.00"
"Studio Barre 57","2025-12-07, 10:15 AM","Supreme HQ, Bandra","Junior Trainer","0.95","Cauveri","Vikrant","","","Kaavya Gupta","guptakaavya05@gmail.com","2025-12-07, 9:24 AM","Yes","No","No","Subscription","Studio 20 Single Class Pack","1500.00","0.00"
"Studio Barre 57","2025-12-07, 10:15 AM","Supreme HQ, Bandra","Junior Trainer","0.95","Cauveri","Vikrant","","","Shivani Chimnani","shivanichimnani@gmail.com","2025-12-07, 8:59 AM","Yes","No","No","Subscription","Studio 12 Class Package","1316.88","0.00"
"Studio Barre 57","2025-12-07, 10:15 AM","Supreme HQ, Bandra","Junior Trainer","0.95","Cauveri","Vikrant","","","Advika Nambiar ","advikanambair14@gmail.com","2025-12-05, 6:45 PM","No","No","Yes","Subscription","Studio 1 Month Unlimited Membership","1500.00","0.00"
"Studio Barre 57","2025-12-07, 10:15 AM","Supreme HQ, Bandra","Junior Trainer","0.95","Cauveri","Vikrant","","","Diva  Gupta ","divagupta2004@gmail.com","2025-12-05, 6:29 PM","No","No","Yes","Subscription","Studio 1 Month Unlimited Membership","1218.61","0.00"
"Studio Barre 57","2025-12-07, 10:15 AM","Supreme HQ, Bandra","Junior Trainer","0.95","Cauveri","Vikrant","","","yashvi vashi","yashvivashi@outlook.com","2025-12-05, 5:04 PM","Yes","No","No","Package","Studio Open Barre Class","0.00","0.00"
"Studio Barre 57","2025-12-07, 10:15 AM","Supreme HQ, Bandra","Junior Trainer","0.95","Cauveri","Vikrant","","","Mallika Mhatre","mallikamhatre1980@gmail.com","2025-12-01, 9:00 AM","Yes","No","No","Subscription","Studio Annual Unlimited Membership","15.01","0.00"
"powerCycle","2025-12-06, 11:30 AM","Kwality House, Kemps Corner","Junior Trainer","0.83","Cauveri","Vikrant","","","Reyna Jagtiani","reyna@twaincommunications.com","2025-12-06, 11:36 AM","Yes","No","No","Package","Studio Staff/Family Class","0.00","0.00"
"powerCycle","2025-12-06, 11:30 AM","Kwality House, Kemps Corner","Junior Trainer","0.83","Cauveri","Vikrant","","","Pranav Turakhia","turakhia.pranav7@gmail.com","2025-12-06, 10:43 AM","Yes","No","No","Subscription","powerCycle 1 month Unlimited ","1500.00","0.00"
"powerCycle","2025-12-06, 11:30 AM","Kwality House, Kemps Corner","Junior Trainer","0.83","Cauveri","Vikrant","","","Nurain  Patel ","nurain.dhorajiwala7@gmail.com","2025-12-05, 11:02 PM","Yes","No","No","Card","","1575.00","0.00"
"powerCycle","2025-12-06, 11:30 AM","Kwality House, Kemps Corner","Junior Trainer","0.83","Cauveri","Vikrant","","","Tiana Taraporvala","tianataraporvala@gmail.com","2025-12-05, 12:24 PM","Yes","No","No","UPI","","1575.00","0.00"
"powerCycle","2025-12-06, 11:30 AM","Kwality House, Kemps Corner","Junior Trainer","0.83","Cauveri","Vikrant","","","Alya Mistry","alyamistry@hotmail.com","2025-12-05, 11:50 AM","Yes","No","No","Subscription","Studio 20 Single Class Pack","1500.00","0.00"
"powerCycle","2025-12-06, 11:30 AM","Kwality House, Kemps Corner","Junior Trainer","0.83","Cauveri","Vikrant","","","Aliasgar  Nalwala","ali@asmaco.com","2025-12-03, 10:39 PM","Yes","No","No","Subscription","Studio 6 Month Unlimited Membership","477.59","0.00"
"powerCycle","2025-12-06, 11:30 AM","Kwality House, Kemps Corner","Junior Trainer","0.83","Cauveri","Vikrant","","","Nishi Chiniwala","nishichiniwala@gmail.com","2025-12-03, 10:35 AM","No","No","Yes","Subscription","Studio 6 Month Unlimited Membership","1500.00","0.00"
"powerCycle","2025-12-06, 11:30 AM","Kwality House, Kemps Corner","Junior Trainer","0.83","Cauveri","Vikrant","","","Namha Adukia","namhaadukia@gmail.com","2025-12-02, 9:42 PM","Yes","No","No","Subscription","Studio 3 Month Unlimited Membership","1500.00","0.00"
"powerCycle","2025-12-06, 11:30 AM","Kwality House, Kemps Corner","Junior Trainer","0.83","Cauveri","Vikrant","","","Latisha Shah","latishashah@gmail.com","2025-12-02, 9:41 PM","Yes","No","No","Subscription","Studio 1 Month Unlimited Membership","1500.00","0.00"
"powerCycle","2025-12-06, 11:30 AM","Kwality House, Kemps Corner","Junior Trainer","0.83","Cauveri","Vikrant","","","Yash  Sanghvi","sanghviyash@hotmail.com","2025-12-01, 11:43 AM","Yes","No","No","Subscription","Studio 6 Month Unlimited Membership","1500.00","0.00"
"powerCycle","2025-12-06, 10:00 AM","Kwality House, Kemps Corner","Junior Trainer","0.83","Cauveri","Vikrant","","","Preeti Ambani","preeti.ambani@gmail.com","2025-12-06, 8:19 AM","Yes","No","No","Subscription","Studio Annual Unlimited Membership","15.00","0.00"
"powerCycle","2025-12-06, 10:00 AM","Kwality House, Kemps Corner","Junior Trainer","0.83","Cauveri","Vikrant","","","Malcolm Mistry","malcolm@ushtate.com","2025-12-06, 7:46 AM","Yes","No","No","Subscription","Studio 6 Month Unlimited Membership","1500.00","0.00"
"Studio Cardio Barre Express","2025-12-06, 8:00 AM","Kwality House, Kemps Corner","Junior Trainer","0.75","Cauveri","Vikrant","","","Krutika Mehta","krutika.harianto@gmail.com","2025-12-06, 7:53 AM","Yes","No","No","Subscription","Studio 12 Class Package","1128.75","0.00"
"Studio Cardio Barre Express","2025-12-06, 8:00 AM","Kwality House, Kemps Corner","Junior Trainer","0.75","Cauveri","Vikrant","","","Raksha Bokadia","bokadia39@gmail.com","2025-12-05, 10:34 PM","Yes","No","No","Subscription","Barre 3 months Unlimited ","623.29","0.00"
"Studio Cardio Barre Express","2025-12-06, 8:00 AM","Kwality House, Kemps Corner","Junior Trainer","0.75","Cauveri","Vikrant","","","Bijuri Shah","bijuri@gmail.com","2025-12-04, 6:13 PM","Yes","No","No","Subscription","Studio 6 Month Unlimited Membership","1500.00","0.00"
"Studio Cardio Barre Express","2025-12-06, 8:00 AM","Kwality House, Kemps Corner","Junior Trainer","0.75","Cauveri","Vikrant","","","Aashna Mansharamani","aashnamansharamani@gmail.com","2025-12-03, 9:55 PM","Yes","No","No","Subscription","Barre 3 months Unlimited ","1350.79","0.00"
"powerCycle Express","2025-12-05, 7:30 PM","Supreme HQ, Bandra","Junior Trainer","0.67","Cauveri","Vikrant","","","Khushi Nagpal","khushinagpal11@gmail.com","2025-12-05, 8:16 PM","Yes","No","No","Package","Studio Single Class","1500.00","0.00"
"powerCycle Express","2025-12-05, 7:30 PM","Supreme HQ, Bandra","Junior Trainer","0.67","Cauveri","Vikrant","","","Yash  Prasad","yashwewill@gmail.com","2025-12-05, 7:43 PM","Yes","No","No","Subscription","Studio 1 Month Unlimited Membership","1131.56","0.00"
"powerCycle Express","2025-12-05, 7:30 PM","Supreme HQ, Bandra","Junior Trainer","0.67","Cauveri","Vikrant","","","Anahat Kapur","anahat_kapur@hotmail.com","2025-12-05, 7:31 PM","Yes","No","No","Subscription","Studio 1 Month Unlimited Membership","1500.00","0.00"
"powerCycle Express","2025-12-05, 7:30 PM","Supreme HQ, Bandra","Junior Trainer","0.67","Cauveri","Vikrant","","","Kush Chhabria","info.kushchhabria@gmail.com","2025-12-05, 6:12 PM","Yes","No","No","Package","Newcomers 2 For 1","787.50","0.00"
"powerCycle Express","2025-12-05, 7:30 PM","Supreme HQ, Bandra","Junior Trainer","0.67","Cauveri","Vikrant","","","Priyanka  Kauntia","priyankakauntia@hotmail.com","2025-12-05, 6:09 PM","Yes","No","No","Subscription","Studio 1 Month Unlimited Membership","897.64","0.00"
"powerCycle Express","2025-12-05, 7:30 PM","Supreme HQ, Bandra","Junior Trainer","0.67","Cauveri","Vikrant","","","Sachin Kotre","sachinmeranaam@gmail.com","2025-12-05, 5:59 PM","Yes","No","No","Subscription","Studio 3 Month Unlimited Membership","1060.46","0.00"
"powerCycle Express","2025-12-05, 7:30 PM","Supreme HQ, Bandra","Junior Trainer","0.67","Cauveri","Vikrant","","","Advika Nambiar ","advikanambair14@gmail.com","2025-12-05, 5:57 PM","Yes","No","No","Subscription","Studio 1 Month Unlimited Membership","1500.00","0.00"
"powerCycle Express","2025-12-05, 7:30 PM","Supreme HQ, Bandra","Junior Trainer","0.67","Cauveri","Vikrant","","","Diva  Gupta ","divagupta2004@gmail.com","2025-12-05, 5:52 PM","Yes","No","No","Subscription","Studio 1 Month Unlimited Membership","1218.61","0.00"
"powerCycle Express","2025-12-05, 7:30 PM","Supreme HQ, Bandra","Junior Trainer","0.67","Cauveri","Vikrant","","","Prianca Jhaveri","priancajhaveri@gmail.com","2025-12-05, 5:51 PM","No","No","Yes","Subscription","Studio 3 Month Unlimited Membership","1500.00","0.00"
"powerCycle Express","2025-12-05, 7:30 PM","Supreme HQ, Bandra","Junior Trainer","0.67","Cauveri","Vikrant","","","Neeti Yellurkar","neeti.yellurkar@gmail.com","2025-12-05, 3:53 PM","Yes","No","No","Subscription","Studio 8 Class Package","1338.75","0.00"
"powerCycle Express","2025-12-05, 7:30 PM","Supreme HQ, Bandra","Junior Trainer","0.67","Cauveri","Vikrant","","","Pooja Nair","nairpooja12@gmail.com","2025-12-05, 3:49 PM","Yes","No","No","Subscription","Studio Annual Unlimited Membership","155.76","0.00"
"powerCycle Express","2025-12-05, 7:30 PM","Supreme HQ, Bandra","Junior Trainer","0.67","Cauveri","Vikrant","","","Kaavya Gupta","guptakaavya05@gmail.com","2025-12-05, 11:03 AM","Yes","No","No","Subscription","Studio 20 Single Class Pack","1500.00","0.00"
"powerCycle Express","2025-12-05, 7:30 PM","Supreme HQ, Bandra","Junior Trainer","0.67","Cauveri","Vikrant","","","Nidhi Kalra","kalranidhi2002@gmail.com","2025-12-05, 10:00 AM","No","No","Yes","Subscription","Studio 6 Month Unlimited Membership","932.14","0.00"
"powerCycle Express","2025-12-05, 7:30 PM","Supreme HQ, Bandra","Junior Trainer","0.67","Cauveri","Vikrant","","","Yashna Wahal","yashnawahal@hotmail.com","2025-12-04, 10:06 PM","Yes","No","No","Subscription","Studio Extended 10 Single Class Pack","1417.50","0.00"
"powerCycle Express","2025-12-05, 7:30 PM","Supreme HQ, Bandra","Junior Trainer","0.67","Cauveri","Vikrant","","","Shreya  Sharma","shreya.454@gmail.com","2025-12-04, 6:32 PM","No","No","Yes","Subscription","Studio Annual Unlimited Membership","1500.00","0.00"
"powerCycle","2025-12-05, 6:00 PM","Supreme HQ, Bandra","Junior Trainer","0.83","Cauveri","Vikrant","","","Joyeeta Dutta","joyeetad17@gmail.com","2025-12-05, 3:42 PM","Yes","No","No","Subscription","Studio 3 Month Unlimited Membership","827.90","0.00"
"powerCycle","2025-12-05, 6:00 PM","Supreme HQ, Bandra","Junior Trainer","0.83","Cauveri","Vikrant","","","Suhaani Shrivastava ","suhaani0107@gmail.com","2025-12-05, 12:40 PM","Yes","No","No","Subscription","Studio Extended 10 Single Class Pack","1500.00","0.00"
"powerCycle","2025-12-05, 6:00 PM","Supreme HQ, Bandra","Junior Trainer","0.83","Cauveri","Vikrant","","","Aditya Mallya","admallya@gmail.com","2025-12-05, 1:21 AM","Yes","No","No","Subscription","Studio 3 Month Unlimited Membership","1047.55","0.00"
"powerCycle","2025-12-05, 6:00 PM","Supreme HQ, Bandra","Junior Trainer","0.83","Cauveri","Vikrant","","","Diva  Gupta ","divagupta2004@gmail.com","2025-12-04, 11:45 PM","No","No","Yes","Subscription","Studio 1 Month Unlimited Membership","1218.61","0.00"
"powerCycle","2025-12-05, 6:00 PM","Supreme HQ, Bandra","Junior Trainer","0.83","Cauveri","Vikrant","","","Anisha Merchant","anisha.merchant@gmail.com","2025-12-01, 11:43 PM","Yes","No","No","Subscription","Studio 12 Class Package","1119.34","0.00"
"powerCycle","2025-12-05, 6:00 PM","Supreme HQ, Bandra","Junior Trainer","0.83","Cauveri","Vikrant","","","Anupama Mundhra","anupama.mundhra@gmail.com","2025-12-01, 8:29 PM","Yes","No","No","Subscription","Studio 3 Month Unlimited Membership","507.33","0.00"
"powerCycle","2025-12-05, 6:00 PM","Supreme HQ, Bandra","Junior Trainer","0.83","Cauveri","Vikrant","","","Archana  Iyer","archana.archie19@gmail.com","2025-12-01, 5:43 PM","Yes","No","No","Subscription","Studio 1 Month Unlimited Membership","1500.00","0.00"
"powerCycle","2025-12-05, 6:00 PM","Supreme HQ, Bandra","Junior Trainer","0.83","Cauveri","Vikrant","","","Sharan Shrivastava","sharan.shrivastava@hotmail.com","2025-12-01, 9:58 AM","Yes","No","No","Subscription","Studio 12 Class Package","1128.75","0.00"
"Studio FIT","2025-12-04, 7:30 PM","Supreme HQ, Bandra","Junior Trainer","1.00","Cauveri","Vikrant","","","Smita  Rodrigues Nath","rodrigues.smita@gmail.com","2025-12-04, 6:20 PM","Yes","No","No","Subscription","Studio 3 Month Unlimited Membership","1500.00","0.00"
"Studio FIT","2025-12-04, 7:30 PM","Supreme HQ, Bandra","Junior Trainer","1.00","Cauveri","Vikrant","","","Divya Bhurangi","dbhurangi04@gmail.com","2025-12-04, 6:16 PM","Yes","No","No","Subscription","Studio 1 Month Unlimited Membership","1065.00","0.00"
"Studio FIT","2025-12-04, 7:30 PM","Supreme HQ, Bandra","Junior Trainer","1.00","Cauveri","Vikrant","","","Vaishalika Saggi","vaishalikasaggi@gmail.com","2025-12-04, 5:55 PM","Yes","No","No","Subscription","Studio 1 Month Unlimited Membership","1500.00","0.00"
"Studio FIT","2025-12-04, 7:30 PM","Supreme HQ, Bandra","Junior Trainer","1.00","Cauveri","Vikrant","","","Shreya  Sharma","shreya.454@gmail.com","2025-12-04, 3:56 PM","Yes","No","No","Subscription","Studio Annual Unlimited Membership","1500.00","0.00"
"Studio FIT","2025-12-04, 7:30 PM","Supreme HQ, Bandra","Junior Trainer","1.00","Cauveri","Vikrant","","","Jiyaa Kalra","kalrajiyaa@gmail.com","2025-12-04, 2:06 PM","Yes","No","No","Subscription","Studio 6 Month Unlimited Membership","1500.00","0.00"
"Studio FIT","2025-12-04, 7:30 PM","Supreme HQ, Bandra","Junior Trainer","1.00","Cauveri","Vikrant","","","Anushka Mehra","anushka.socialshout@gmail.com","2025-12-04, 12:10 PM","Yes","No","No","Subscription","Studio 1 Month Unlimited Membership","517.71","0.00"
"Studio FIT","2025-12-04, 7:30 PM","Supreme HQ, Bandra","Junior Trainer","1.00","Cauveri","Vikrant","","","Yashna Wahal","yashnawahal@hotmail.com","2025-12-04, 9:42 AM","Yes","No","No","Subscription","Studio Extended 10 Single Class Pack","1417.50","0.00"
"Studio FIT","2025-12-04, 7:30 PM","Supreme HQ, Bandra","Junior Trainer","1.00","Cauveri","Vikrant","","","Priyanka  Kauntia","priyankakauntia@hotmail.com","2025-12-04, 8:15 AM","Yes","No","No","Subscription","Studio 1 Month Unlimited Membership","897.64","0.00"
"Studio FIT","2025-12-04, 7:30 PM","Supreme HQ, Bandra","Junior Trainer","1.00","Cauveri","Vikrant","","","Yash  Prasad","yashwewill@gmail.com","2025-12-03, 1:58 PM","No","No","Yes","Subscription","Studio 1 Month Unlimited Membership","1131.56","0.00"
"Studio FIT","2025-12-04, 7:30 PM","Supreme HQ, Bandra","Junior Trainer","1.00","Cauveri","Vikrant","","","Devsmita Mukherjee","devsmita.mukherjee@gmail.com","2025-11-29, 2:29 PM","Yes","No","No","Subscription","Studio 12 Class Package","1316.88","0.00"
"Studio Barre 57","2025-12-04, 6:15 PM","Supreme HQ, Bandra","Junior Trainer","0.95","Cauveri","Vikrant","","","Leena C","lchaudhari08@gmail.com","2025-12-04, 6:00 PM","Yes","No","No","Subscription","Studio 6 Month Unlimited Membership","1028.39","0.00"
"Studio Barre 57","2025-12-04, 6:15 PM","Supreme HQ, Bandra","Junior Trainer","0.95","Cauveri","Vikrant","","","Lalita  Jagtiani","ljagtiani@hotmail.com","2025-12-04, 3:42 PM","Yes","No","No","Subscription","Studio 12 Class Package","1119.34","0.00"
"Studio Barre 57","2025-12-04, 6:15 PM","Supreme HQ, Bandra","Junior Trainer","0.95","Cauveri","Vikrant","","","Advika Nambiar ","advikanambair14@gmail.com","2025-12-04, 1:55 PM","Yes","No","No","Subscription","Studio 1 Month Unlimited Membership","1500.00","0.00"
"Studio Barre 57","2025-12-04, 6:15 PM","Supreme HQ, Bandra","Junior Trainer","0.95","Cauveri","Vikrant","","","Prianca Jhaveri","priancajhaveri@gmail.com","2025-12-04, 10:12 AM","No","No","Yes","Subscription","Studio 3 Month Unlimited Membership","1500.00","0.00"
"Studio Barre 57","2025-12-04, 6:15 PM","Supreme HQ, Bandra","Junior Trainer","0.95","Cauveri","Vikrant","","","Pooja Nair","nairpooja12@gmail.com","2025-12-03, 10:44 PM","Yes","No","No","Subscription","Studio Annual Unlimited Membership","155.76","0.00"
"Studio Back Body Blaze Express","2025-12-03, 7:15 PM","Supreme HQ, Bandra","Junior Trainer","0.95","Cauveri","Vikrant","","","Aaria Mitra","aariamitra34@gmail.com","2025-12-03, 7:13 PM","Yes","No","No","Subscription","Studio 1 Month Unlimited Membership","980.92","0.00"
"Studio Back Body Blaze Express","2025-12-03, 7:15 PM","Supreme HQ, Bandra","Junior Trainer","0.95","Cauveri","Vikrant","","","Sanjam  Kini ","sanjam.sahni@gmail.com","2025-12-02, 9:43 PM","Yes","No","No","Subscription","Studio Annual Unlimited Membership","15.00","0.00"
"Studio Back Body Blaze Express","2025-12-03, 7:15 PM","Supreme HQ, Bandra","Junior Trainer","0.95","Cauveri","Vikrant","","","Radhika Nihalani","radhika.n92@gmail.com","2025-12-02, 1:51 AM","Yes","No","No","Subscription","Studio 8 Class Package","1338.75","0.00"
"Studio Back Body Blaze Express","2025-12-03, 7:15 PM","Supreme HQ, Bandra","Junior Trainer","0.95","Cauveri","Vikrant","","","Raashi Mehra","raashimehra30@gmail.com","2025-12-01, 5:51 PM","Yes","No","No","Subscription","Studio 6 Month Unlimited Membership","1174.75","0.00"
"powerCycle ( Disney Pop )","2025-12-03, 6:00 PM","Supreme HQ, Bandra","Junior Trainer","0.83","Cauveri","Vikrant","","","Aditya Mallya","admallya@gmail.com","2025-12-03, 5:47 PM","Yes","No","No","Subscription","Studio 3 Month Unlimited Membership","1047.55","0.00"
"powerCycle ( Disney Pop )","2025-12-03, 6:00 PM","Supreme HQ, Bandra","Junior Trainer","0.83","Cauveri","Vikrant","","","Suhaani Shrivastava ","suhaani0107@gmail.com","2025-12-03, 1:15 PM","Yes","No","No","Subscription","Studio Extended 10 Single Class Pack","1500.00","0.00"
"powerCycle ( Disney Pop )","2025-12-03, 6:00 PM","Supreme HQ, Bandra","Junior Trainer","0.83","Cauveri","Vikrant","","","Anushka Mehra","anushka.socialshout@gmail.com","2025-12-03, 12:48 PM","Yes","No","No","Subscription","Studio 1 Month Unlimited Membership","517.71","0.00"
"powerCycle ( Disney Pop )","2025-12-03, 6:00 PM","Supreme HQ, Bandra","Junior Trainer","0.83","Cauveri","Vikrant","","","Prianca Jhaveri","priancajhaveri@gmail.com","2025-12-03, 8:22 AM","Yes","No","No","Subscription","Studio 3 Month Unlimited Membership","1500.00","0.00"
"powerCycle ( Disney Pop )","2025-12-03, 6:00 PM","Supreme HQ, Bandra","Junior Trainer","0.83","Cauveri","Vikrant","","","Devsmita Mukherjee","devsmita.mukherjee@gmail.com","2025-12-02, 7:05 PM","Yes","No","No","Subscription","Studio 12 Class Package","1316.88","0.00"
"powerCycle ( Disney Pop )","2025-12-03, 6:00 PM","Supreme HQ, Bandra","Junior Trainer","0.83","Cauveri","Vikrant","","","Archana  Iyer","archana.archie19@gmail.com","2025-12-01, 11:59 AM","Yes","No","No","Subscription","Studio 1 Month Unlimited Membership","1500.00","0.00"
"powerCycle ( Disney Pop )","2025-12-03, 6:00 PM","Supreme HQ, Bandra","Junior Trainer","0.83","Cauveri","Vikrant","","","Anupama Mundhra","anupama.mundhra@gmail.com","2025-11-28, 8:54 AM","Yes","No","No","Subscription","Studio 3 Month Unlimited Membership","507.33","0.00"
"powerCycle Express","2025-12-02, 7:15 PM","Supreme HQ, Bandra","Junior Trainer","0.67","Cauveri","Vikrant","","","Priyanka  Kauntia","priyankakauntia@hotmail.com","2025-12-02, 6:55 PM","Yes","No","No","Subscription","Studio 1 Month Unlimited Membership","897.64","0.00"
"powerCycle Express","2025-12-02, 7:15 PM","Supreme HQ, Bandra","Junior Trainer","0.67","Cauveri","Vikrant","","","Farah Bandukwalla","farah.bandukwalla@gmail.com","2025-12-02, 5:38 PM","Yes","No","No","Subscription","Studio 6 Month Unlimited Membership","1500.00","0.00"
"powerCycle Express","2025-12-02, 7:15 PM","Supreme HQ, Bandra","Junior Trainer","0.67","Cauveri","Vikrant","","","Kaavya Gupta","guptakaavya05@gmail.com","2025-12-02, 1:31 PM","Yes","No","No","Subscription","Studio 20 Single Class Pack","1500.00","0.00"
"powerCycle Express","2025-12-02, 7:15 PM","Supreme HQ, Bandra","Junior Trainer","0.67","Cauveri","Vikrant","","","Nidhi Kalra","kalranidhi2002@gmail.com","2025-12-02, 9:29 AM","Yes","No","No","Subscription","Studio 6 Month Unlimited Membership","932.14","0.00"
"powerCycle Express","2025-12-02, 7:15 PM","Supreme HQ, Bandra","Junior Trainer","0.67","Cauveri","Vikrant","","","Shreya  Sharma","shreya.454@gmail.com","2025-12-01, 6:52 PM","Yes","No","No","Subscription","Studio Annual Unlimited Membership","1500.00","0.00"
"powerCycle Express","2025-12-02, 7:15 PM","Supreme HQ, Bandra","Junior Trainer","0.67","Cauveri","Vikrant","","","Anushka Mehra","anushka.socialshout@gmail.com","2025-12-01, 6:39 PM","Yes","No","No","Subscription","Studio 1 Month Unlimited Membership","517.71","0.00"
"powerCycle","2025-12-02, 6:00 PM","Supreme HQ, Bandra","Junior Trainer","0.83","Cauveri","Vikrant","","","Reyna Jagtiani","reyna@twaincommunications.com","2025-12-02, 6:01 PM","Yes","No","No","Package","Studio Staff/Family Class","0.00","0.00"
"powerCycle","2025-12-02, 6:00 PM","Supreme HQ, Bandra","Junior Trainer","0.83","Cauveri","Vikrant","","","Avanti Nagral","avantinagral@gmail.com","2025-12-02, 11:05 AM","Yes","No","No","Subscription","Studio 10 Single Class Pack","1500.00","0.00"
"powerCycle","2025-12-02, 6:00 PM","Supreme HQ, Bandra","Junior Trainer","0.83","Cauveri","Vikrant","","","Miti Joshi","joshimiti08@gmail.com","2025-12-02, 11:01 AM","Yes","No","No","Subscription","Studio 3 Month Unlimited Membership","722.96","0.00"
"powerCycle","2025-12-02, 6:00 PM","Supreme HQ, Bandra","Junior Trainer","0.83","Cauveri","Vikrant","","","Aditya Mallya","admallya@gmail.com","2025-12-02, 7:58 AM","Yes","No","No","Subscription","Studio 3 Month Unlimited Membership","1047.55","0.00"
"powerCycle","2025-12-02, 6:00 PM","Supreme HQ, Bandra","Junior Trainer","0.83","Cauveri","Vikrant","","","Muskaan Jain","muskan9500@gmail.com","2025-11-30, 4:47 PM","Yes","No","No","Subscription","Studio 12 Class Package","1128.75","0.00"