"Class Name","Class Date","Location","Payrate","Total Revenue","Base Payout","Additional Payout","Total Payout","Tip","Participants","Checked in","Comps","Checked In Comps","Late Cancellations","Non Paid Customers","Time (h)","Instructor First Name","Instructor Last Name","Employee Code","Payrate Code"
"Studio Cardio Barre","2025-12-18, 11:00 AM","Supreme HQ, Bandra","Full Time","0.00","0.00","0.00","0.00","0.00","0","0","0","0","0","0","0.95","Anisha","Shah","",""
"Studio Mat 57","2025-12-18, 9:30 AM","Supreme HQ, Bandra","Full Time","1547.61","0.00","0.00","0.00","0.00","4","0","0","0","0","0","0.95","Anisha","Shah","",""
"powerCycle","2025-12-18, 8:00 AM","Supreme HQ, Bandra","Full Time","557.49","0.00","0.00","0.00","0.00","3","0","0","0","0","0","0.83","Anisha","Shah","",""
"Studio Back Body Blaze","2025-12-17, 9:00 AM","Kwality House, Kemps Corner","Full Time","0.00","0.00","0.00","0.00","0.00","0","0","0","0","0","0","0.95","Anisha","Shah","",""
"Studio Cardio Barre","2025-12-17, 7:30 AM","Kwality House, Kemps Corner","Full Time","0.00","0.00","0.00","0.00","0.00","0","0","0","0","0","0","0.95","Anisha","Shah","",""
"Studio FIT","2025-12-16, 7:15 PM","Kwality House, Kemps Corner","Full Time","0.00","0.00","0.00","0.00","0.00","0","0","0","0","0","0","0.92","Anisha","Shah","",""
"Strength Lab (Pull) ","2025-12-16, 6:00 PM","Kwality House, Kemps Corner","Full Time","0.00","0.00","0.00","0.00","0.00","0","0","0","0","0","0","1.00","Anisha","Shah","",""
"Studio Mat 57","2025-12-15, 8:30 AM","Kwality House, Kemps Corner","Full Time","1661.70","0.00","0.00","0.00","0.00","2","0","0","0","0","0","0.95","Anisha","Shah","",""
"Strength Lab (Pull) ","2025-12-15, 7:15 AM","Kwality House, Kemps Corner","Full Time","15.01","0.00","0.00","0.00","0.00","1","0","0","0","0","0","1.00","Anisha","Shah","",""
"Studio Mat 57","2025-12-11, 9:30 AM","Supreme HQ, Bandra","Full Time","7261.23","0.00","0.00","0.00","0.00","11","9","0","0","2","0","0.95","Anisha","Shah","",""
"powerCycle","2025-12-11, 8:00 AM","Supreme HQ, Bandra","Full Time","7242.85","0.00","0.00","0.00","0.00","12","8","0","0","3","0","0.83","Anisha","Shah","",""
"Studio Back Body Blaze","2025-12-10, 9:00 AM","Kwality House, Kemps Corner","Full Time","10372.73","0.00","0.00","0.00","0.00","11","9","0","0","2","0","0.95","Anisha","Shah","",""
"Studio Cardio Barre","2025-12-10, 7:30 AM","Kwality House, Kemps Corner","Full Time","7519.99","0.00","0.00","0.00","0.00","8","7","0","0","1","0","0.95","Anisha","Shah","",""
"powerCycle","2025-12-09, 7:15 PM","Kwality House, Kemps Corner","Full Time","7010.19","0.00","0.00","0.00","0.00","7","6","0","0","1","0","0.83","Anisha","Shah","",""
"Studio Barre 57","2025-12-09, 5:45 PM","Kwality House, Kemps Corner","Full Time","8035.65","0.00","0.00","0.00","0.00","12","11","0","0","1","4","0.95","Anisha","Shah","",""
"Studio Mat 57","2025-12-08, 8:30 AM","Kwality House, Kemps Corner","Full Time","7125.58","0.00","0.00","0.00","0.00","9","7","0","0","2","0","0.95","Anisha","Shah","",""
"Strength Lab (Pull) ","2025-12-08, 7:15 AM","Kwality House, Kemps Corner","Full Time","170.77","0.00","0.00","0.00","0.00","2","2","0","0","0","0","1.00","Anisha","Shah","",""
"Strength Lab (Push) ","2025-12-06, 11:30 AM","Kwality House, Kemps Corner","Full Time","9264.43","0.00","0.00","0.00","0.00","8","6","0","0","2","0","1.00","Anisha","Shah","",""
"Studio Barre 57","2025-12-06, 10:15 AM","Kwality House, Kemps Corner","Full Time","9509.62","0.00","0.00","0.00","0.00","9","8","0","0","1","0","0.95","Anisha","Shah","",""
"Strength Lab (Push) ","2025-12-06, 9:00 AM","Kwality House, Kemps Corner","Full Time","2538.49","0.00","0.00","0.00","0.00","7","5","0","0","2","0","1.00","Anisha","Shah","",""
"Studio Cardio Barre Plus","2025-12-05, 7:00 PM","Kwality House, Kemps Corner","Full Time","7340.15","0.00","0.00","0.00","0.00","8","8","0","0","0","1","0.95","Anisha","Shah","",""
"Strength Lab (Full Body)","2025-12-05, 6:00 PM","Kwality House, Kemps Corner","Full Time","4432.51","0.00","0.00","0.00","0.00","4","4","0","0","0","0","1.00","Anisha","Shah","",""
"Studio Cardio Barre","2025-12-11, 11:00 AM","Supreme HQ, Bandra","Full Time","2620.58","0.00","0.00","0.00","0.00","2","1","0","0","1","0","0.95","Anisha","Shah","",""
"Studio Cardio Barre","2025-12-04, 11:00 AM","Supreme HQ, Bandra","Full Time","1590.00","0.00","0.00","0.00","0.00","2","2","0","0","0","0","0.95","Anisha","Shah","",""
"Studio Mat 57","2025-12-04, 9:30 AM","Supreme HQ, Bandra","Full Time","9812.41","0.00","0.00","0.00","0.00","11","10","0","0","1","0","0.95","Anisha","Shah","",""
"powerCycle","2025-12-04, 8:00 AM","Supreme HQ, Bandra","Full Time","13268.04","0.00","0.00","0.00","0.00","13","9","0","0","4","0","0.83","Anisha","Shah","",""
"Studio Back Body Blaze","2025-12-03, 9:00 AM","Kwality House, Kemps Corner","Full Time","8508.74","0.00","0.00","0.00","0.00","10","9","0","0","1","0","0.95","Anisha","Shah","",""
"Studio Cardio Barre","2025-12-03, 7:30 AM","Kwality House, Kemps Corner","Full Time","9715.53","0.00","0.00","0.00","0.00","11","10","0","0","1","0","0.95","Anisha","Shah","",""
"Studio FIT","2025-12-02, 7:15 PM","Kwality House, Kemps Corner","Full Time","6744.88","0.00","0.00","0.00","0.00","7","7","0","0","0","0","0.92","Anisha","Shah","",""
"Strength Lab (Pull) ","2025-12-02, 6:00 PM","Kwality House, Kemps Corner","Full Time","2890.88","0.00","0.00","0.00","0.00","4","4","0","0","0","0","1.00","Anisha","Shah","",""
"Studio Mat 57","2025-12-01, 8:30 AM","Kwality House, Kemps Corner","Full Time","8346.06","0.00","0.00","0.00","0.00","10","8","0","0","2","0","0.95","Anisha","Shah","",""
"Strength Lab (Pull) ","2025-12-01, 7:15 AM","Kwality House, Kemps Corner","Full Time","2225.11","0.00","0.00","0.00","0.00","5","3","0","0","2","0","1.00","Anisha","Shah","",""