"Class Name","Class Date","Location","Payrate","Time (h)","Instructor First Name","Instructor Last Name","Employee Code","Payrate Code","Customer Name","Customer Email","Sale Date","Checked in","Checked in","Late Cancelled","Payment Method","Payment Method Name","Paid","Instructor Payout"
"Studio Barre 57","2025-12-10, 7:15 PM","Supreme HQ, Bandra","Junior Trainer","0.95","Simonelle","De Vitre","","","Shivani Chimnani","shivanichimnani@gmail.com","2025-12-10, 6:53 PM","Yes","No","No","Subscription","Studio 12 Class Package","1316.88","0.00"
"Studio Barre 57","2025-12-10, 7:15 PM","Supreme HQ, Bandra","Junior Trainer","0.95","Simonelle","De Vitre","","","Kshitij Bakshi","kshitijbakshi1886@gmail.com","2025-12-10, 6:53 PM","Yes","No","No","Subscription","Studio 6 Month Unlimited Membership","453.74","0.00"
"Studio Barre 57","2025-12-10, 7:15 PM","Supreme HQ, Bandra","Junior Trainer","0.95","Simonelle","De Vitre","","","Nicole Passendji","nicole.passendji@gmail.com","2025-12-10, 4:55 PM","Yes","No","No","Subscription","Studio 12 Class Package","1119.34","0.00"
"Studio Barre 57","2025-12-10, 7:15 PM","Supreme HQ, Bandra","Junior Trainer","0.95","Simonelle","De Vitre","","","Mehar Anand","meharanand6@gmail.com","2025-12-10, 1:36 PM","No","No","Yes","Package","Studio 2 Week Unlimited Membership","10.42","0.00"
"Studio Barre 57","2025-12-10, 7:15 PM","Supreme HQ, Bandra","Junior Trainer","0.95","Simonelle","De Vitre","","","Aditya Sinha","sinha.aditya1@gmail.com","2025-12-10, 10:50 AM","Yes","No","No","Package","Studio 2 Week Unlimited Membership","10.42","0.00"
"Studio Barre 57","2025-12-10, 7:15 PM","Supreme HQ, Bandra","Junior Trainer","0.95","Simonelle","De Vitre","","","Kaavya Gupta","guptakaavya05@gmail.com","2025-12-09, 9:59 AM","Yes","No","No","Subscription","Studio 20 Single Class Pack","1500.00","0.00"
"Studio Cardio Barre Express","2025-12-10, 6:00 PM","Supreme HQ, Bandra","Junior Trainer","0.75","Simonelle","De Vitre","","","Raveena Shahpuri","raveenashahpuri@gmail.com","2025-12-10, 5:50 PM","Yes","No","No","Subscription","Studio 3 Month Unlimited Membership","51.33","0.00"
"Studio Cardio Barre Express","2025-12-10, 6:00 PM","Supreme HQ, Bandra","Junior Trainer","0.75","Simonelle","De Vitre","","","Macy Dye","macydye28@yahoo.com","2025-12-10, 5:20 PM","Yes","No","No","Subscription","Barre 3 months Unlimited ","1500.00","0.00"
"Studio Recovery","2025-12-09, 8:00 PM","Supreme HQ, Bandra","Junior Trainer","0.50","Simonelle","De Vitre","","","Jiyaa Kalra","kalrajiyaa@gmail.com","2025-12-09, 8:02 PM","Yes","No","No","Subscription","Studio 6 Month Unlimited Membership","1500.00","0.00"
"Studio Recovery","2025-12-09, 8:00 PM","Supreme HQ, Bandra","Junior Trainer","0.50","Simonelle","De Vitre","","","Radhika Batra Shah ","radhika@radhikasfineteas.com","2025-12-09, 3:53 PM","Yes","No","No","Package","Studio Open Barre Class","0.00","0.00"
"Studio Barre 57","2025-12-09, 7:00 PM","Supreme HQ, Bandra","Junior Trainer","0.95","Simonelle","De Vitre","","","Anushka Mehra","anushka.socialshout@gmail.com","2025-12-09, 6:59 PM","Yes","No","No","Pay later","","0.00","0.00"
"Studio Barre 57","2025-12-09, 7:00 PM","Supreme HQ, Bandra","Junior Trainer","0.95","Simonelle","De Vitre","","","Diva  Gupta ","divagupta2004@gmail.com","2025-12-09, 6:58 PM","Yes","No","No","Subscription","Studio 1 Month Unlimited Membership","1218.61","0.00"
"Studio Barre 57","2025-12-09, 7:00 PM","Supreme HQ, Bandra","Junior Trainer","0.95","Simonelle","De Vitre","","","Advika Nambiar ","advikanambair14@gmail.com","2025-12-09, 2:04 PM","Yes","No","No","Subscription","Studio 1 Month Unlimited Membership","1500.00","0.00"
"Studio Barre 57","2025-12-09, 7:00 PM","Supreme HQ, Bandra","Junior Trainer","0.95","Simonelle","De Vitre","","","Raashi Mehra","raashimehra30@gmail.com","2025-12-07, 10:13 PM","Yes","No","No","Subscription","Studio 6 Month Unlimited Membership","1174.75","0.00"
"Studio Mat 57","2025-12-09, 5:45 PM","Supreme HQ, Bandra","Junior Trainer","0.95","Simonelle","De Vitre","","","Nitika Gupta","nitika0059@gmail.com","2025-12-09, 5:43 PM","Yes","No","No","Subscription","Studio Annual Unlimited Membership","15.01","0.00"
"Studio Mat 57","2025-12-09, 5:45 PM","Supreme HQ, Bandra","Junior Trainer","0.95","Simonelle","De Vitre","","","Prianca Jhaveri","priancajhaveri@gmail.com","2025-12-08, 4:51 PM","No","No","Yes","Subscription","Studio 3 Month Unlimited Membership","1500.00","0.00"
"Studio Mat 57","2025-12-09, 5:45 PM","Supreme HQ, Bandra","Junior Trainer","0.95","Simonelle","De Vitre","","","Anupama Mundhra","anupama.mundhra@gmail.com","2025-12-05, 3:33 PM","Yes","No","No","Subscription","Studio 3 Month Unlimited Membership","507.33","0.00"
"Studio Barre 57","2025-12-08, 10:00 AM","Kwality House, Kemps Corner","Junior Trainer","0.95","Simonelle","De Vitre","","","Jia  Mulchandani","jiamulchandani@gmail.com","2025-12-08, 12:08 PM","Yes","No","No","Subscription","Barre 1 month Unlimited ","1500.00","0.00"
"Studio Barre 57","2025-12-08, 10:00 AM","Kwality House, Kemps Corner","Junior Trainer","0.95","Simonelle","De Vitre","","","Rina Deora","rinadeora@hotmail.com","2025-12-08, 9:57 AM","Yes","No","No","Subscription","Studio Annual Unlimited Membership","14.60","0.00"
"Studio Barre 57","2025-12-08, 10:00 AM","Kwality House, Kemps Corner","Junior Trainer","0.95","Simonelle","De Vitre","","","Roopali Misra","roopali@icloud.com","2025-12-04, 10:39 AM","Yes","No","No","Subscription","Barre 1 month Unlimited ","1200.94","0.00"
"Studio Barre 57","2025-12-08, 7:30 AM","Kwality House, Kemps Corner","Junior Trainer","0.95","Simonelle","De Vitre","","","Simran Shahani","simran_shahani@icloud.com","2025-12-08, 7:32 AM","Yes","No","No","Subscription","Studio 3 Month Unlimited Membership","1500.00","0.00"
"Studio Barre 57","2025-12-08, 7:30 AM","Kwality House, Kemps Corner","Junior Trainer","0.95","Simonelle","De Vitre","","","Surabhi Agrawal","surabhi.gini@gmail.com","2025-12-08, 7:27 AM","Yes","No","No","Subscription","Studio 6 Month Unlimited Membership","1500.00","0.00"
"Studio Barre 57","2025-12-08, 7:30 AM","Kwality House, Kemps Corner","Junior Trainer","0.95","Simonelle","De Vitre","","","Nandini Kothari","nandini1998@hotmail.com","2025-12-08, 7:23 AM","Yes","No","No","Subscription","Studio Annual Unlimited Membership","155.75","0.00"
"Studio Barre 57","2025-12-08, 7:30 AM","Kwality House, Kemps Corner","Junior Trainer","0.95","Simonelle","De Vitre","","","Meet Shah","micku.shah@gmail.com","2025-12-08, 7:22 AM","Yes","No","No","Package","Studio Complimentary Referral Class","0.00","0.00"
"Studio Barre 57","2025-12-08, 7:30 AM","Kwality House, Kemps Corner","Junior Trainer","0.95","Simonelle","De Vitre","","","Tina  Mistry","malcolmtina@gmail.com","2025-12-08, 7:07 AM","Yes","No","No","Subscription","Studio 6 Month Unlimited Membership","539.35","0.00"
"Studio Barre 57","2025-12-08, 7:30 AM","Kwality House, Kemps Corner","Junior Trainer","0.95","Simonelle","De Vitre","","","Krishika  Jindal","krishika_social@yahoo.com","2025-12-07, 2:49 PM","Yes","No","No","Subscription","Studio 8 Class Package","1338.75","0.00"
"Studio Barre 57","2025-12-08, 7:30 AM","Kwality House, Kemps Corner","Junior Trainer","0.95","Simonelle","De Vitre","","","Sabiha Ghiasi ","sabiha.ghiasi@gmail.com","2025-12-07, 9:19 AM","Yes","No","No","Subscription","Studio Annual Unlimited Membership","75.05","0.00"
"Studio Barre 57","2025-12-08, 7:30 AM","Kwality House, Kemps Corner","Junior Trainer","0.95","Simonelle","De Vitre","","","Roshni Goela","roshnigoela@gmail.com","2025-12-06, 11:53 AM","Yes","No","No","Package","Newcomers 2 For 1","787.50","0.00"
"Studio Barre 57","2025-12-08, 7:30 AM","Kwality House, Kemps Corner","Junior Trainer","0.95","Simonelle","De Vitre","","","Tanvi Sait","tanvisait20@gmail.com","2025-12-05, 4:31 PM","Yes","No","No","Package","Newcomers 2 For 1","787.50","0.00"
"powerCycle ( Retro -Future Nostalgia )","2025-12-07, 6:30 PM","Supreme HQ, Bandra","Junior Trainer","0.67","Simonelle","De Vitre","","","Joyeeta Dutta","joyeetad17@gmail.com","2025-12-07, 6:33 PM","Yes","No","No","Subscription","Studio 3 Month Unlimited Membership","827.90","0.00"
"powerCycle ( Retro -Future Nostalgia )","2025-12-07, 6:30 PM","Supreme HQ, Bandra","Junior Trainer","0.67","Simonelle","De Vitre","","","Pooja Nair","nairpooja12@gmail.com","2025-12-07, 3:25 PM","Yes","No","No","Subscription","Studio Annual Unlimited Membership","155.76","0.00"
"powerCycle ( Retro -Future Nostalgia )","2025-12-07, 6:30 PM","Supreme HQ, Bandra","Junior Trainer","0.67","Simonelle","De Vitre","","","Nidhi Iyer","nidhhe@gmail.com","2025-12-07, 1:43 PM","No","No","Yes","Package","Studio 4 Class Package","1404.38","0.00"
"Studio Barre 57","2025-12-07, 5:00 PM","Supreme HQ, Bandra","Junior Trainer","0.95","Simonelle","De Vitre","","","Joyeeta Dutta","joyeetad17@gmail.com","2025-12-07, 4:33 PM","Yes","No","No","Subscription","Studio 3 Month Unlimited Membership","827.90","0.00"
"Studio Barre 57","2025-12-07, 5:00 PM","Supreme HQ, Bandra","Junior Trainer","0.95","Simonelle","De Vitre","","","Afreen Khanna","afreenchangani@hotmail.com","2025-12-07, 4:04 PM","Yes","No","No","Subscription","Studio 12 Class Package","1119.34","0.00"
"Studio Barre 57","2025-12-07, 5:00 PM","Supreme HQ, Bandra","Junior Trainer","0.95","Simonelle","De Vitre","","","Diva  Gupta ","divagupta2004@gmail.com","2025-12-07, 3:23 PM","Yes","No","No","Subscription","Studio 1 Month Unlimited Membership","1218.61","0.00"
"Studio Barre 57","2025-12-07, 5:00 PM","Supreme HQ, Bandra","Junior Trainer","0.95","Simonelle","De Vitre","","","Aashna Ibrahim","aashna.ibrahim12@gmail.com","2025-12-07, 11:57 AM","Yes","No","No","Package","Studio Open Barre Class","0.00","0.00"
"Studio Barre 57","2025-12-07, 5:00 PM","Supreme HQ, Bandra","Junior Trainer","0.95","Simonelle","De Vitre","","","Shreenidhi Raja","shreenidhi.raja18@gmail.com","2025-12-07, 11:56 AM","Yes","No","No","Package","Studio Open Barre Class","0.00","0.00"
"Studio Cardio Barre","2025-12-06, 6:15 PM","Supreme HQ, Bandra","Junior Trainer","0.95","Simonelle","De Vitre","","","Kshitij Bakshi","kshitijbakshi1886@gmail.com","2025-12-06, 6:22 PM","Yes","No","No","Subscription","Studio 6 Month Unlimited Membership","453.74","0.00"
"Studio Cardio Barre","2025-12-06, 6:15 PM","Supreme HQ, Bandra","Junior Trainer","0.95","Simonelle","De Vitre","","","Neelima Hande","mrisneelima@gmail.com","2025-12-06, 1:48 AM","Yes","No","No","Subscription","Studio 12 Class Package","1316.88","0.00"
"Studio Barre 57","2025-12-05, 5:45 PM","Kwality House, Kemps Corner","Junior Trainer","0.95","Simonelle","De Vitre","","","Radhika D ","info@defabrics.in","2025-12-05, 5:40 PM","Yes","No","No","Package","Studio Complimentary Referral Class","0.00","0.00"
"Studio Barre 57","2025-12-05, 5:45 PM","Kwality House, Kemps Corner","Junior Trainer","0.95","Simonelle","De Vitre","","","Meera Bhageria","diyabhageria01@gmail.com","2025-12-05, 5:38 PM","Yes","No","No","Subscription","Studio 8 Class Package","1338.75","0.00"
"Studio Barre 57","2025-12-05, 5:45 PM","Kwality House, Kemps Corner","Junior Trainer","0.95","Simonelle","De Vitre","","","Ishitaa Bhatia","ishitaa.bhatia@gmail.com","2025-12-05, 5:33 PM","Yes","No","No","Subscription","Studio 3 Month Unlimited Membership","1283.25","0.00"
"Studio Barre 57","2025-12-05, 5:45 PM","Kwality House, Kemps Corner","Junior Trainer","0.95","Simonelle","De Vitre","","","Shikha Sarkar","divinity.unfolded@yahoo.in","2025-12-05, 5:30 PM","Yes","No","No","Subscription","Barre 6 month Unlimited ","1500.00","0.00"
"Studio Barre 57","2025-12-05, 5:45 PM","Kwality House, Kemps Corner","Junior Trainer","0.95","Simonelle","De Vitre","","","Diya Bhageria","bhageriadiya@gmail.com","2025-12-05, 5:14 PM","Yes","No","No","Subscription","Studio 12 Class Package","1316.88","0.00"
"Studio Barre 57","2025-12-05, 5:45 PM","Kwality House, Kemps Corner","Junior Trainer","0.95","Simonelle","De Vitre","","","Ekta Maru","m.ekta90@gmail.com","2025-12-05, 5:11 PM","Yes","No","No","Package","Studio 2 Week Unlimited Membership","10.42","0.00"
"Studio Barre 57","2025-12-05, 5:45 PM","Kwality House, Kemps Corner","Junior Trainer","0.95","Simonelle","De Vitre","","","Avantika Goenka","avantikagoenka94@gmail.com","2025-12-05, 4:48 PM","Yes","No","No","Subscription","Studio 8 Class Package","1338.75","0.00"
"Studio Barre 57","2025-12-05, 5:45 PM","Kwality House, Kemps Corner","Junior Trainer","0.95","Simonelle","De Vitre","","","Maansi Parikh","maansiparikh@gmail.com","2025-12-05, 2:36 PM","Yes","No","No","Subscription","Barre 1 month Unlimited ","1500.00","0.00"
"Studio Barre 57","2025-12-05, 5:45 PM","Kwality House, Kemps Corner","Junior Trainer","0.95","Simonelle","De Vitre","","","Roopali Misra","roopali@icloud.com","2025-12-04, 7:47 AM","Yes","No","No","Subscription","Barre 1 month Unlimited ","1200.94","0.00"
"Studio Barre 57","2025-12-03, 7:15 PM","Supreme HQ, Bandra","Junior Trainer","0.95","Simonelle","De Vitre","","","Nitika Gupta","nitika0059@gmail.com","2025-12-03, 7:07 PM","Yes","No","No","Subscription","Studio Annual Unlimited Membership","15.01","0.00"
"Studio Barre 57","2025-12-03, 7:15 PM","Supreme HQ, Bandra","Junior Trainer","0.95","Simonelle","De Vitre","","","Eshaan Chakraborty","eshaan200017@gmail.com","2025-12-03, 4:05 PM","No","No","Yes","Package","Studio Complimentary Referral Class","0.00","0.00"
"Studio Barre 57","2025-12-03, 7:15 PM","Supreme HQ, Bandra","Junior Trainer","0.95","Simonelle","De Vitre","","","Anushka Mehra","anushka.socialshout@gmail.com","2025-12-03, 12:48 PM","Yes","No","No","Subscription","Studio 1 Month Unlimited Membership","517.71","0.00"
"Studio Barre 57","2025-12-03, 7:15 PM","Supreme HQ, Bandra","Junior Trainer","0.95","Simonelle","De Vitre","","","mira srivastava ","mira@pittypanda.com","2025-12-03, 10:38 AM","Yes","No","No","Package","Studio Complimentary Referral Class","0.00","0.00"
"Studio Barre 57","2025-12-03, 7:15 PM","Supreme HQ, Bandra","Junior Trainer","0.95","Simonelle","De Vitre","","","Kshitij Bakshi","kshitijbakshi1886@gmail.com","2025-12-03, 10:33 AM","Yes","No","No","Subscription","Studio 6 Month Unlimited Membership","453.74","0.00"
"Studio Barre 57","2025-12-03, 7:15 PM","Supreme HQ, Bandra","Junior Trainer","0.95","Simonelle","De Vitre","","","Miti Joshi","joshimiti08@gmail.com","2025-12-01, 8:00 PM","Yes","No","No","Subscription","Studio 3 Month Unlimited Membership","722.96","0.00"
"Studio Barre 57","2025-12-03, 7:15 PM","Supreme HQ, Bandra","Junior Trainer","0.95","Simonelle","De Vitre","","","Saphia Vall","saphiavall@yahoo.fr","2025-12-01, 10:59 AM","Yes","No","No","Subscription","Studio 12 Class Package","1128.75","0.00"
"Studio Barre 57","2025-12-03, 7:15 PM","Supreme HQ, Bandra","Junior Trainer","0.95","Simonelle","De Vitre","","","Divya israni Israni","divyaisrani11@gmail.com","2025-11-30, 5:29 PM","Yes","No","No","Package","Studio 4 Class Package","1404.38","0.00"
"Studio Cardio Barre Express","2025-12-03, 6:00 PM","Supreme HQ, Bandra","Junior Trainer","0.75","Simonelle","De Vitre","","","Zahra Lokhandwala","lokhandkibaldi@gmail.com","2025-12-03, 4:59 PM","Yes","No","No","Subscription","Studio Extended 10 Single Class Pack","1500.00","0.00"
"Studio Cardio Barre Express","2025-12-03, 6:00 PM","Supreme HQ, Bandra","Junior Trainer","0.75","Simonelle","De Vitre","","","Tryambika shah","tryambikas@gmail.com","2025-12-03, 3:46 PM","Yes","No","No","Package","Studio Open Barre Class","0.00","0.00"
"Studio Cardio Barre Express","2025-12-03, 6:00 PM","Supreme HQ, Bandra","Junior Trainer","0.75","Simonelle","De Vitre","","","Laurence Chen","c.y.c.laurence@gmail.com","2025-12-03, 12:55 PM","Yes","No","No","Subscription","Studio 12 Class Package","1119.34","0.00"
"Studio Cardio Barre Express","2025-12-03, 6:00 PM","Supreme HQ, Bandra","Junior Trainer","0.75","Simonelle","De Vitre","","","Shreya  Sharma","shreya.454@gmail.com","2025-12-02, 7:59 PM","No","No","Yes","Subscription","Studio Annual Unlimited Membership","1500.00","0.00"
"Studio Cardio Barre","2025-12-03, 10:15 AM","Supreme HQ, Bandra","Junior Trainer","0.95","Simonelle","De Vitre","","","Parthiv Shah","parthiv33@hotmail.com","2025-12-02, 6:58 PM","No","No","Yes","Subscription","Studio 12 Class Package","1316.88","0.00"
"Studio Cardio Barre","2025-12-03, 10:15 AM","Supreme HQ, Bandra","Junior Trainer","0.95","Simonelle","De Vitre","","","Macy Dye","macydye28@yahoo.com","2025-12-01, 9:33 AM","Yes","No","No","Subscription","Barre 3 months Unlimited ","1500.00","0.00"
"Studio Barre 57","2025-12-03, 9:00 AM","Supreme HQ, Bandra","Junior Trainer","0.95","Simonelle","De Vitre","","","Leena C","lchaudhari08@gmail.com","2025-12-03, 9:03 AM","Yes","No","No","Subscription","Studio 6 Month Unlimited Membership","1028.39","0.00"
"Studio Barre 57","2025-12-03, 9:00 AM","Supreme HQ, Bandra","Junior Trainer","0.95","Simonelle","De Vitre","","","Sachin Kotre","sachinmeranaam@gmail.com","2025-12-03, 7:55 AM","Yes","No","No","Subscription","Studio 3 Month Unlimited Membership","1060.46","0.00"
"Studio Barre 57","2025-12-03, 9:00 AM","Supreme HQ, Bandra","Junior Trainer","0.95","Simonelle","De Vitre","","","Anahat Singh ","anahatnandinisingh@gmail.com","2025-12-02, 8:55 PM","Yes","No","No","Subscription","Studio 1 Month Unlimited Membership","1433.65","0.00"
"Studio Recovery","2025-12-02, 8:00 PM","Supreme HQ, Bandra","Junior Trainer","0.50","Simonelle","De Vitre","","","Nityaa  Shah ","nityaashah1411@gmail.com","2025-12-02, 8:17 PM","Yes","No","No","Package","Studio Complimentary Class","0.00","0.00"
"Studio Recovery","2025-12-02, 8:00 PM","Supreme HQ, Bandra","Junior Trainer","0.50","Simonelle","De Vitre","","","Kshitij Bakshi","kshitijbakshi1886@gmail.com","2025-12-02, 8:01 PM","Yes","No","No","Subscription","Studio 6 Month Unlimited Membership","453.74","0.00"
"Studio Recovery","2025-12-02, 8:00 PM","Supreme HQ, Bandra","Junior Trainer","0.50","Simonelle","De Vitre","","","Anushka Mehra","anushka.socialshout@gmail.com","2025-12-02, 8:00 PM","Yes","No","No","Subscription","Studio 1 Month Unlimited Membership","517.71","0.00"
"Studio Recovery","2025-12-02, 8:00 PM","Supreme HQ, Bandra","Junior Trainer","0.50","Simonelle","De Vitre","","","Priyanka  Kauntia","priyankakauntia@hotmail.com","2025-12-02, 7:55 PM","Yes","No","No","Subscription","Studio 1 Month Unlimited Membership","897.64","0.00"
"Studio Recovery","2025-12-02, 8:00 PM","Supreme HQ, Bandra","Junior Trainer","0.50","Simonelle","De Vitre","","","Smera Bhatia","bhatia.smera@gmail.com","2025-12-02, 7:48 PM","Yes","No","No","Package","Studio 2 Week Unlimited Membership","10.42","0.00"
"Studio Recovery","2025-12-02, 8:00 PM","Supreme HQ, Bandra","Junior Trainer","0.50","Simonelle","De Vitre","","","Jiyaa Kalra","kalrajiyaa@gmail.com","2025-12-02, 6:51 PM","Yes","No","No","Subscription","Studio 6 Month Unlimited Membership","1500.00","0.00"
"Studio Recovery","2025-12-02, 8:00 PM","Supreme HQ, Bandra","Junior Trainer","0.50","Simonelle","De Vitre","","","Aaria Mitra","aariamitra34@gmail.com","2025-12-02, 5:28 PM","Yes","No","No","Subscription","Studio 1 Month Unlimited Membership","980.92","0.00"
"Studio Recovery","2025-12-02, 8:00 PM","Supreme HQ, Bandra","Junior Trainer","0.50","Simonelle","De Vitre","","","Nidhi Kalra","kalranidhi2002@gmail.com","2025-12-02, 5:24 PM","Yes","No","No","Subscription","Studio 6 Month Unlimited Membership","932.14","0.00"
"Studio Recovery","2025-12-02, 8:00 PM","Supreme HQ, Bandra","Junior Trainer","0.50","Simonelle","De Vitre","","","Shreya  Sharma","shreya.454@gmail.com","2025-12-01, 7:31 PM","Yes","No","No","Subscription","Studio Annual Unlimited Membership","1500.00","0.00"
"Studio Recovery","2025-12-02, 8:00 PM","Supreme HQ, Bandra","Junior Trainer","0.50","Simonelle","De Vitre","","","Aaniya  Rawtani ","aaniya09r@gmail.com","2025-12-01, 4:31 PM","No","No","Yes","Subscription","Studio 1 Month Unlimited Membership","1218.61","0.00"
"Studio Barre 57","2025-12-02, 7:00 PM","Supreme HQ, Bandra","Junior Trainer","0.95","Simonelle","De Vitre","","","Raashi Mehra","raashimehra30@gmail.com","2025-12-02, 6:57 PM","Yes","No","No","Subscription","Studio 6 Month Unlimited Membership","1174.75","0.00"
"Studio Barre 57","2025-12-02, 7:00 PM","Supreme HQ, Bandra","Junior Trainer","0.95","Simonelle","De Vitre","","","Kshitij Bakshi","kshitijbakshi1886@gmail.com","2025-12-02, 6:56 PM","Yes","No","No","Subscription","Studio 6 Month Unlimited Membership","453.74","0.00"
"Studio Barre 57","2025-12-02, 7:00 PM","Supreme HQ, Bandra","Junior Trainer","0.95","Simonelle","De Vitre","","","Nityaa  Shah ","nityaashah1411@gmail.com","2025-12-02, 6:51 PM","Yes","No","No","Subscription","Studio 8 Class Package","1338.75","0.00"
"Studio Barre 57","2025-12-02, 7:00 PM","Supreme HQ, Bandra","Junior Trainer","0.95","Simonelle","De Vitre","","","Jiyaa Kalra","kalrajiyaa@gmail.com","2025-12-02, 6:50 PM","Yes","No","No","Subscription","Studio 6 Month Unlimited Membership","1500.00","0.00"
"Studio Barre 57","2025-12-02, 7:00 PM","Supreme HQ, Bandra","Junior Trainer","0.95","Simonelle","De Vitre","","","Shloka  Shah ","shlokashah20@gmail.com","2025-12-02, 6:08 PM","Yes","No","No","Package","Studio Open Barre Class","0.00","0.00"
"Studio Barre 57","2025-12-02, 7:00 PM","Supreme HQ, Bandra","Junior Trainer","0.95","Simonelle","De Vitre","","","Aaria Mitra","aariamitra34@gmail.com","2025-12-02, 5:28 PM","Yes","No","No","Subscription","Studio 1 Month Unlimited Membership","980.92","0.00"
"Studio Barre 57","2025-12-02, 7:00 PM","Supreme HQ, Bandra","Junior Trainer","0.95","Simonelle","De Vitre","","","Katyani Gupta","katyanigupta93@gmail.com","2025-12-01, 6:40 PM","Yes","No","No","Subscription","Studio 12 Class Package","1119.34","0.00"
"Studio Barre 57","2025-12-02, 7:00 PM","Supreme HQ, Bandra","Junior Trainer","0.95","Simonelle","De Vitre","","","Karishma Gajaria","kari.gajaria@gmail.com","2025-12-01, 4:41 PM","Yes","No","No","Subscription","Studio 12 Class Package","1128.75","0.00"
"Studio Mat 57","2025-12-02, 5:45 PM","Supreme HQ, Bandra","Junior Trainer","0.95","Simonelle","De Vitre","","","ieva jasaite","jasaite.ieva@gmail.com","2025-12-02, 4:29 PM","Yes","No","No","Package","Studio 4 Class Package","0.00","0.00"
"Studio Mat 57","2025-12-02, 5:45 PM","Supreme HQ, Bandra","Junior Trainer","0.95","Simonelle","De Vitre","","","Prianca Jhaveri","priancajhaveri@gmail.com","2025-12-02, 11:07 AM","Yes","No","No","Subscription","Studio 3 Month Unlimited Membership","1500.00","0.00"
"Studio Mat 57","2025-12-02, 5:45 PM","Supreme HQ, Bandra","Junior Trainer","0.95","Simonelle","De Vitre","","","Shreya  Sharma","shreya.454@gmail.com","2025-12-01, 6:52 PM","Yes","No","No","Subscription","Studio Annual Unlimited Membership","1500.00","0.00"
"Studio Mat 57","2025-12-02, 5:45 PM","Supreme HQ, Bandra","Junior Trainer","0.95","Simonelle","De Vitre","","","Anushka Mehra","anushka.socialshout@gmail.com","2025-12-01, 6:38 PM","Yes","No","No","Subscription","Studio 1 Month Unlimited Membership","517.71","0.00"
"Studio Mat 57","2025-12-02, 5:45 PM","Supreme HQ, Bandra","Junior Trainer","0.95","Simonelle","De Vitre","","","Anupama Mundhra","anupama.mundhra@gmail.com","2025-11-26, 3:44 PM","Yes","No","No","Subscription","Studio 3 Month Unlimited Membership","507.33","0.00"
"Studio Barre 57","2025-12-01, 10:00 AM","Kwality House, Kemps Corner","Junior Trainer","0.95","Simonelle","De Vitre","","","Ilya Hora","hora.ilya@gmail.com","2025-12-01, 5:15 PM","Yes","No","No","UPI","","1575.00","0.00"
"Studio Barre 57","2025-12-01, 10:00 AM","Kwality House, Kemps Corner","Junior Trainer","0.95","Simonelle","De Vitre","","","Aastha Mehta","aasthamehta10@gmail.com","2025-12-01, 11:55 AM","Yes","No","No","Package","Studio 4 Class Package","1404.38","0.00"
"Studio Barre 57","2025-12-01, 10:00 AM","Kwality House, Kemps Corner","Junior Trainer","0.95","Simonelle","De Vitre","","","Roopali Misra","roopali@icloud.com","2025-12-01, 9:56 AM","Yes","No","No","Subscription","Barre 1 month Unlimited ","1200.94","0.00"
"Studio Barre 57","2025-12-01, 10:00 AM","Kwality House, Kemps Corner","Junior Trainer","0.95","Simonelle","De Vitre","","","Tiffany Hiu Yung Chan","tiffanyhy.c@gmail.com","2025-12-01, 9:15 AM","Yes","No","No","Subscription","Studio 8 Class Package","1338.75","0.00"
"Studio Barre 57","2025-12-01, 10:00 AM","Kwality House, Kemps Corner","Junior Trainer","0.95","Simonelle","De Vitre","","","Sujata Hoon","sbahl.hoon@gmail.com","2025-12-01, 9:03 AM","Yes","No","No","Subscription","Studio 8 Class Package","1338.75","0.00"
"Studio Barre 57","2025-12-01, 10:00 AM","Kwality House, Kemps Corner","Junior Trainer","0.95","Simonelle","De Vitre","","","Brinda Gupta","brindagupta@hotmail.com","2025-11-30, 9:13 PM","No","No","Yes","Subscription","Barre 1 month Unlimited ","1334.38","0.00"
"Studio Barre 57","2025-12-01, 10:00 AM","Kwality House, Kemps Corner","Junior Trainer","0.95","Simonelle","De Vitre","","","Khushi Shah","khushishahh03@gmail.com","2025-11-30, 9:12 PM","Yes","No","No","Package","Studio Complimentary Referral Class","0.00","0.00"
"Studio Barre 57","2025-12-01, 10:00 AM","Kwality House, Kemps Corner","Junior Trainer","0.95","Simonelle","De Vitre","","","Reena Mehta","reenasudhir@gmail.com","2025-11-30, 4:29 PM","Yes","No","No","Package","Studio Complimentary Referral Class","0.00","0.00"
"Studio Barre 57","2025-12-01, 10:00 AM","Kwality House, Kemps Corner","Junior Trainer","0.95","Simonelle","De Vitre","","","Shikha Sarkar","divinity.unfolded@yahoo.in","2025-11-28, 11:05 PM","Yes","No","No","Subscription","Barre 6 month Unlimited ","1500.00","0.00"
"Studio Barre 57","2025-12-01, 10:00 AM","Kwality House, Kemps Corner","Junior Trainer","0.95","Simonelle","De Vitre","","","Anjie Kakar","anjiekakar@gmail.com","2025-11-26, 3:43 PM","Yes","No","No","Subscription","Studio 12 Class Package","1128.75","0.00"
"Studio Barre 57","2025-12-01, 7:30 AM","Kwality House, Kemps Corner","Junior Trainer","0.95","Simonelle","De Vitre","","","Ayesha Kalyaniwalla","ayeshakalyaniwalla@hotmail.com","2025-12-01, 7:15 AM","Yes","No","No","Subscription","Studio 12 Class Package","1316.88","0.00"
"Studio Barre 57","2025-12-01, 7:30 AM","Kwality House, Kemps Corner","Junior Trainer","0.95","Simonelle","De Vitre","","","Jitendra Bokadia ","jkbokadia@gmail.com","2025-12-01, 7:12 AM","Yes","No","No","Subscription","Studio Annual Unlimited Membership","161.70","0.00"
"Studio Barre 57","2025-12-01, 7:30 AM","Kwality House, Kemps Corner","Junior Trainer","0.95","Simonelle","De Vitre","","","Raksha Bokadia","bokadia39@gmail.com","2025-12-01, 6:52 AM","Yes","No","No","Subscription","Barre 3 months Unlimited ","623.29","0.00"
"Studio Barre 57","2025-12-01, 7:30 AM","Kwality House, Kemps Corner","Junior Trainer","0.95","Simonelle","De Vitre","","","Preeti Ambani","preeti.ambani@gmail.com","2025-11-30, 8:18 PM","Yes","No","No","Subscription","Studio Annual Unlimited Membership","15.00","0.00"
"Studio Barre 57","2025-12-01, 7:30 AM","Kwality House, Kemps Corner","Junior Trainer","0.95","Simonelle","De Vitre","","","Anushka Shah","anushkakshah@gmail.com","2025-11-30, 11:38 AM","Yes","No","No","Package","Studio Open Barre Class","0.00","0.00"