"Class Name","Class Date","Location","Payrate","Time (h)","Instructor First Name","Instructor Last Name","Employee Code","Payrate Code","Customer Name","Customer Email","Sale Date","Checked in","Checked in","Late Cancelled","Payment Method","Payment Method Name","Paid","Instructor Payout"
"Physique 57 x The Kin Club","2025-12-14, 8:45 AM","Kwality House, Kemps Corner","Sr. Sr Trainer","0.83","Rohan","Dahima","","","Nandini Taparia","nandini.taparia14@gmail.com","2025-12-11, 11:52 AM","No","No","No","Card","","1900.00","0.00"
"Physique 57 x The Kin Club","2025-12-14, 8:45 AM","Kwality House, Kemps Corner","Sr. Sr Trainer","0.83","Rohan","Dahima","","","Rukaiya Kagalwala","rukaiyamk03@gmail.com","2025-12-10, 8:14 PM","No","No","No","UPI","","1900.00","0.00"
"Physique 57 x The Kin Club","2025-12-14, 8:45 AM","Kwality House, Kemps Corner","Sr. Sr Trainer","0.83","Rohan","Dahima","","","Mikhail Gidwanni","mikhailgidwani2002@gmail.com","2025-12-10, 6:40 PM","No","No","No","Card","","1900.00","0.00"
"Physique 57 x The Kin Club","2025-12-14, 8:45 AM","Kwality House, Kemps Corner","Sr. Sr Trainer","0.83","Rohan","Dahima","","","Ananya Yerra","yerra.ananya31@gmail.com","2025-12-10, 1:23 PM","No","No","No","Card","","1900.00","0.00"
"Physique 57 x The Kin Club","2025-12-14, 8:45 AM","Kwality House, Kemps Corner","Sr. Sr Trainer","0.83","Rohan","Dahima","","","Aanchal Rughani","aanchalrughani@gmail.com","2025-12-10, 1:00 PM","No","No","No","UPI","","1900.00","0.00"
"Physique 57 x The Kin Club","2025-12-14, 8:45 AM","Kwality House, Kemps Corner","Sr. Sr Trainer","0.83","Rohan","Dahima","","","Tvisha Mehta","tvisha.mehta@nyu.edu","2025-12-09, 9:08 PM","No","No","No","Card","","1900.00","0.00"
"Studio FIT","2025-12-18, 7:15 AM","Supreme HQ, Bandra","Sr. Sr Trainer","1.00","Rohan","Dahima","","","Sasha Sahni","sasha.sahni215@gmail.com","2025-12-11, 11:45 AM","No","No","No","Subscription","Studio Extended 10 Single Class Pack","1417.50","0.00"
"Studio FIT","2025-12-18, 7:15 AM","Supreme HQ, Bandra","Sr. Sr Trainer","1.00","Rohan","Dahima","","","Charmi Gosalia","charmigosalia@gmail.com","2025-12-11, 8:48 AM","No","No","No","Subscription","Studio 1 Month Unlimited Membership","1500.00","0.00"
"powerCycle","2025-12-16, 7:15 PM","Kwality House, Kemps Corner","Sr. Sr Trainer","0.83","Rohan","Dahima","","","Sanna Balsari","s.linnea7@gmail.com","2025-12-10, 11:52 AM","No","No","No","Subscription","Studio 1 Month Unlimited Membership","1500.00","0.00"
"powerCycle","2025-12-16, 7:15 PM","Kwality House, Kemps Corner","Sr. Sr Trainer","0.83","Rohan","Dahima","","","Ansh Kapoor","ansh406@gmail.com","2025-12-09, 8:37 PM","No","No","No","Package","Studio Single Class","1500.00","0.00"
"powerCycle","2025-12-16, 7:15 PM","Kwality House, Kemps Corner","Sr. Sr Trainer","0.83","Rohan","Dahima","","","Miti Joshi","joshimiti08@gmail.com","2025-12-09, 8:11 PM","No","No","No","Package","Studio Referrer Complimentary Class Package","0.00","0.00"
"Studio Barre 57","2025-12-14, 11:30 AM","Kwality House, Kemps Corner","Sr. Sr Trainer","1.00","Rohan","Dahima","","","Deepti Narayanan","deeptinarayanan@hotmail.com","2025-12-10, 10:27 PM","No","No","No","Subscription","Studio 12 Class Package","1316.88","0.00"
"Studio Barre 57","2025-12-14, 11:30 AM","Kwality House, Kemps Corner","Sr. Sr Trainer","1.00","Rohan","Dahima","","","Mallika Kumar","malikakumar60@gmail.com","2025-12-08, 4:14 PM","No","No","No","Subscription","Studio 1 Month Unlimited Membership","1500.00","0.00"
"Studio Barre 57","2025-12-14, 11:30 AM","Kwality House, Kemps Corner","Sr. Sr Trainer","1.00","Rohan","Dahima","","","Nikhita Mahtani","nikhitamahtani@gmail.com","2025-12-08, 2:54 PM","No","No","No","Package","Studio 4 Class Package","1404.38","0.00"
"Strength Lab (Full Body)","2025-12-14, 10:00 AM","Kwality House, Kemps Corner","Sr. Sr Trainer","1.00","Rohan","Dahima","","","Rabia Kader","rabea.j@live.com","2025-12-11, 11:39 AM","No","No","No","Subscription","Studio 3 Month Unlimited Membership","1500.00","0.00"
"Strength Lab (Full Body)","2025-12-14, 10:00 AM","Kwality House, Kemps Corner","Sr. Sr Trainer","1.00","Rohan","Dahima","","","Shrishti  Singh","shrishtisingh099@gmail.com","2025-12-11, 12:49 AM","No","No","No","Subscription","Studio 3 Month Unlimited Membership","1410.55","0.00"
"Strength Lab (Full Body)","2025-12-14, 10:00 AM","Kwality House, Kemps Corner","Sr. Sr Trainer","1.00","Rohan","Dahima","","","Bijuri Shah","bijuri@gmail.com","2025-12-10, 9:51 PM","No","No","No","Subscription","Studio 6 Month Unlimited Membership","1500.00","0.00"
"Strength Lab (Full Body)","2025-12-14, 10:00 AM","Kwality House, Kemps Corner","Sr. Sr Trainer","1.00","Rohan","Dahima","","","Priyank Vora","priyankvora@gmail.com","2025-12-10, 9:19 PM","No","No","No","Package","Studio Complimentary Referral Class","0.00","0.00"
"Strength Lab (Full Body)","2025-12-14, 10:00 AM","Kwality House, Kemps Corner","Sr. Sr Trainer","1.00","Rohan","Dahima","","","Sahil Shah","kuttamlal.co@gmail.com","2025-12-10, 9:12 AM","No","No","No","Subscription","Studio 8 Class Package","1338.75","0.00"
"Strength Lab (Full Body)","2025-12-14, 10:00 AM","Kwality House, Kemps Corner","Sr. Sr Trainer","1.00","Rohan","Dahima","","","Shikhar  Garodia","shikhargarodia@gmail.com","2025-12-09, 9:42 PM","No","No","No","Subscription","Studio 1 Month Unlimited Membership","838.69","0.00"
"Strength Lab (Full Body)","2025-12-14, 10:00 AM","Kwality House, Kemps Corner","Sr. Sr Trainer","1.00","Rohan","Dahima","","","Reena  Chhabra","reenachh@gmail.com","2025-12-07, 11:10 AM","No","No","No","Subscription","Studio 6 Month Unlimited Membership","635.23","0.00"
"powerCycle ( Boy Bands )","2025-12-13, 11:00 AM","Supreme HQ, Bandra","Sr. Sr Trainer","0.83","Rohan","Dahima","","","Reena  Chhabra","reenachh@gmail.com","2025-12-11, 9:09 AM","No","No","No","Subscription","Studio 6 Month Unlimited Membership","635.23","0.00"
"powerCycle ( Boy Bands )","2025-12-13, 11:00 AM","Supreme HQ, Bandra","Sr. Sr Trainer","0.83","Rohan","Dahima","","","Raksha Shroff","rakshamshroff19@gmail.com","2025-12-10, 12:06 PM","No","No","No","Subscription","Studio 6 Month Unlimited Membership","1085.53","0.00"
"powerCycle ( Boy Bands )","2025-12-13, 11:00 AM","Supreme HQ, Bandra","Sr. Sr Trainer","0.83","Rohan","Dahima","","","Mallika Mhatre","mallikamhatre1980@gmail.com","2025-12-08, 10:55 AM","No","No","No","Subscription","Studio Annual Unlimited Membership","15.01","0.00"
"powerCycle ( Boy Bands )","2025-12-13, 11:00 AM","Supreme HQ, Bandra","Sr. Sr Trainer","0.83","Rohan","Dahima","","","Raashi Mehra","raashimehra30@gmail.com","2025-12-07, 10:15 PM","No","No","No","Subscription","Studio 6 Month Unlimited Membership","1174.75","0.00"
"powerCycle ( Boy Bands )","2025-12-13, 11:00 AM","Supreme HQ, Bandra","Sr. Sr Trainer","0.83","Rohan","Dahima","","","Anisha Merchant","anisha.merchant@gmail.com","2025-12-06, 5:55 PM","No","No","No","Subscription","Studio 12 Class Package","1119.34","0.00"
"powerCycle","2025-12-13, 9:30 AM","Supreme HQ, Bandra","Sr. Sr Trainer","0.83","Rohan","Dahima","","","Puneet  Anand","anandpuneet08@gmail.com","2025-12-09, 6:00 PM","No","No","No","Package","Studio 2 Week Unlimited Membership","10.42","0.00"
"powerCycle Express","2025-12-12, 7:15 PM","Kwality House, Kemps Corner","Sr. Sr Trainer","0.67","Rohan","Dahima","","","Shrishti  Singh","shrishtisingh099@gmail.com","2025-12-10, 8:36 AM","No","No","No","Subscription","Studio 3 Month Unlimited Membership","1410.55","0.00"
"powerCycle Express","2025-12-12, 7:15 PM","Kwality House, Kemps Corner","Sr. Sr Trainer","0.67","Rohan","Dahima","","","Yash  Sanghvi","sanghviyash@hotmail.com","2025-12-07, 4:33 PM","No","No","No","Subscription","Studio 6 Month Unlimited Membership","1500.00","0.00"
"Strength Lab (Full Body)","2025-12-12, 6:00 PM","Kwality House, Kemps Corner","Sr. Sr Trainer","1.00","Rohan","Dahima","","","Niyanta Datta","niyantadatta@gmail.com","2025-12-10, 4:11 PM","No","No","No","Subscription","Studio Annual Unlimited Membership","161.70","0.00"
"powerCycle Express ( PolyJAMourous )","2025-12-11, 10:30 AM","Supreme HQ, Bandra","Sr. Sr Trainer","0.67","Rohan","Dahima","","","Asimah Balwa","asimah.balwa@gmail.com","2025-12-11, 10:33 AM","Yes","No","No","Subscription","Studio Annual Unlimited Membership","155.76","0.00"
"powerCycle Express ( PolyJAMourous )","2025-12-11, 10:30 AM","Supreme HQ, Bandra","Sr. Sr Trainer","0.67","Rohan","Dahima","","","Anahat Singh ","anahatnandinisingh@gmail.com","2025-12-10, 8:25 PM","Yes","No","No","Subscription","Studio 1 Month Unlimited Membership","1433.65","0.00"
"powerCycle Express ( PolyJAMourous )","2025-12-11, 10:30 AM","Supreme HQ, Bandra","Sr. Sr Trainer","0.67","Rohan","Dahima","","","Mehar Anand","meharanand6@gmail.com","2025-12-10, 1:37 PM","Yes","No","No","Package","Studio 2 Week Unlimited Membership","10.42","0.00"
"powerCycle Express ( PolyJAMourous )","2025-12-11, 10:30 AM","Supreme HQ, Bandra","Sr. Sr Trainer","0.67","Rohan","Dahima","","","Leena C","lchaudhari08@gmail.com","2025-12-10, 11:15 AM","No","No","Yes","Subscription","Studio 6 Month Unlimited Membership","1028.39","0.00"
"powerCycle Express ( PolyJAMourous )","2025-12-11, 10:30 AM","Supreme HQ, Bandra","Sr. Sr Trainer","0.67","Rohan","Dahima","","","Yashna Wahal","yashnawahal@hotmail.com","2025-12-08, 8:55 PM","Yes","No","No","Subscription","Studio Extended 10 Single Class Pack","1417.50","0.00"
"powerCycle Express ( PolyJAMourous )","2025-12-11, 10:30 AM","Supreme HQ, Bandra","Sr. Sr Trainer","0.67","Rohan","Dahima","","","Raksha Shroff","rakshamshroff19@gmail.com","2025-12-06, 5:24 PM","Yes","No","No","Subscription","Studio 6 Month Unlimited Membership","1085.53","0.00"
"Studio Barre 57","2025-12-11, 9:00 AM","Supreme HQ, Bandra","Sr. Sr Trainer","0.95","Rohan","Dahima","","","Anahat Singh ","anahatnandinisingh@gmail.com","2025-12-11, 8:49 AM","Yes","No","No","Subscription","Studio 1 Month Unlimited Membership","1433.65","0.00"
"Studio Barre 57","2025-12-11, 9:00 AM","Supreme HQ, Bandra","Sr. Sr Trainer","0.95","Rohan","Dahima","","","Shraddha Shah","shraddha.sen108@gmail.com","2025-12-11, 8:46 AM","Yes","No","No","Package","Barre 2 week Unlimited","446.25","0.00"
"Studio Barre 57","2025-12-11, 9:00 AM","Supreme HQ, Bandra","Sr. Sr Trainer","0.95","Rohan","Dahima","","","Dalreen Patrao","dalreenpatrao@gmail.com","2025-12-08, 2:44 PM","Yes","No","No","Subscription","Studio 1 Month Unlimited Membership","990.12","0.00"
"Studio FIT ( SUPER SETS )","2025-12-11, 7:15 AM","Supreme HQ, Bandra","Sr. Sr Trainer","1.00","Rohan","Dahima","","","Charmi Gosalia","charmigosalia@gmail.com","2025-12-11, 8:32 AM","Yes","No","No","Subscription","Studio 1 Month Unlimited Membership","1500.00","0.00"
"Studio FIT ( SUPER SETS )","2025-12-11, 7:15 AM","Supreme HQ, Bandra","Sr. Sr Trainer","1.00","Rohan","Dahima","","","Ishita Chhabra","ishi96@live.com","2025-12-10, 10:53 PM","No","No","Yes","Subscription","Studio 6 Month Unlimited Membership","1339.95","0.00"
"Studio FIT ( SUPER SETS )","2025-12-11, 7:15 AM","Supreme HQ, Bandra","Sr. Sr Trainer","1.00","Rohan","Dahima","","","Aniruddha Menon","aniruddhamenon93@gmail.com","2025-12-10, 8:21 PM","Yes","No","No","Subscription","Studio 6 Month Unlimited Membership","1500.00","0.00"
"Studio FIT ( SUPER SETS )","2025-12-11, 7:15 AM","Supreme HQ, Bandra","Sr. Sr Trainer","1.00","Rohan","Dahima","","","Karishma Gajaria","kari.gajaria@gmail.com","2025-12-10, 7:23 AM","Yes","No","No","Subscription","Studio 12 Class Package","1128.75","0.00"
"Studio FIT ( SUPER SETS )","2025-12-11, 7:15 AM","Supreme HQ, Bandra","Sr. Sr Trainer","1.00","Rohan","Dahima","","","Purva Agrawal","purva02@gmail.com","2025-12-09, 9:45 PM","Yes","No","No","Subscription","Studio 1 Month Unlimited Membership","1500.00","0.00"
"Studio FIT ( SUPER SETS )","2025-12-11, 7:15 AM","Supreme HQ, Bandra","Sr. Sr Trainer","1.00","Rohan","Dahima","","","Khyati Dand","khyatidand@gmail.com","2025-12-05, 10:30 PM","Yes","No","No","Subscription","Studio 12 Class Package","1128.75","0.00"
"Studio FIT ( SUPER SETS )","2025-12-11, 7:15 AM","Supreme HQ, Bandra","Sr. Sr Trainer","1.00","Rohan","Dahima","","","Sasha Sahni","sasha.sahni215@gmail.com","2025-12-05, 4:12 PM","Yes","No","No","Subscription","Studio Extended 10 Single Class Pack","1417.50","0.00"
"Studio FIT ( SUPER SETS )","2025-12-11, 7:15 AM","Supreme HQ, Bandra","Sr. Sr Trainer","1.00","Rohan","Dahima","","","Anupama Mundhra","anupama.mundhra@gmail.com","2025-12-05, 3:34 PM","Yes","No","No","Subscription","Studio 3 Month Unlimited Membership","507.33","0.00"
"Studio FIT ( SUPER SETS )","2025-12-11, 7:15 AM","Supreme HQ, Bandra","Sr. Sr Trainer","1.00","Rohan","Dahima","","","Yash  Prasad","yashwewill@gmail.com","2025-12-04, 6:36 PM","Yes","No","No","Subscription","Studio 1 Month Unlimited Membership","1131.56","0.00"
"Studio FIT ( SUPER SETS )","2025-12-11, 7:15 AM","Supreme HQ, Bandra","Sr. Sr Trainer","1.00","Rohan","Dahima","","","Marsha Silgardo","marsha.silgardo@gmail.com","2025-12-04, 8:28 AM","Yes","No","No","Subscription","Studio 1 Month Unlimited Membership","931.88","0.00"
"powerCycle","2025-12-02, 7:15 PM","Kwality House, Kemps Corner","Sr. Sr Trainer","0.83","Rohan","Dahima","","","Dimple Saglani","dimplesaglani@gmail.com","2025-12-02, 5:42 PM","Yes","No","No","Subscription","Studio 1 Month Unlimited Membership","1433.65","0.00"
"powerCycle","2025-12-02, 7:15 PM","Kwality House, Kemps Corner","Sr. Sr Trainer","0.83","Rohan","Dahima","","","Karishma Gulrajani","karishmagulrajani95@gmail.com","2025-12-02, 10:55 AM","Yes","No","No","Subscription","Studio 12 Class Package","1128.75","0.00"
"powerCycle","2025-12-02, 7:15 PM","Kwality House, Kemps Corner","Sr. Sr Trainer","0.83","Rohan","Dahima","","","Riah Daswani","riahdaswani@gmail.com","2025-12-02, 9:18 AM","No","No","Yes","Subscription","Studio Annual Unlimited Membership","15.01","0.00"
"powerCycle","2025-12-02, 7:15 PM","Kwality House, Kemps Corner","Sr. Sr Trainer","0.83","Rohan","Dahima","","","Latisha Shah","latishashah@gmail.com","2025-12-02, 9:13 AM","Yes","No","No","Subscription","Studio 1 Month Unlimited Membership","1500.00","0.00"
"powerCycle","2025-12-02, 7:15 PM","Kwality House, Kemps Corner","Sr. Sr Trainer","0.83","Rohan","Dahima","","","Pranay K","khetwani.pranay@gmail.com","2025-12-01, 6:41 PM","Yes","No","No","Subscription","Studio 12 Class Package","1128.75","0.00"
"powerCycle","2025-12-02, 7:15 PM","Kwality House, Kemps Corner","Sr. Sr Trainer","0.83","Rohan","Dahima","","","Supriya Ravishankar","supriya.ravishankar@gmail.com","2025-12-01, 12:55 PM","Yes","No","No","Subscription","Studio Extended 10 Single Class Pack","1417.50","0.00"
"powerCycle","2025-12-02, 7:15 PM","Kwality House, Kemps Corner","Sr. Sr Trainer","0.83","Rohan","Dahima","","","Nabhanya Morarji","nabhanya.morarji96@gmail.com","2025-12-01, 12:52 PM","No","No","Yes","Subscription","Studio 12 Class Package","1128.75","0.00"
"powerCycle","2025-12-02, 7:15 PM","Kwality House, Kemps Corner","Sr. Sr Trainer","0.83","Rohan","Dahima","","","Yash  Sanghvi","sanghviyash@hotmail.com","2025-11-30, 12:30 PM","Yes","No","No","Subscription","Studio 6 Month Unlimited Membership","1500.00","0.00"
"powerCycle","2025-12-02, 7:15 PM","Kwality House, Kemps Corner","Sr. Sr Trainer","0.83","Rohan","Dahima","","","Mihir Sheth","sheth07@gmail.com","2025-11-30, 12:23 AM","Yes","No","No","Subscription","Studio 20 Single Class Pack","1500.00","0.00"
"powerCycle","2025-12-02, 7:15 PM","Kwality House, Kemps Corner","Sr. Sr Trainer","0.83","Rohan","Dahima","","","Ahana Advani","ahanaadvani@gmail.com","2025-11-29, 6:23 PM","Yes","No","No","Subscription","Studio 12 Class Package","1128.75","0.00"
"powerCycle","2025-12-02, 7:15 PM","Kwality House, Kemps Corner","Sr. Sr Trainer","0.83","Rohan","Dahima","","","Sanna Balsari","s.linnea7@gmail.com","2025-11-27, 10:13 AM","Yes","No","No","Package","Studio 2 Week Unlimited Membership","10.42","0.00"
"Studio Barre 57","2025-12-02, 5:45 PM","Kwality House, Kemps Corner","Sr. Sr Trainer","0.95","Rohan","Dahima","","","Avi Kadakia","avikadakia12@gmail.com","2025-12-02, 5:50 PM","Yes","No","No","Subscription","Barre 1 month Unlimited ","1500.00","0.00"
"Studio Barre 57","2025-12-02, 5:45 PM","Kwality House, Kemps Corner","Sr. Sr Trainer","0.95","Rohan","Dahima","","","Maithili Raut","maithili.raut@gmail.com","2025-12-02, 5:47 PM","Yes","No","No","Subscription","Studio Annual Unlimited Membership","155.76","0.00"
"Studio Barre 57","2025-12-02, 5:45 PM","Kwality House, Kemps Corner","Sr. Sr Trainer","0.95","Rohan","Dahima","","","Zara Arsiwalla","zara@arsiwalla.com","2025-12-02, 5:45 PM","Yes","No","No","Subscription","Studio 8 Class Package","1338.75","0.00"
"Studio Barre 57","2025-12-02, 5:45 PM","Kwality House, Kemps Corner","Sr. Sr Trainer","0.95","Rohan","Dahima","","","Avni Padsala ","avnipadsala@gmail.com","2025-12-02, 5:41 PM","Yes","No","No","Subscription","Studio 6 Month Unlimited Membership","1143.41","0.00"
"Studio Barre 57","2025-12-02, 5:45 PM","Kwality House, Kemps Corner","Sr. Sr Trainer","0.95","Rohan","Dahima","","","Dhanushi Dhandhukiya","dhanu.dhandhukiya@gmail.com","2025-12-02, 5:34 PM","Yes","No","No","Subscription","Studio 6 Month Unlimited Membership","1158.86","0.00"
"Studio Barre 57","2025-12-02, 5:45 PM","Kwality House, Kemps Corner","Sr. Sr Trainer","0.95","Rohan","Dahima","","","Urvi Kothari","urvikothari3@gmail.com","2025-12-02, 5:29 PM","Yes","No","No","Subscription","Studio 6 Month Unlimited Membership","339.13","0.00"
"Studio Barre 57","2025-12-02, 5:45 PM","Kwality House, Kemps Corner","Sr. Sr Trainer","0.95","Rohan","Dahima","","","Aditi .Kumar","aditi_95@yahoo.co.in","2025-12-02, 5:28 PM","Yes","No","No","Subscription","Studio 12 Class Package","1185.19","0.00"
"Studio Barre 57","2025-12-02, 5:45 PM","Kwality House, Kemps Corner","Sr. Sr Trainer","0.95","Rohan","Dahima","","","Ekta Maru","m.ekta90@gmail.com","2025-12-02, 4:57 PM","Yes","No","No","Package","Studio 2 Week Unlimited Membership","10.42","0.00"
"Studio Barre 57","2025-12-02, 5:45 PM","Kwality House, Kemps Corner","Sr. Sr Trainer","0.95","Rohan","Dahima","","","Radhika Dangayach","db926@cornell.edu","2025-12-02, 4:50 PM","Yes","No","No","Package","Studio Complimentary Referral Class","0.00","0.00"
"Studio Barre 57","2025-12-02, 5:45 PM","Kwality House, Kemps Corner","Sr. Sr Trainer","0.95","Rohan","Dahima","","","Meera Bhageria","diyabhageria01@gmail.com","2025-12-02, 12:08 PM","Yes","No","No","Package","Studio Complimentary Referral Class","0.00","0.00"
"Studio Barre 57","2025-12-02, 5:45 PM","Kwality House, Kemps Corner","Sr. Sr Trainer","0.95","Rohan","Dahima","","","Kriti Singh","kritisingh1418@gmail.com","2025-12-02, 11:06 AM","Yes","No","No","Subscription","Studio 3 Month Unlimited Membership","1050.00","0.00"
"Studio Barre 57","2025-12-02, 5:45 PM","Kwality House, Kemps Corner","Sr. Sr Trainer","0.95","Rohan","Dahima","","","Diya Bhageria","bhageriadiya@gmail.com","2025-12-02, 8:59 AM","Yes","No","No","Subscription","Studio 12 Class Package","1316.88","0.00"
"Studio Barre 57","2025-12-02, 5:45 PM","Kwality House, Kemps Corner","Sr. Sr Trainer","0.95","Rohan","Dahima","","","Sreejita Deb","debsreejita23@gmail.com","2025-12-02, 7:05 AM","Yes","No","No","Subscription","Studio 12 Class Package","1316.88","0.00"
"Studio Barre 57","2025-12-02, 5:45 PM","Kwality House, Kemps Corner","Sr. Sr Trainer","0.95","Rohan","Dahima","","","Divya Somaiya","divyasomaiya@gmail.com","2025-12-01, 11:06 PM","Yes","No","No","Subscription","Studio 1 Month Unlimited Membership","1500.00","0.00"
"Studio Barre 57","2025-12-02, 5:45 PM","Kwality House, Kemps Corner","Sr. Sr Trainer","0.95","Rohan","Dahima","","","Nainika Aggarwal","nainika12aggarwal@gmail.com","2025-12-01, 8:27 PM","Yes","No","No","Subscription","Studio 12 Class Package","1316.88","0.00"
"Studio Barre 57","2025-12-02, 5:45 PM","Kwality House, Kemps Corner","Sr. Sr Trainer","0.95","Rohan","Dahima","","","Mohini Rajani","mohinirajani@live.com","2025-12-01, 2:30 PM","Yes","No","No","Subscription","Studio 12 Class Package","1316.88","0.00"
"Studio Barre 57","2025-12-02, 5:45 PM","Kwality House, Kemps Corner","Sr. Sr Trainer","0.95","Rohan","Dahima","","","Nikhita Mahtani","nikhitamahtani@gmail.com","2025-11-29, 8:29 PM","Yes","No","No","Package","Studio 4 Class Package","1404.38","0.00"
"Studio Cardio Barre Plus","2025-12-01, 11:30 AM","Kwality House, Kemps Corner","Sr. Sr Trainer","0.95","Rohan","Dahima","","","Shrradha  Setalvad ","setalvad.shrradha@gmail.com","2025-12-01, 12:36 PM","Yes","No","No","UPI","","1575.00","0.00"
"Studio Cardio Barre Plus","2025-12-01, 11:30 AM","Kwality House, Kemps Corner","Sr. Sr Trainer","0.95","Rohan","Dahima","","","Jeenoo Khakhar","jeenookhakhar@gmail.com","2025-12-01, 11:31 AM","Yes","No","No","Subscription","Studio Annual Unlimited Membership","15.58","0.00"
"Studio Cardio Barre Plus","2025-12-01, 11:30 AM","Kwality House, Kemps Corner","Sr. Sr Trainer","0.95","Rohan","Dahima","","","Thea Turner","theaturner2@gmail.com","2025-12-01, 11:30 AM","Yes","No","No","Subscription","Studio Annual Unlimited Membership","193.08","0.00"
"Studio Cardio Barre Plus","2025-12-01, 11:30 AM","Kwality House, Kemps Corner","Sr. Sr Trainer","0.95","Rohan","Dahima","","","Zainab Bagsaria","zainab.retiwala@yahoo.in","2025-12-01, 10:56 AM","Yes","No","No","Package","Studio 2 Week Unlimited Membership","10.42","0.00"
"Studio Cardio Barre Plus","2025-12-01, 11:30 AM","Kwality House, Kemps Corner","Sr. Sr Trainer","0.95","Rohan","Dahima","","","Pooja Kabra","kabra_pooja@hotmail.com","2025-12-01, 9:36 AM","Yes","No","No","Subscription","Studio Annual Unlimited Membership","155.76","0.00"
"Studio Cardio Barre Plus","2025-12-01, 11:30 AM","Kwality House, Kemps Corner","Sr. Sr Trainer","0.95","Rohan","Dahima","","","Gauri Nayar","gauriknayar@gmail.com","2025-11-30, 11:41 AM","Yes","No","No","Subscription","Studio Annual Unlimited Membership","155.76","0.00"
"Strength Lab (Push) ","2025-12-01, 9:15 AM","Kwality House, Kemps Corner","Sr. Sr Trainer","1.00","Rohan","Dahima","","","Niharika Malik","niharika@mercuryind.com","2025-12-01, 9:19 AM","Yes","No","No","Subscription","Studio 3 Month Unlimited Membership","1216.88","0.00"
"Strength Lab (Push) ","2025-12-01, 9:15 AM","Kwality House, Kemps Corner","Sr. Sr Trainer","1.00","Rohan","Dahima","","","Reena  Chhabra","reenachh@gmail.com","2025-12-01, 9:04 AM","Yes","No","No","Subscription","Studio 6 Month Unlimited Membership","635.23","0.00"
"Strength Lab (Push) ","2025-12-01, 9:15 AM","Kwality House, Kemps Corner","Sr. Sr Trainer","1.00","Rohan","Dahima","","","Shrishti  Singh","shrishtisingh099@gmail.com","2025-12-01, 8:57 AM","Yes","No","No","Subscription","Studio 3 Month Unlimited Membership","1410.55","0.00"
"powerCycle","2025-12-01, 8:00 AM","Kwality House, Kemps Corner","Sr. Sr Trainer","0.83","Rohan","Dahima","","","Viraj Bhayani","virajbhayani@live.co.uk","2025-12-01, 7:55 AM","Yes","No","No","UPI","","1575.00","0.00"
"powerCycle","2025-12-01, 8:00 AM","Kwality House, Kemps Corner","Sr. Sr Trainer","0.83","Rohan","Dahima","","","Mrinalini Chandra Goyal","mrinalini.chandra@gmail.com","2025-12-01, 7:43 AM","Yes","No","No","Subscription","Studio 8 Class Package","1338.75","0.00"
"powerCycle","2025-12-01, 8:00 AM","Kwality House, Kemps Corner","Sr. Sr Trainer","0.83","Rohan","Dahima","","","Malcolm Mistry","malcolm@ushtate.com","2025-12-01, 6:29 AM","Yes","No","No","Subscription","Studio 6 Month Unlimited Membership","1500.00","0.00"
"powerCycle","2025-12-01, 8:00 AM","Kwality House, Kemps Corner","Sr. Sr Trainer","0.83","Rohan","Dahima","","","Hena Kapadia","hena88+1@gmail.com","2025-11-30, 11:20 AM","Yes","No","No","Subscription","Studio 1 Month Unlimited Membership","1433.65","0.00"
"powerCycle","2025-12-01, 8:00 AM","Kwality House, Kemps Corner","Sr. Sr Trainer","0.83","Rohan","Dahima","","","Niyanta Datta","niyantadatta@gmail.com","2025-11-28, 10:42 AM","Yes","No","No","Subscription","Studio 3 Month Unlimited Membership","783.00","0.00"
"powerCycle","2025-12-01, 8:00 AM","Kwality House, Kemps Corner","Sr. Sr Trainer","0.83","Rohan","Dahima","","","Saroj Javeri","saroj_821@hotmail.com","2025-11-27, 10:48 AM","Yes","No","No","Subscription","Studio Annual Unlimited Membership","155.76","0.00"