"Class Name","Class Date","Location","Payrate","Time (h)","Instructor First Name","Instructor Last Name","Employee Code","Payrate Code","Customer Name","Customer Email","Sale Date","Checked in","Checked in","Late Cancelled","Payment Method","Payment Method Name","Paid","Instructor Payout"
"Studio Mat 57","2025-12-18, 9:30 AM","Supreme HQ, Bandra","Full Time","0.95","Anisha","Shah","","","Dalreen Patrao","dalreenpatrao@gmail.com","2025-12-11, 11:26 AM","No","No","No","Subscription","Studio 1 Month Unlimited Membership","990.12","0.00"
"Studio Mat 57","2025-12-18, 9:30 AM","Supreme HQ, Bandra","Full Time","0.95","Anisha","Shah","","","Anisha Goel","anisha.pestonji@gmail.com","2025-12-11, 10:57 AM","No","No","No","Subscription","Studio Annual Unlimited Membership","14.60","0.00"
"Studio Mat 57","2025-12-18, 9:30 AM","Supreme HQ, Bandra","Full Time","0.95","Anisha","Shah","","","Kanchaan Kaicker ","kanchaan1991@gmail.com","2025-12-11, 10:57 AM","No","No","No","Subscription","Studio 3 Month Unlimited Membership","387.13","0.00"
"Studio Mat 57","2025-12-18, 9:30 AM","Supreme HQ, Bandra","Full Time","0.95","Anisha","Shah","","","Shona Barua","shonabarua27@gmail.com","2025-12-11, 10:56 AM","No","No","No","Subscription","Studio Annual Unlimited Membership","155.76","0.00"
"powerCycle","2025-12-18, 8:00 AM","Supreme HQ, Bandra","Full Time","0.83","Anisha","Shah","","","Anisha Goel","anisha.pestonji@gmail.com","2025-12-11, 10:57 AM","No","No","No","Subscription","Studio Annual Unlimited Membership","14.60","0.00"
"powerCycle","2025-12-18, 8:00 AM","Supreme HQ, Bandra","Full Time","0.83","Anisha","Shah","","","Kanchaan Kaicker ","kanchaan1991@gmail.com","2025-12-11, 10:57 AM","No","No","No","Subscription","Studio 3 Month Unlimited Membership","387.13","0.00"
"powerCycle","2025-12-18, 8:00 AM","Supreme HQ, Bandra","Full Time","0.83","Anisha","Shah","","","Shona Barua","shonabarua27@gmail.com","2025-12-11, 10:56 AM","No","No","No","Subscription","Studio Annual Unlimited Membership","155.76","0.00"
"Studio Mat 57","2025-12-15, 8:30 AM","Kwality House, Kemps Corner","Full Time","0.95","Anisha","Shah","","","Niyanta Datta","niyantadatta@gmail.com","2025-12-10, 4:25 PM","No","No","No","Subscription","Studio Annual Unlimited Membership","161.70","0.00"
"Studio Mat 57","2025-12-15, 8:30 AM","Kwality House, Kemps Corner","Full Time","0.95","Anisha","Shah","","","Mihir Sheth","sheth07@gmail.com","2025-12-08, 12:46 PM","No","No","No","Subscription","Studio 20 Single Class Pack","1500.00","0.00"
"Strength Lab (Pull) ","2025-12-15, 7:15 AM","Kwality House, Kemps Corner","Full Time","1.00","Anisha","Shah","","","Mallika Mhatre","mallikamhatre1980@gmail.com","2025-12-08, 8:31 AM","No","No","No","Subscription","Studio Annual Unlimited Membership","15.01","0.00"
"Studio Mat 57","2025-12-11, 9:30 AM","Supreme HQ, Bandra","Full Time","0.95","Anisha","Shah","","","Asimah Balwa","asimah.balwa@gmail.com","2025-12-11, 8:43 AM","Yes","No","No","Subscription","Studio Annual Unlimited Membership","155.76","0.00"
"Studio Mat 57","2025-12-11, 9:30 AM","Supreme HQ, Bandra","Full Time","0.95","Anisha","Shah","","","Sachin Kotre","sachinmeranaam@gmail.com","2025-12-11, 7:47 AM","Yes","No","No","Subscription","Studio 3 Month Unlimited Membership","1060.46","0.00"
"Studio Mat 57","2025-12-11, 9:30 AM","Supreme HQ, Bandra","Full Time","0.95","Anisha","Shah","","","Macy Dye","macydye28@yahoo.com","2025-12-09, 10:14 PM","Yes","No","No","Subscription","Barre 3 months Unlimited ","1500.00","0.00"
"Studio Mat 57","2025-12-11, 9:30 AM","Supreme HQ, Bandra","Full Time","0.95","Anisha","Shah","","","Shai S","shahira.sunder@gmail.com","2025-12-09, 4:06 PM","Yes","No","No","Subscription","Studio 12 Class Package","1128.75","0.00"
"Studio Mat 57","2025-12-11, 9:30 AM","Supreme HQ, Bandra","Full Time","0.95","Anisha","Shah","","","Prachi Ghadge","prachighadge1@gmail.com","2025-12-05, 4:24 PM","Yes","No","No","Subscription","Studio 3 Month Unlimited Membership","1500.00","0.00"
"Studio Mat 57","2025-12-11, 9:30 AM","Supreme HQ, Bandra","Full Time","0.95","Anisha","Shah","","","Pooja Chen","gadk.pooja@gmail.com","2025-12-05, 8:03 AM","No","No","Yes","Subscription","Studio 1 Month Unlimited Membership","1047.25","0.00"
"Studio Mat 57","2025-12-11, 9:30 AM","Supreme HQ, Bandra","Full Time","0.95","Anisha","Shah","","","Gopi Chawla","gachawla@hotmail.com","2025-12-04, 1:56 PM","Yes","No","No","Subscription","Studio Annual Unlimited Membership","155.76","0.00"
"Studio Mat 57","2025-12-11, 9:30 AM","Supreme HQ, Bandra","Full Time","0.95","Anisha","Shah","","","Shuchi Mehta","shuchi.trivedi@gmail.com","2025-12-04, 1:30 PM","No","No","Yes","Subscription","Studio Annual Unlimited Membership","155.76","0.00"
"Studio Mat 57","2025-12-11, 9:30 AM","Supreme HQ, Bandra","Full Time","0.95","Anisha","Shah","","","Anisha Goel","anisha.pestonji@gmail.com","2025-12-04, 11:02 AM","Yes","No","No","Subscription","Studio Annual Unlimited Membership","14.60","0.00"
"Studio Mat 57","2025-12-11, 9:30 AM","Supreme HQ, Bandra","Full Time","0.95","Anisha","Shah","","","Shona Barua","shonabarua27@gmail.com","2025-12-04, 10:36 AM","Yes","No","No","Subscription","Studio Annual Unlimited Membership","155.76","0.00"
"Studio Mat 57","2025-12-11, 9:30 AM","Supreme HQ, Bandra","Full Time","0.95","Anisha","Shah","","","Kanchaan Kaicker ","kanchaan1991@gmail.com","2025-12-04, 10:27 AM","Yes","No","No","Subscription","Studio 3 Month Unlimited Membership","387.13","0.00"
"powerCycle","2025-12-11, 8:00 AM","Supreme HQ, Bandra","Full Time","0.83","Anisha","Shah","","","Lavanya Gulati","lavanyagulati@gmail.com","2025-12-10, 11:35 PM","No","No","Yes","Subscription","Studio 3 Month Unlimited Membership","1500.00","0.00"
"powerCycle","2025-12-11, 8:00 AM","Supreme HQ, Bandra","Full Time","0.83","Anisha","Shah","","","Madhuvanthi Senthil Kumar","madhuvanthi.s.kumar@gmail.com","2025-12-10, 5:15 PM","No","No","No","Package","Studio Single Class","1500.00","0.00"
"powerCycle","2025-12-11, 8:00 AM","Supreme HQ, Bandra","Full Time","0.83","Anisha","Shah","","","Nitika Gupta","nitika0059@gmail.com","2025-12-09, 7:35 PM","No","No","Yes","Subscription","Studio Annual Unlimited Membership","15.01","0.00"
"powerCycle","2025-12-11, 8:00 AM","Supreme HQ, Bandra","Full Time","0.83","Anisha","Shah","","","Puneet  Anand","anandpuneet08@gmail.com","2025-12-08, 11:09 AM","Yes","No","No","Package","Studio 2 Week Unlimited Membership","10.42","0.00"
"powerCycle","2025-12-11, 8:00 AM","Supreme HQ, Bandra","Full Time","0.83","Anisha","Shah","","","Prachi Ghadge","prachighadge1@gmail.com","2025-12-08, 9:07 AM","Yes","No","No","Subscription","Studio 3 Month Unlimited Membership","1500.00","0.00"
"powerCycle","2025-12-11, 8:00 AM","Supreme HQ, Bandra","Full Time","0.83","Anisha","Shah","","","Sanjam  Kini ","sanjam.sahni@gmail.com","2025-12-05, 1:52 PM","Yes","No","No","Subscription","Studio Annual Unlimited Membership","15.00","0.00"
"powerCycle","2025-12-11, 8:00 AM","Supreme HQ, Bandra","Full Time","0.83","Anisha","Shah","","","Aili S","ailiseghetti@gmail.com","2025-12-05, 5:46 AM","Yes","No","No","Subscription","Studio 6 Month Unlimited Membership","629.92","0.00"
"powerCycle","2025-12-11, 8:00 AM","Supreme HQ, Bandra","Full Time","0.83","Anisha","Shah","","","Liya  Gupta ","liyagupta@gmail.com","2025-12-04, 9:53 AM","No","No","Yes","Subscription","Studio 3 Month Unlimited Membership","1500.00","0.00"
"powerCycle","2025-12-11, 8:00 AM","Supreme HQ, Bandra","Full Time","0.83","Anisha","Shah","","","Shona Barua","shonabarua27@gmail.com","2025-12-04, 9:19 AM","Yes","No","No","Subscription","Studio Annual Unlimited Membership","155.76","0.00"
"powerCycle","2025-12-11, 8:00 AM","Supreme HQ, Bandra","Full Time","0.83","Anisha","Shah","","","Anisha Goel","anisha.pestonji@gmail.com","2025-12-04, 8:57 AM","Yes","No","No","Subscription","Studio Annual Unlimited Membership","14.60","0.00"
"powerCycle","2025-12-11, 8:00 AM","Supreme HQ, Bandra","Full Time","0.83","Anisha","Shah","","","Kanchaan Kaicker ","kanchaan1991@gmail.com","2025-12-04, 8:57 AM","Yes","No","No","Subscription","Studio 3 Month Unlimited Membership","387.13","0.00"
"powerCycle","2025-12-11, 8:00 AM","Supreme HQ, Bandra","Full Time","0.83","Anisha","Shah","","","Mallika Mhatre","mallikamhatre1980@gmail.com","2025-12-04, 8:03 AM","Yes","No","No","Subscription","Studio Annual Unlimited Membership","15.01","0.00"
"Studio Back Body Blaze","2025-12-10, 9:00 AM","Kwality House, Kemps Corner","Full Time","0.95","Anisha","Shah","","","Preeti Ambani","preeti.ambani@gmail.com","2025-12-10, 9:03 AM","Yes","No","No","Subscription","Studio Annual Unlimited Membership","15.00","0.00"
"Studio Back Body Blaze","2025-12-10, 9:00 AM","Kwality House, Kemps Corner","Full Time","0.95","Anisha","Shah","","","Deborah Benattar","deborah@lafabriquefilms.net","2025-12-10, 9:00 AM","Yes","No","No","Package","Studio 4 Class Package","1404.38","0.00"
"Studio Back Body Blaze","2025-12-10, 9:00 AM","Kwality House, Kemps Corner","Full Time","0.95","Anisha","Shah","","","Raman Lamba","turbanbuddha@gmail.com","2025-12-10, 8:45 AM","Yes","No","No","Subscription","Studio 3 Month Unlimited Membership","644.33","0.00"
"Studio Back Body Blaze","2025-12-10, 9:00 AM","Kwality House, Kemps Corner","Full Time","0.95","Anisha","Shah","","","Joanna Schroder","joanna_schroder@hotmail.com","2025-12-10, 8:44 AM","Yes","No","No","Subscription","Studio 12 Class Package","1185.19","0.00"
"Studio Back Body Blaze","2025-12-10, 9:00 AM","Kwality House, Kemps Corner","Full Time","0.95","Anisha","Shah","","","Sunaina Kewalramani","sukewalramani@gmail.com","2025-12-10, 8:28 AM","Yes","No","No","Subscription","Studio Annual Unlimited Membership","14.60","0.00"
"Studio Back Body Blaze","2025-12-10, 9:00 AM","Kwality House, Kemps Corner","Full Time","0.95","Anisha","Shah","","","Shikha Sarkar","divinity.unfolded@yahoo.in","2025-12-09, 9:40 PM","Yes","No","No","Subscription","Barre 6 month Unlimited ","1500.00","0.00"
"Studio Back Body Blaze","2025-12-10, 9:00 AM","Kwality House, Kemps Corner","Full Time","0.95","Anisha","Shah","","","Gauri Nayar","gauriknayar@gmail.com","2025-12-09, 4:06 PM","No","No","Yes","Subscription","Studio Annual Unlimited Membership","155.76","0.00"
"Studio Back Body Blaze","2025-12-10, 9:00 AM","Kwality House, Kemps Corner","Full Time","0.95","Anisha","Shah","","","Hinal Kuvadia","kuvadia.hinal@gmail.com","2025-12-09, 12:06 PM","Yes","No","No","Subscription","Barre 1 month Unlimited ","1500.00","0.00"
"Studio Back Body Blaze","2025-12-10, 9:00 AM","Kwality House, Kemps Corner","Full Time","0.95","Anisha","Shah","","","Nandita Dalmia","nandita@lemill.in","2025-12-09, 10:47 AM","No","No","Yes","Subscription","Barre 1 month Unlimited ","1164.55","0.00"
"Studio Back Body Blaze","2025-12-10, 9:00 AM","Kwality House, Kemps Corner","Full Time","0.95","Anisha","Shah","","","Khyati Doshi","khyati.doshi1995@gmail.com","2025-12-08, 3:01 PM","Yes","No","No","Subscription","Studio 1 Month Unlimited Membership","1500.00","0.00"
"Studio Back Body Blaze","2025-12-10, 9:00 AM","Kwality House, Kemps Corner","Full Time","0.95","Anisha","Shah","","","Devlina Dalal","devlina_3492@hotmail.com","2025-12-07, 10:47 AM","Yes","No","No","Subscription","Studio 1 Month Unlimited Membership","1288.92","0.00"
"Studio Cardio Barre","2025-12-10, 7:30 AM","Kwality House, Kemps Corner","Full Time","0.95","Anisha","Shah","","","Mrinalini Chandra Goyal","mrinalini.chandra@gmail.com","2025-12-10, 7:28 AM","Yes","No","No","Subscription","Studio 8 Class Package","1338.75","0.00"
"Studio Cardio Barre","2025-12-10, 7:30 AM","Kwality House, Kemps Corner","Full Time","0.95","Anisha","Shah","","","Namita Jatia","namitajatia@gmail.com","2025-12-10, 7:09 AM","Yes","No","No","Subscription","Studio Annual Unlimited Membership","15.00","0.00"
"Studio Cardio Barre","2025-12-10, 7:30 AM","Kwality House, Kemps Corner","Full Time","0.95","Anisha","Shah","","","Rachana Devidayal","rachanadevidayal@gmail.com","2025-12-10, 6:54 AM","Yes","No","No","Subscription","Studio 12 Class Package","1316.88","0.00"
"Studio Cardio Barre","2025-12-10, 7:30 AM","Kwality House, Kemps Corner","Full Time","0.95","Anisha","Shah","","","Priyanka Chokhani","priyankaa2787@gmail.com","2025-12-10, 6:52 AM","Yes","No","No","Subscription","Studio 6 Month Unlimited Membership","1361.21","0.00"
"Studio Cardio Barre","2025-12-10, 7:30 AM","Kwality House, Kemps Corner","Full Time","0.95","Anisha","Shah","","","Raksha Bokadia","bokadia39@gmail.com","2025-12-09, 9:52 PM","Yes","No","No","Subscription","Barre 3 months Unlimited ","623.29","0.00"
"Studio Cardio Barre","2025-12-10, 7:30 AM","Kwality House, Kemps Corner","Full Time","0.95","Anisha","Shah","","","Aashna Mansharamani","aashnamansharamani@gmail.com","2025-12-08, 6:24 PM","No","No","Yes","Subscription","Barre 3 months Unlimited ","1350.79","0.00"
"Studio Cardio Barre","2025-12-10, 7:30 AM","Kwality House, Kemps Corner","Full Time","0.95","Anisha","Shah","","","Simran Shahani","simran_shahani@icloud.com","2025-12-08, 9:14 AM","Yes","No","No","Subscription","Studio 3 Month Unlimited Membership","1500.00","0.00"
"Studio Cardio Barre","2025-12-10, 7:30 AM","Kwality House, Kemps Corner","Full Time","0.95","Anisha","Shah","","","Amruta Patil","amrutavpatil@gmail.com","2025-12-08, 7:46 AM","Yes","No","No","Subscription","Studio Annual Unlimited Membership","14.07","0.00"
"powerCycle","2025-12-09, 7:15 PM","Kwality House, Kemps Corner","Full Time","0.83","Anisha","Shah","","","Karishma Gulrajani","karishmagulrajani95@gmail.com","2025-12-09, 7:10 PM","Yes","No","No","Subscription","Studio 12 Class Package","1128.75","0.00"
"powerCycle","2025-12-09, 7:15 PM","Kwality House, Kemps Corner","Full Time","0.83","Anisha","Shah","","","Nandika  Khetwani","khetwaninandika@gmail.com","2025-12-09, 6:54 PM","Yes","No","No","Subscription","Studio 12 Class Package","1119.34","0.00"
"powerCycle","2025-12-09, 7:15 PM","Kwality House, Kemps Corner","Full Time","0.83","Anisha","Shah","","","Pranay K","khetwani.pranay@gmail.com","2025-12-09, 6:37 PM","Yes","No","No","Subscription","Studio 12 Class Package","1128.75","0.00"
"powerCycle","2025-12-09, 7:15 PM","Kwality House, Kemps Corner","Full Time","0.83","Anisha","Shah","","","Namha Adukia","namhaadukia@gmail.com","2025-12-09, 5:42 PM","No","No","Yes","Subscription","Studio 3 Month Unlimited Membership","1500.00","0.00"
"powerCycle","2025-12-09, 7:15 PM","Kwality House, Kemps Corner","Full Time","0.83","Anisha","Shah","","","Aliasgar  Nalwala","ali@asmaco.com","2025-12-08, 10:35 PM","Yes","No","No","Subscription","Studio 6 Month Unlimited Membership","477.59","0.00"
"powerCycle","2025-12-09, 7:15 PM","Kwality House, Kemps Corner","Full Time","0.83","Anisha","Shah","","","Saroj Javeri","saroj_821@hotmail.com","2025-12-08, 7:42 PM","Yes","No","No","Subscription","Studio Annual Unlimited Membership","155.76","0.00"
"powerCycle","2025-12-09, 7:15 PM","Kwality House, Kemps Corner","Full Time","0.83","Anisha","Shah","","","Yash  Sanghvi","sanghviyash@hotmail.com","2025-12-04, 4:21 PM","Yes","No","No","Subscription","Studio 6 Month Unlimited Membership","1500.00","0.00"
"Studio Barre 57","2025-12-09, 5:45 PM","Kwality House, Kemps Corner","Full Time","0.95","Anisha","Shah","","","Mahika Thakur","mrt368@nyu.edu","2025-12-09, 5:36 PM","Yes","No","No","Subscription","Studio Annual Unlimited Membership","155.76","0.00"
"Studio Barre 57","2025-12-09, 5:45 PM","Kwality House, Kemps Corner","Full Time","0.95","Anisha","Shah","","","Zainab Bagsaria","zainab.retiwala@yahoo.in","2025-12-09, 5:30 PM","Yes","No","No","Package","Studio 2 Week Unlimited Membership","10.42","0.00"
"Studio Barre 57","2025-12-09, 5:45 PM","Kwality House, Kemps Corner","Full Time","0.95","Anisha","Shah","","","Divya Somaiya","divyasomaiya@gmail.com","2025-12-09, 11:30 AM","Yes","No","No","Subscription","Studio 1 Month Unlimited Membership","1500.00","0.00"
"Studio Barre 57","2025-12-09, 5:45 PM","Kwality House, Kemps Corner","Full Time","0.95","Anisha","Shah","","","Aliasgar  Nalwala","ali@asmaco.com","2025-12-08, 10:34 PM","Yes","No","No","Subscription","Studio 6 Month Unlimited Membership","477.59","0.00"
"Studio Barre 57","2025-12-09, 5:45 PM","Kwality House, Kemps Corner","Full Time","0.95","Anisha","Shah","","","Aishwarya Kakar","kakaraishwarya@gmail.com","2025-12-08, 8:02 PM","Yes","No","No","Card","","1575.00","0.00"
"Studio Barre 57","2025-12-09, 5:45 PM","Kwality House, Kemps Corner","Full Time","0.95","Anisha","Shah","","","Sumeeta Chopra","sumita1967@gmail.com","2025-12-08, 6:55 PM","Yes","No","No","Subscription","Studio 1 Month Unlimited Membership","1500.00","0.00"
"Studio Barre 57","2025-12-09, 5:45 PM","Kwality House, Kemps Corner","Full Time","0.95","Anisha","Shah","","","Anaanya Chopra","anaanyachopra22@gmail.com","2025-12-08, 6:54 PM","Yes","No","No","Subscription","Studio 1 Month Unlimited Membership","1500.00","0.00"
"Studio Barre 57","2025-12-09, 5:45 PM","Kwality House, Kemps Corner","Full Time","0.95","Anisha","Shah","","","Bhavika Sanghvi","bhavikasanghvi97@gmail.com","2025-12-08, 3:32 PM","No","No","Yes","Package","Studio Open Barre Class","0.00","0.00"
"Studio Barre 57","2025-12-09, 5:45 PM","Kwality House, Kemps Corner","Full Time","0.95","Anisha","Shah","","","Aariya Jhaveri","aariya.jhaveri@gmail.com","2025-12-08, 2:54 PM","Yes","No","No","Package","Studio Open Barre Class","0.00","0.00"
"Studio Barre 57","2025-12-09, 5:45 PM","Kwality House, Kemps Corner","Full Time","0.95","Anisha","Shah","","","Riya Zaveri","rizirock@gmail.com","2025-12-08, 2:53 PM","Yes","No","No","Package","Studio Open Barre Class","0.00","0.00"
"Studio Barre 57","2025-12-09, 5:45 PM","Kwality House, Kemps Corner","Full Time","0.95","Anisha","Shah","","","Nainika Aggarwal","nainika12aggarwal@gmail.com","2025-12-06, 1:23 PM","Yes","No","No","Subscription","Studio 12 Class Package","1316.88","0.00"
"Studio Barre 57","2025-12-09, 5:45 PM","Kwality House, Kemps Corner","Full Time","0.95","Anisha","Shah","","","Yash Mittal","yashmittal@gmail.com","2025-12-05, 5:01 PM","Yes","No","No","Package","Studio Open Barre Class","0.00","0.00"
"Studio Mat 57","2025-12-08, 8:30 AM","Kwality House, Kemps Corner","Full Time","0.95","Anisha","Shah","","","Deborah Benattar","deborah@lafabriquefilms.net","2025-12-08, 8:27 AM","Yes","No","No","Package","Studio 4 Class Package","1404.38","0.00"
"Studio Mat 57","2025-12-08, 8:30 AM","Kwality House, Kemps Corner","Full Time","0.95","Anisha","Shah","","","Rajul davda","rajulshah1@gmail.com","2025-12-08, 8:23 AM","Yes","No","No","Subscription","Studio 8 Class Package","1338.75","0.00"
"Studio Mat 57","2025-12-08, 8:30 AM","Kwality House, Kemps Corner","Full Time","0.95","Anisha","Shah","","","Namita Jatia","namitajatia@gmail.com","2025-12-08, 7:49 AM","Yes","No","No","Subscription","Studio Annual Unlimited Membership","15.00","0.00"
"Studio Mat 57","2025-12-08, 8:30 AM","Kwality House, Kemps Corner","Full Time","0.95","Anisha","Shah","","","Gauri Nayar","gauriknayar@gmail.com","2025-12-07, 10:49 PM","Yes","No","No","Subscription","Studio Annual Unlimited Membership","155.76","0.00"
"Studio Mat 57","2025-12-08, 8:30 AM","Kwality House, Kemps Corner","Full Time","0.95","Anisha","Shah","","","Hena Kapadia","hena88+1@gmail.com","2025-12-07, 5:41 PM","No","No","Yes","Subscription","Studio 1 Month Unlimited Membership","1433.65","0.00"
"Studio Mat 57","2025-12-08, 8:30 AM","Kwality House, Kemps Corner","Full Time","0.95","Anisha","Shah","","","Ilya Hora","hora.ilya@gmail.com","2025-12-07, 4:10 PM","Yes","No","No","Package","Studio 2 Week Unlimited Membership","10.42","0.00"
"Studio Mat 57","2025-12-08, 8:30 AM","Kwality House, Kemps Corner","Full Time","0.95","Anisha","Shah","","","Raman Lamba","turbanbuddha@gmail.com","2025-12-07, 2:40 PM","No","No","Yes","Subscription","Studio 3 Month Unlimited Membership","644.33","0.00"
"Studio Mat 57","2025-12-08, 8:30 AM","Kwality House, Kemps Corner","Full Time","0.95","Anisha","Shah","","","Raksha Bokadia","bokadia39@gmail.com","2025-12-07, 10:14 AM","Yes","No","No","Subscription","Barre 3 months Unlimited ","623.29","0.00"
"Studio Mat 57","2025-12-08, 8:30 AM","Kwality House, Kemps Corner","Full Time","0.95","Anisha","Shah","","","Mihir Sheth","sheth07@gmail.com","2025-12-05, 11:24 PM","Yes","No","No","Subscription","Studio 20 Single Class Pack","1500.00","0.00"
"Strength Lab (Pull) ","2025-12-08, 7:15 AM","Kwality House, Kemps Corner","Full Time","1.00","Anisha","Shah","","","Saroj Javeri","saroj_821@hotmail.com","2025-12-05, 9:40 PM","Yes","No","No","Subscription","Studio Annual Unlimited Membership","155.76","0.00"
"Strength Lab (Pull) ","2025-12-08, 7:15 AM","Kwality House, Kemps Corner","Full Time","1.00","Anisha","Shah","","","Mallika Mhatre","mallikamhatre1980@gmail.com","2025-12-01, 8:59 AM","Yes","No","No","Subscription","Studio Annual Unlimited Membership","15.01","0.00"
"Strength Lab (Push) ","2025-12-06, 11:30 AM","Kwality House, Kemps Corner","Full Time","1.00","Anisha","Shah","","","Tanya  Shanti ","tsgoott@gmail.com","2025-12-06, 11:27 AM","Yes","No","No","Subscription","Studio 8 Class Package","1338.75","0.00"
"Strength Lab (Push) ","2025-12-06, 11:30 AM","Kwality House, Kemps Corner","Full Time","1.00","Anisha","Shah","","","Rabia Kader","rabea.j@live.com","2025-12-06, 11:25 AM","Yes","No","No","Subscription","Studio 3 Month Unlimited Membership","1500.00","0.00"
"Strength Lab (Push) ","2025-12-06, 11:30 AM","Kwality House, Kemps Corner","Full Time","1.00","Anisha","Shah","","","Pranay K","khetwani.pranay@gmail.com","2025-12-06, 9:53 AM","Yes","No","No","Subscription","Studio 12 Class Package","1128.75","0.00"
"Strength Lab (Push) ","2025-12-06, 11:30 AM","Kwality House, Kemps Corner","Full Time","1.00","Anisha","Shah","","","Ria Chauhan Vora","ria@apwig.com","2025-12-05, 11:41 PM","Yes","No","No","Subscription","Studio 6 Month Unlimited Membership","1500.00","0.00"
"Strength Lab (Push) ","2025-12-06, 11:30 AM","Kwality House, Kemps Corner","Full Time","1.00","Anisha","Shah","","","Aayushi Patel","1998.aayushi@gmail.com","2025-12-05, 10:50 PM","Yes","No","No","Package","Studio Single Class","1500.00","0.00"
"Strength Lab (Push) ","2025-12-06, 11:30 AM","Kwality House, Kemps Corner","Full Time","1.00","Anisha","Shah","","","Anahita Khanna","anahitakhanna9@gmail.com","2025-12-04, 10:41 PM","No","No","Yes","Subscription","Studio 3 Month Unlimited Membership","1500.00","0.00"
"Strength Lab (Push) ","2025-12-06, 11:30 AM","Kwality House, Kemps Corner","Full Time","1.00","Anisha","Shah","","","Reena  Chhabra","reenachh@gmail.com","2025-12-04, 5:26 PM","No","No","Yes","Subscription","Studio 6 Month Unlimited Membership","635.23","0.00"
"Strength Lab (Push) ","2025-12-06, 11:30 AM","Kwality House, Kemps Corner","Full Time","1.00","Anisha","Shah","","","Niyanta Datta","niyantadatta@gmail.com","2025-12-04, 10:30 AM","Yes","No","No","Subscription","Studio Annual Unlimited Membership","161.70","0.00"
"Studio Barre 57","2025-12-06, 10:15 AM","Kwality House, Kemps Corner","Full Time","0.95","Anisha","Shah","","","Shikha Velkar","shikhavelkar@gmail.com","2025-12-06, 10:03 AM","Yes","No","No","Subscription","Studio 3 Month Unlimited Membership","1500.00","0.00"
"Studio Barre 57","2025-12-06, 10:15 AM","Kwality House, Kemps Corner","Full Time","0.95","Anisha","Shah","","","Rina Deora","rinadeora@hotmail.com","2025-12-06, 9:55 AM","Yes","No","No","Subscription","Studio Annual Unlimited Membership","14.60","0.00"
"Studio Barre 57","2025-12-06, 10:15 AM","Kwality House, Kemps Corner","Full Time","0.95","Anisha","Shah","","","Ekta Maru","m.ekta90@gmail.com","2025-12-06, 9:14 AM","Yes","No","No","Package","Studio 2 Week Unlimited Membership","10.42","0.00"
"Studio Barre 57","2025-12-06, 10:15 AM","Kwality House, Kemps Corner","Full Time","0.95","Anisha","Shah","","","Adya Khandelwal","adyakhandelwal1@gmail.com","2025-12-06, 2:09 AM","Yes","No","No","Subscription","Studio 12 Class Package","1316.88","0.00"
"Studio Barre 57","2025-12-06, 10:15 AM","Kwality House, Kemps Corner","Full Time","0.95","Anisha","Shah","","","Simran Advani","simranadvani@hotmail.com","2025-12-05, 8:41 AM","Yes","No","No","Subscription","Studio 20 Single Class Pack","1500.00","0.00"
"Studio Barre 57","2025-12-06, 10:15 AM","Kwality House, Kemps Corner","Full Time","0.95","Anisha","Shah","","","Roopali Misra","roopali@icloud.com","2025-12-04, 10:38 AM","Yes","No","No","Subscription","Barre 1 month Unlimited ","1200.94","0.00"
"Studio Barre 57","2025-12-06, 10:15 AM","Kwality House, Kemps Corner","Full Time","0.95","Anisha","Shah","","","Hena Kapadia","hena88+1@gmail.com","2025-12-01, 2:46 PM","No","No","Yes","Subscription","Studio 1 Month Unlimited Membership","1433.65","0.00"
"Studio Barre 57","2025-12-06, 10:15 AM","Kwality House, Kemps Corner","Full Time","0.95","Anisha","Shah","","","Nikhita Mahtani","nikhitamahtani@gmail.com","2025-11-29, 8:30 PM","Yes","No","No","Package","Studio 4 Class Package","1404.38","0.00"
"Studio Barre 57","2025-12-06, 10:15 AM","Kwality House, Kemps Corner","Full Time","0.95","Anisha","Shah","","","Anjie Kakar","anjiekakar@gmail.com","2025-11-29, 7:39 PM","Yes","No","No","Subscription","Studio 12 Class Package","1128.75","0.00"
"Strength Lab (Push) ","2025-12-06, 9:00 AM","Kwality House, Kemps Corner","Full Time","1.00","Anisha","Shah","","","Jitendra Bokadia ","jkbokadia@gmail.com","2025-12-05, 10:34 PM","Yes","No","No","Subscription","Studio Annual Unlimited Membership","161.70","0.00"
"Strength Lab (Push) ","2025-12-06, 9:00 AM","Kwality House, Kemps Corner","Full Time","1.00","Anisha","Shah","","","Namita Jatia","namitajatia@gmail.com","2025-12-04, 9:36 PM","No","No","Yes","Subscription","Studio Annual Unlimited Membership","15.00","0.00"
"Strength Lab (Push) ","2025-12-06, 9:00 AM","Kwality House, Kemps Corner","Full Time","1.00","Anisha","Shah","","","Tina  Mistry","malcolmtina@gmail.com","2025-12-04, 9:02 AM","Yes","No","No","Subscription","Studio 6 Month Unlimited Membership","539.35","0.00"
"Strength Lab (Push) ","2025-12-06, 9:00 AM","Kwality House, Kemps Corner","Full Time","1.00","Anisha","Shah","","","Dhanshri Merchant","dhanshri.merchant@gmail.com","2025-12-03, 3:55 PM","Yes","No","No","Subscription","Studio 3 Month Unlimited Membership","898.28","0.00"
"Strength Lab (Push) ","2025-12-06, 9:00 AM","Kwality House, Kemps Corner","Full Time","1.00","Anisha","Shah","","","Sabiha Ghiasi ","sabiha.ghiasi@gmail.com","2025-12-02, 8:26 AM","Yes","No","No","Subscription","Studio Annual Unlimited Membership","75.05","0.00"
"Strength Lab (Push) ","2025-12-06, 9:00 AM","Kwality House, Kemps Corner","Full Time","1.00","Anisha","Shah","","","Shikhar  Garodia","shikhargarodia@gmail.com","2025-12-01, 7:31 PM","Yes","No","No","Subscription","Studio 1 Month Unlimited Membership","838.69","0.00"
"Strength Lab (Push) ","2025-12-06, 9:00 AM","Kwality House, Kemps Corner","Full Time","1.00","Anisha","Shah","","","Sanna Balsari","s.linnea7@gmail.com","2025-11-29, 11:23 AM","No","No","Yes","Package","Studio 2 Week Unlimited Membership","10.42","0.00"
"Studio Cardio Barre Plus","2025-12-05, 7:00 PM","Kwality House, Kemps Corner","Full Time","0.95","Anisha","Shah","","","Sonika Purandare","psonika149@gmail.com","2025-12-05, 7:00 PM","Yes","No","No","Subscription","Studio Extended 10 Single Class Pack","1417.50","0.00"
"Studio Cardio Barre Plus","2025-12-05, 7:00 PM","Kwality House, Kemps Corner","Full Time","0.95","Anisha","Shah","","","Dimple Saglani","dimplesaglani@gmail.com","2025-12-05, 6:55 PM","Yes","No","No","Subscription","Studio 1 Month Unlimited Membership","1433.65","0.00"
"Studio Cardio Barre Plus","2025-12-05, 7:00 PM","Kwality House, Kemps Corner","Full Time","0.95","Anisha","Shah","","","Kausar Gadawala","kausarnathani@gmail.com","2025-12-05, 6:37 PM","Yes","No","No","Package","Studio Open Barre Class","0.00","0.00"
"Studio Cardio Barre Plus","2025-12-05, 7:00 PM","Kwality House, Kemps Corner","Full Time","0.95","Anisha","Shah","","","Zainab Bagsaria","zainab.retiwala@yahoo.in","2025-12-05, 6:25 PM","Yes","No","No","Package","Studio 2 Week Unlimited Membership","10.42","0.00"
"Studio Cardio Barre Plus","2025-12-05, 7:00 PM","Kwality House, Kemps Corner","Full Time","0.95","Anisha","Shah","","","Alya Mistry","alyamistry@hotmail.com","2025-12-05, 6:11 PM","Yes","No","No","Subscription","Studio 20 Single Class Pack","1500.00","0.00"
"Studio Cardio Barre Plus","2025-12-05, 7:00 PM","Kwality House, Kemps Corner","Full Time","0.95","Anisha","Shah","","","Parthiv Shah","parthiv33@hotmail.com","2025-12-05, 5:48 PM","Yes","No","No","Subscription","Studio 12 Class Package","1316.88","0.00"
"Studio Cardio Barre Plus","2025-12-05, 7:00 PM","Kwality House, Kemps Corner","Full Time","0.95","Anisha","Shah","","","Latisha Shah","latishashah@gmail.com","2025-12-05, 5:30 PM","Yes","No","No","Subscription","Studio 1 Month Unlimited Membership","1500.00","0.00"
"Studio Cardio Barre Plus","2025-12-05, 7:00 PM","Kwality House, Kemps Corner","Full Time","0.95","Anisha","Shah","","","Niyanta Datta","niyantadatta@gmail.com","2025-12-04, 10:32 AM","Yes","No","No","Subscription","Studio Annual Unlimited Membership","161.70","0.00"
"Strength Lab (Full Body)","2025-12-05, 6:00 PM","Kwality House, Kemps Corner","Full Time","1.00","Anisha","Shah","","","Sia Khandelwal","siakhandelwal95+1@gmail.com","2025-12-05, 4:50 PM","Yes","No","No","Subscription","Studio Extended 10 Single Class Pack","1417.50","0.00"
"Strength Lab (Full Body)","2025-12-05, 6:00 PM","Kwality House, Kemps Corner","Full Time","1.00","Anisha","Shah","","","Sharon Mittal","sharonjadhav95@gmail.com","2025-12-04, 10:11 PM","Yes","No","No","Subscription","Studio Annual Unlimited Membership","15.01","0.00"
"Strength Lab (Full Body)","2025-12-05, 6:00 PM","Kwality House, Kemps Corner","Full Time","1.00","Anisha","Shah","","","Yash  Sanghvi","sanghviyash@hotmail.com","2025-12-04, 4:17 PM","Yes","No","No","Subscription","Studio 6 Month Unlimited Membership","1500.00","0.00"
"Strength Lab (Full Body)","2025-12-05, 6:00 PM","Kwality House, Kemps Corner","Full Time","1.00","Anisha","Shah","","","Divya Somaiya","divyasomaiya@gmail.com","2025-12-02, 11:31 AM","Yes","No","No","Subscription","Studio 1 Month Unlimited Membership","1500.00","0.00"
"Studio Cardio Barre","2025-12-11, 11:00 AM","Supreme HQ, Bandra","Full Time","0.95","Anisha","Shah","","","Marisa Goel","marisag@gmail.com","2025-12-11, 10:54 AM","Yes","No","No","Package","Studio Single Class","1500.00","0.00"
"Studio Cardio Barre","2025-12-11, 11:00 AM","Supreme HQ, Bandra","Full Time","0.95","Anisha","Shah","","","Brinda J","brinda.jot@rediffmail.com","2025-12-10, 10:15 PM","No","No","Yes","Subscription","Studio Annual Unlimited Membership","1120.58","0.00"
"Studio Cardio Barre","2025-12-04, 11:00 AM","Supreme HQ, Bandra","Full Time","0.95","Anisha","Shah","","","Marisa Goel","marisag@gmail.com","2025-12-04, 10:49 AM","Yes","No","No","Cash","","1575.00","0.00"
"Studio Cardio Barre","2025-12-04, 11:00 AM","Supreme HQ, Bandra","Full Time","0.95","Anisha","Shah","","","Sanjam  Kini ","sanjam.sahni@gmail.com","2025-12-01, 10:06 AM","Yes","No","No","Subscription","Studio Annual Unlimited Membership","15.00","0.00"
"Studio Mat 57","2025-12-04, 9:30 AM","Supreme HQ, Bandra","Full Time","0.95","Anisha","Shah","","","Asimah Balwa","asimah.balwa@gmail.com","2025-12-04, 8:30 AM","Yes","No","No","Subscription","Studio Annual Unlimited Membership","155.76","0.00"
"Studio Mat 57","2025-12-04, 9:30 AM","Supreme HQ, Bandra","Full Time","0.95","Anisha","Shah","","","Pooja Nair","nairpooja12@gmail.com","2025-12-03, 10:43 PM","Yes","No","No","Subscription","Studio Annual Unlimited Membership","155.76","0.00"
"Studio Mat 57","2025-12-04, 9:30 AM","Supreme HQ, Bandra","Full Time","0.95","Anisha","Shah","","","Sachin Kotre","sachinmeranaam@gmail.com","2025-12-02, 5:36 PM","Yes","No","No","Subscription","Studio 3 Month Unlimited Membership","1060.46","0.00"
"Studio Mat 57","2025-12-04, 9:30 AM","Supreme HQ, Bandra","Full Time","0.95","Anisha","Shah","","","Saanya Chowkulkar","saanya.ashok@gmail.com","2025-12-02, 4:06 PM","No","No","Yes","Subscription","Studio Extended 10 Single Class Pack","1500.00","0.00"
"Studio Mat 57","2025-12-04, 9:30 AM","Supreme HQ, Bandra","Full Time","0.95","Anisha","Shah","","","Macy Dye","macydye28@yahoo.com","2025-12-01, 9:33 AM","Yes","No","No","Subscription","Barre 3 months Unlimited ","1500.00","0.00"
"Studio Mat 57","2025-12-04, 9:30 AM","Supreme HQ, Bandra","Full Time","0.95","Anisha","Shah","","","Prachi Ghadge","prachighadge1@gmail.com","2025-11-30, 11:18 PM","Yes","No","No","Subscription","Studio 3 Month Unlimited Membership","1500.00","0.00"
"Studio Mat 57","2025-12-04, 9:30 AM","Supreme HQ, Bandra","Full Time","0.95","Anisha","Shah","","","Liya  Gupta ","liyagupta@gmail.com","2025-11-28, 10:11 PM","Yes","No","No","Subscription","Studio 3 Month Unlimited Membership","1500.00","0.00"
"Studio Mat 57","2025-12-04, 9:30 AM","Supreme HQ, Bandra","Full Time","0.95","Anisha","Shah","","","Dalreen Patrao","dalreenpatrao@gmail.com","2025-11-28, 1:37 PM","Yes","No","No","Subscription","Studio 1 Month Unlimited Membership","990.12","0.00"
"Studio Mat 57","2025-12-04, 9:30 AM","Supreme HQ, Bandra","Full Time","0.95","Anisha","Shah","","","HUSNA BOOTWALLA","husnajumani93@gmail.com","2025-11-27, 3:38 PM","Yes","No","No","Subscription","Studio 6 Month Unlimited Membership","1279.95","0.00"
"Studio Mat 57","2025-12-04, 9:30 AM","Supreme HQ, Bandra","Full Time","0.95","Anisha","Shah","","","Anisha Goel","anisha.pestonji@gmail.com","2025-11-27, 3:03 PM","Yes","No","No","Subscription","Studio Annual Unlimited Membership","14.60","0.00"
"Studio Mat 57","2025-12-04, 9:30 AM","Supreme HQ, Bandra","Full Time","0.95","Anisha","Shah","","","Shona Barua","shonabarua27@gmail.com","2025-11-27, 2:35 PM","Yes","No","No","Subscription","Studio Annual Unlimited Membership","155.76","0.00"
"powerCycle","2025-12-04, 8:00 AM","Supreme HQ, Bandra","Full Time","0.83","Anisha","Shah","","","Kanchaan Kaicker ","kanchaan1991@gmail.com","2025-12-04, 7:54 AM","Yes","No","No","Subscription","Studio 3 Month Unlimited Membership","387.13","0.00"
"powerCycle","2025-12-04, 8:00 AM","Supreme HQ, Bandra","Full Time","0.83","Anisha","Shah","","","Amrita Thakur","amritathakurdesk@gmail.com","2025-12-04, 7:09 AM","Yes","No","No","Subscription","Studio 12 Class Package","1119.34","0.00"
"powerCycle","2025-12-04, 8:00 AM","Supreme HQ, Bandra","Full Time","0.83","Anisha","Shah","","","Purvi Thakkar","purvi3101@gmail.com","2025-12-03, 11:01 PM","Yes","No","No","Subscription","Studio 6 Month Unlimited Membership","1500.00","0.00"
"powerCycle","2025-12-04, 8:00 AM","Supreme HQ, Bandra","Full Time","0.83","Anisha","Shah","","","Radhika Roy","radhikaroy@gmail.com","2025-12-03, 5:28 PM","Yes","No","No","POS Machine","","1575.00","0.00"
"powerCycle","2025-12-04, 8:00 AM","Supreme HQ, Bandra","Full Time","0.83","Anisha","Shah","","","Deepti Narayanan","deeptinarayanan@hotmail.com","2025-12-03, 5:18 PM","Yes","No","No","Subscription","Studio 12 Class Package","1316.88","0.00"
"powerCycle","2025-12-04, 8:00 AM","Supreme HQ, Bandra","Full Time","0.83","Anisha","Shah","","","Rishab Roy","rishab.roy1702@gmail.com","2025-12-03, 1:09 PM","Yes","No","No","Package","Studio Single Class","1500.00","0.00"
"powerCycle","2025-12-04, 8:00 AM","Supreme HQ, Bandra","Full Time","0.83","Anisha","Shah","","","Nidhi Iyer","nidhhe@gmail.com","2025-12-03, 10:43 AM","No","No","Yes","Package","Studio 4 Class Package","1404.38","0.00"
"powerCycle","2025-12-04, 8:00 AM","Supreme HQ, Bandra","Full Time","0.83","Anisha","Shah","","","Prachi Ghadge","prachighadge1@gmail.com","2025-12-02, 10:43 PM","No","No","Yes","Subscription","Studio 3 Month Unlimited Membership","1500.00","0.00"
"powerCycle","2025-12-04, 8:00 AM","Supreme HQ, Bandra","Full Time","0.83","Anisha","Shah","","","Sanjam  Kini ","sanjam.sahni@gmail.com","2025-11-28, 9:08 AM","No","No","Yes","Subscription","Studio Annual Unlimited Membership","15.00","0.00"
"powerCycle","2025-12-04, 8:00 AM","Supreme HQ, Bandra","Full Time","0.83","Anisha","Shah","","","HUSNA BOOTWALLA","husnajumani93@gmail.com","2025-11-27, 3:38 PM","No","No","Yes","Subscription","Studio 6 Month Unlimited Membership","1279.95","0.00"
"powerCycle","2025-12-04, 8:00 AM","Supreme HQ, Bandra","Full Time","0.83","Anisha","Shah","","","Shona Barua","shonabarua27@gmail.com","2025-11-27, 2:35 PM","Yes","No","No","Subscription","Studio Annual Unlimited Membership","155.76","0.00"
"powerCycle","2025-12-04, 8:00 AM","Supreme HQ, Bandra","Full Time","0.83","Anisha","Shah","","","Dev Goel","dgoel1416@gmail.com","2025-11-27, 11:44 AM","Yes","No","No","Package","Studio Single Class","1500.00","0.00"
"powerCycle","2025-12-04, 8:00 AM","Supreme HQ, Bandra","Full Time","0.83","Anisha","Shah","","","Anisha Goel","anisha.pestonji@gmail.com","2025-11-27, 11:42 AM","Yes","No","No","Subscription","Studio Annual Unlimited Membership","14.60","0.00"
"Studio Back Body Blaze","2025-12-03, 9:00 AM","Kwality House, Kemps Corner","Full Time","0.95","Anisha","Shah","","","Priya Mehta","priyamehta2889@gmail.com","2025-12-03, 8:59 AM","Yes","No","No","Subscription","Studio 8 Class Package","1338.75","0.00"
"Studio Back Body Blaze","2025-12-03, 9:00 AM","Kwality House, Kemps Corner","Full Time","0.95","Anisha","Shah","","","Rajul davda","rajulshah1@gmail.com","2025-12-03, 8:56 AM","Yes","No","No","Subscription","Studio 12 Class Package","1128.75","0.00"
"Studio Back Body Blaze","2025-12-03, 9:00 AM","Kwality House, Kemps Corner","Full Time","0.95","Anisha","Shah","","","Shikha Velkar","shikhavelkar@gmail.com","2025-12-03, 8:49 AM","Yes","No","No","Subscription","Studio 3 Month Unlimited Membership","1500.00","0.00"
"Studio Back Body Blaze","2025-12-03, 9:00 AM","Kwality House, Kemps Corner","Full Time","0.95","Anisha","Shah","","","Preeti Ambani","preeti.ambani@gmail.com","2025-12-03, 8:18 AM","Yes","No","No","Subscription","Studio Annual Unlimited Membership","15.00","0.00"
"Studio Back Body Blaze","2025-12-03, 9:00 AM","Kwality House, Kemps Corner","Full Time","0.95","Anisha","Shah","","","Jitendra Bokadia ","jkbokadia@gmail.com","2025-12-03, 8:12 AM","Yes","No","No","Subscription","Studio Annual Unlimited Membership","161.70","0.00"
"Studio Back Body Blaze","2025-12-03, 9:00 AM","Kwality House, Kemps Corner","Full Time","0.95","Anisha","Shah","","","Poonam Agarwal","p_mukim@yahoo.com","2025-12-03, 7:58 AM","Yes","No","No","Subscription","Studio Annual Unlimited Membership","15.00","0.00"
"Studio Back Body Blaze","2025-12-03, 9:00 AM","Kwality House, Kemps Corner","Full Time","0.95","Anisha","Shah","","","Raksha Bokadia","bokadia39@gmail.com","2025-12-03, 7:50 AM","Yes","No","No","Subscription","Barre 3 months Unlimited ","623.29","0.00"
"Studio Back Body Blaze","2025-12-03, 9:00 AM","Kwality House, Kemps Corner","Full Time","0.95","Anisha","Shah","","","Bijuri Shah","bijuri@gmail.com","2025-12-03, 7:21 AM","Yes","No","No","Subscription","Studio 6 Month Unlimited Membership","1500.00","0.00"
"Studio Back Body Blaze","2025-12-03, 9:00 AM","Kwality House, Kemps Corner","Full Time","0.95","Anisha","Shah","","","Simren  Shah","shahsimren002@gmail.com","2025-12-02, 5:43 PM","Yes","No","No","Subscription","Studio 8 Class Package","1338.75","0.00"
"Studio Back Body Blaze","2025-12-03, 9:00 AM","Kwality House, Kemps Corner","Full Time","0.95","Anisha","Shah","","","Hinal Kuvadia","kuvadia.hinal@gmail.com","2025-12-01, 10:39 AM","No","No","Yes","Subscription","Studio 1 Month Unlimited Membership","887.50","0.00"
"Studio Cardio Barre","2025-12-03, 7:30 AM","Kwality House, Kemps Corner","Full Time","0.95","Anisha","Shah","","","Namita Jatia","namitajatia@gmail.com","2025-12-03, 7:28 AM","Yes","No","No","Subscription","Studio Annual Unlimited Membership","15.00","0.00"
"Studio Cardio Barre","2025-12-03, 7:30 AM","Kwality House, Kemps Corner","Full Time","0.95","Anisha","Shah","","","Kanchaan Kaicker ","kanchaan1991@gmail.com","2025-12-03, 7:23 AM","Yes","No","No","Subscription","Studio 3 Month Unlimited Membership","387.13","0.00"
"Studio Cardio Barre","2025-12-03, 7:30 AM","Kwality House, Kemps Corner","Full Time","0.95","Anisha","Shah","","","Shikhar  Garodia","shikhargarodia@gmail.com","2025-12-03, 7:18 AM","Yes","No","No","Subscription","Studio 1 Month Unlimited Membership","1500.00","0.00"
"Studio Cardio Barre","2025-12-03, 7:30 AM","Kwality House, Kemps Corner","Full Time","0.95","Anisha","Shah","","","Rachana Devidayal","rachanadevidayal@gmail.com","2025-12-03, 7:11 AM","Yes","No","No","Subscription","Studio 12 Class Package","1316.88","0.00"
"Studio Cardio Barre","2025-12-03, 7:30 AM","Kwality House, Kemps Corner","Full Time","0.95","Anisha","Shah","","","Priyanka Chokhani","priyankaa2787@gmail.com","2025-12-03, 7:03 AM","Yes","No","No","Subscription","Studio 6 Month Unlimited Membership","1361.21","0.00"
"Studio Cardio Barre","2025-12-03, 7:30 AM","Kwality House, Kemps Corner","Full Time","0.95","Anisha","Shah","","","Shona Barua","shonabarua27@gmail.com","2025-12-03, 6:59 AM","Yes","No","No","Subscription","Studio Annual Unlimited Membership","155.76","0.00"
"Studio Cardio Barre","2025-12-03, 7:30 AM","Kwality House, Kemps Corner","Full Time","0.95","Anisha","Shah","","","Saroj Javeri","saroj_821@hotmail.com","2025-12-03, 6:57 AM","Yes","No","No","Subscription","Studio Annual Unlimited Membership","155.76","0.00"
"Studio Cardio Barre","2025-12-03, 7:30 AM","Kwality House, Kemps Corner","Full Time","0.95","Anisha","Shah","","","Tina  Mistry","malcolmtina@gmail.com","2025-12-03, 6:39 AM","Yes","No","No","Subscription","Studio 6 Month Unlimited Membership","539.35","0.00"
"Studio Cardio Barre","2025-12-03, 7:30 AM","Kwality House, Kemps Corner","Full Time","0.95","Anisha","Shah","","","Bijuri Shah","bijuri@gmail.com","2025-12-02, 3:40 PM","No","No","Yes","Subscription","Studio 6 Month Unlimited Membership","1500.00","0.00"
"Studio Cardio Barre","2025-12-03, 7:30 AM","Kwality House, Kemps Corner","Full Time","0.95","Anisha","Shah","","","Aashna Mansharamani","aashnamansharamani@gmail.com","2025-12-01, 8:35 PM","Yes","No","No","Subscription","Barre 3 months Unlimited ","1350.79","0.00"
"Studio Cardio Barre","2025-12-03, 7:30 AM","Kwality House, Kemps Corner","Full Time","0.95","Anisha","Shah","","","Hena Kapadia","hena88+1@gmail.com","2025-12-01, 2:43 PM","Yes","No","No","Subscription","Studio 1 Month Unlimited Membership","1433.65","0.00"
"Studio FIT","2025-12-02, 7:15 PM","Kwality House, Kemps Corner","Full Time","0.92","Anisha","Shah","","","Amruta Patil","amrutavpatil@gmail.com","2025-12-02, 7:12 PM","Yes","No","No","Subscription","Studio Annual Unlimited Membership","14.07","0.00"
"Studio FIT","2025-12-02, 7:15 PM","Kwality House, Kemps Corner","Full Time","0.92","Anisha","Shah","","","Zya Fernandes","zyafernandesss1239@gmail.com","2025-12-02, 6:56 PM","Yes","No","No","Subscription","Studio 1 Month Unlimited Membership","596.40","0.00"
"Studio FIT","2025-12-02, 7:15 PM","Kwality House, Kemps Corner","Full Time","0.92","Anisha","Shah","","","Divya Bhurangi","dbhurangi04@gmail.com","2025-12-02, 6:45 PM","Yes","No","No","Subscription","Studio 1 Month Unlimited Membership","1065.00","0.00"
"Studio FIT","2025-12-02, 7:15 PM","Kwality House, Kemps Corner","Full Time","0.92","Anisha","Shah","","","Saarah Adenwala","saarahadenwala@gmail.com","2025-12-02, 5:56 PM","Yes","No","No","Subscription","Studio 3 Month Unlimited Membership","718.62","0.00"
"Studio FIT","2025-12-02, 7:15 PM","Kwality House, Kemps Corner","Full Time","0.92","Anisha","Shah","","","Anahita Khanna","anahitakhanna9@gmail.com","2025-12-02, 5:42 PM","Yes","No","No","Subscription","Studio 3 Month Unlimited Membership","1500.00","0.00"
"Studio FIT","2025-12-02, 7:15 PM","Kwality House, Kemps Corner","Full Time","0.92","Anisha","Shah","","","Aashna Mansharamani","aashnamansharamani@gmail.com","2025-12-01, 8:34 PM","Yes","No","No","Subscription","Barre 3 months Unlimited ","1350.79","0.00"
"Studio FIT","2025-12-02, 7:15 PM","Kwality House, Kemps Corner","Full Time","0.92","Anisha","Shah","","","Rida Sopariwala","ridasopariwala@gmail.com","2025-12-01, 7:45 PM","Yes","No","No","Subscription","Barre 1 month Unlimited ","1500.00","0.00"
"Strength Lab (Pull) ","2025-12-02, 6:00 PM","Kwality House, Kemps Corner","Full Time","1.00","Anisha","Shah","","","Nitika Gupta","nitika0059@gmail.com","2025-12-03, 7:12 AM","Yes","No","No","Subscription","Studio Annual Unlimited Membership","15.01","0.00"
"Strength Lab (Pull) ","2025-12-02, 6:00 PM","Kwality House, Kemps Corner","Full Time","1.00","Anisha","Shah","","","Aliasgar  Nalwala","ali@asmaco.com","2025-12-02, 12:56 PM","Yes","No","No","Subscription","Studio 6 Month Unlimited Membership","477.59","0.00"
"Strength Lab (Pull) ","2025-12-02, 6:00 PM","Kwality House, Kemps Corner","Full Time","1.00","Anisha","Shah","","","Dhanshri Merchant","dhanshri.merchant@gmail.com","2025-12-02, 12:13 PM","Yes","No","No","Subscription","Studio 3 Month Unlimited Membership","898.28","0.00"
"Strength Lab (Pull) ","2025-12-02, 6:00 PM","Kwality House, Kemps Corner","Full Time","1.00","Anisha","Shah","","","Yash  Sanghvi","sanghviyash@hotmail.com","2025-11-30, 12:29 PM","Yes","No","No","Subscription","Studio 6 Month Unlimited Membership","1500.00","0.00"
"Studio Mat 57","2025-12-01, 8:30 AM","Kwality House, Kemps Corner","Full Time","0.95","Anisha","Shah","","","Urvi Kothari","urvikothari3@gmail.com","2025-12-01, 8:38 AM","Yes","No","No","Subscription","Studio 6 Month Unlimited Membership","339.13","0.00"
"Studio Mat 57","2025-12-01, 8:30 AM","Kwality House, Kemps Corner","Full Time","0.95","Anisha","Shah","","","Ayesha Mansukhani","ayesha.mansukhani@gmail.com","2025-12-01, 8:27 AM","Yes","No","No","Subscription","Studio Annual Unlimited Membership","14.07","0.00"
"Studio Mat 57","2025-12-01, 8:30 AM","Kwality House, Kemps Corner","Full Time","0.95","Anisha","Shah","","","Rajul davda","rajulshah1@gmail.com","2025-12-01, 8:19 AM","Yes","No","No","Subscription","Studio 12 Class Package","1128.75","0.00"
"Studio Mat 57","2025-12-01, 8:30 AM","Kwality House, Kemps Corner","Full Time","0.95","Anisha","Shah","","","Poonam Agarwal","p_mukim@yahoo.com","2025-12-01, 8:16 AM","Yes","No","No","Subscription","Studio Annual Unlimited Membership","15.00","0.00"
"Studio Mat 57","2025-12-01, 8:30 AM","Kwality House, Kemps Corner","Full Time","0.95","Anisha","Shah","","","Shikhar  Garodia","shikhargarodia@gmail.com","2025-12-01, 6:32 AM","Yes","No","No","Subscription","Studio 1 Month Unlimited Membership","838.69","0.00"
"Studio Mat 57","2025-12-01, 8:30 AM","Kwality House, Kemps Corner","Full Time","0.95","Anisha","Shah","","","Shikha Velkar","shikhavelkar@gmail.com","2025-12-01, 1:53 AM","Yes","No","No","Subscription","Studio 3 Month Unlimited Membership","1500.00","0.00"
"Studio Mat 57","2025-12-01, 8:30 AM","Kwality House, Kemps Corner","Full Time","0.95","Anisha","Shah","","","Surabhi Agrawal","surabhi.gini@gmail.com","2025-11-30, 11:57 PM","No","No","Yes","Subscription","Studio 6 Month Unlimited Membership","1500.00","0.00"
"Studio Mat 57","2025-12-01, 8:30 AM","Kwality House, Kemps Corner","Full Time","0.95","Anisha","Shah","","","Namha Adukia","namhaadukia@gmail.com","2025-11-30, 9:14 PM","Yes","No","No","Subscription","Studio 3 Month Unlimited Membership","1500.00","0.00"
"Studio Mat 57","2025-12-01, 8:30 AM","Kwality House, Kemps Corner","Full Time","0.95","Anisha","Shah","","","Bijuri Shah","bijuri@gmail.com","2025-11-30, 9:13 PM","No","No","Yes","Subscription","Studio 6 Month Unlimited Membership","1500.00","0.00"
"Studio Mat 57","2025-12-01, 8:30 AM","Kwality House, Kemps Corner","Full Time","0.95","Anisha","Shah","","","Sanna Balsari","s.linnea7@gmail.com","2025-11-25, 10:06 AM","Yes","No","No","Package","Studio 2 Week Unlimited Membership","10.42","0.00"
"Strength Lab (Pull) ","2025-12-01, 7:15 AM","Kwality House, Kemps Corner","Full Time","1.00","Anisha","Shah","","","Preeti Ambani","preeti.ambani@gmail.com","2025-11-30, 5:36 PM","No","No","Yes","Subscription","Studio Annual Unlimited Membership","15.00","0.00"
"Strength Lab (Pull) ","2025-12-01, 7:15 AM","Kwality House, Kemps Corner","Full Time","1.00","Anisha","Shah","","","Tina  Mistry","malcolmtina@gmail.com","2025-11-30, 5:11 PM","Yes","No","No","Subscription","Studio 6 Month Unlimited Membership","539.35","0.00"
"Strength Lab (Pull) ","2025-12-01, 7:15 AM","Kwality House, Kemps Corner","Full Time","1.00","Anisha","Shah","","","Simran Shahani","simran_shahani@icloud.com","2025-11-29, 10:30 PM","Yes","No","No","Subscription","Studio 3 Month Unlimited Membership","1500.00","0.00"
"Strength Lab (Pull) ","2025-12-01, 7:15 AM","Kwality House, Kemps Corner","Full Time","1.00","Anisha","Shah","","","Sharon Mittal","sharonjadhav95@gmail.com","2025-11-29, 8:25 PM","No","No","Yes","Subscription","Studio Annual Unlimited Membership","15.01","0.00"
"Strength Lab (Pull) ","2025-12-01, 7:15 AM","Kwality House, Kemps Corner","Full Time","1.00","Anisha","Shah","","","Nandini Kothari","nandini1998@hotmail.com","2025-11-26, 8:29 PM","Yes","No","No","Subscription","Studio Annual Unlimited Membership","155.75","0.00"