"Class Name","Class Date","Location","Payrate","Total Revenue","Base Payout","Additional Payout","Total Payout","Tip","Participants","Checked in","Comps","Checked In Comps","Late Cancellations","Non Paid Customers","Time (h)","Instructor First Name","Instructor Last Name","Employee Code","Payrate Code"
"Strength Lab (Pull) ","2025-12-18, 9:00 AM","Kwality House, Kemps Corner","Full Time","0.00","0.00","0.00","0.00","0.00","0","0","0","0","0","0","1.00","Mrigakshi","Jaiswal","",""
"Studio Mat 57 Express","2025-12-18, 7:30 AM","Kwality House, Kemps Corner","Full Time","0.00","0.00","0.00","0.00","0.00","0","0","0","0","0","0","0.75","Mrigakshi","Jaiswal","",""
"Studio Back Body Blaze Express","2025-12-17, 7:15 PM","Supreme HQ, Bandra","Full Time","0.00","0.00","0.00","0.00","0.00","0","0","0","0","0","0","0.95","Mrigakshi","Jaiswal","",""
"powerCycle ( Concert Energy )","2025-12-17, 6:00 PM","Supreme HQ, Bandra","Full Time","0.00","0.00","0.00","0.00","0.00","0","0","0","0","0","0","0.83","Mrigakshi","Jaiswal","",""
"Studio Back Body Blaze","2025-12-16, 11:00 AM","Supreme HQ, Bandra","Full Time","1120.58","0.00","0.00","0.00","0.00","1","0","0","0","0","0","0.95","Mrigakshi","Jaiswal","",""
"Studio FIT","2025-12-16, 9:30 AM","Supreme HQ, Bandra","Full Time","5504.06","0.00","0.00","0.00","0.00","10","0","0","0","0","0","0.92","Mrigakshi","Jaiswal","",""
"Studio FIT","2025-12-15, 7:30 PM","Supreme HQ, Bandra","Full Time","507.33","0.00","0.00","0.00","0.00","1","0","0","0","0","0","1.00","Mrigakshi","Jaiswal","",""
"Studio Barre 57","2025-12-15, 6:15 PM","Supreme HQ, Bandra","Full Time","0.00","0.00","0.00","0.00","0.00","2","0","0","0","0","2","0.95","Mrigakshi","Jaiswal","",""
"Strength Lab (Full Body)","2025-12-12, 11:00 AM","Kwality House, Kemps Corner","Full Time","635.23","0.00","0.00","0.00","0.00","1","0","0","0","0","0","1.00","Mrigakshi","Jaiswal","",""
"Studio FIT ( SUPER SETS )","2025-12-12, 9:00 AM","Kwality House, Kemps Corner","Full Time","4127.67","0.00","0.00","0.00","0.00","3","0","0","0","0","0","0.95","Mrigakshi","Jaiswal","",""
"Studio Back Body Blaze Express","2025-12-12, 7:30 AM","Kwality House, Kemps Corner","Full Time","1514.07","0.00","0.00","0.00","0.00","2","0","0","0","0","0","0.75","Mrigakshi","Jaiswal","",""
"Strength Lab (Pull) ","2025-12-11, 9:00 AM","Kwality House, Kemps Corner","Full Time","9059.92","0.00","0.00","0.00","0.00","8","7","0","0","1","0","1.00","Mrigakshi","Jaiswal","",""
"Studio Mat 57 Express","2025-12-11, 7:30 AM","Kwality House, Kemps Corner","Full Time","10680.17","0.00","0.00","0.00","0.00","11","10","0","0","1","0","0.75","Mrigakshi","Jaiswal","",""
"Studio Back Body Blaze Express","2025-12-10, 7:15 PM","Supreme HQ, Bandra","Full Time","11795.91","0.00","0.00","0.00","0.00","9","8","0","0","1","0","0.95","Mrigakshi","Jaiswal","",""
"powerCycle","2025-12-10, 6:00 PM","Supreme HQ, Bandra","Full Time","0.00","0.00","0.00","0.00","0.00","0","0","0","0","0","0","0.83","Mrigakshi","Jaiswal","",""
"Studio Back Body Blaze","2025-12-02, 11:00 AM","Supreme HQ, Bandra","Full Time","1241.29","0.00","0.00","0.00","0.00","2","2","0","0","0","0","0.95","Mrigakshi","Jaiswal","",""
"Studio FIT","2025-12-02, 9:30 AM","Supreme HQ, Bandra","Full Time","6351.97","0.00","0.00","0.00","0.00","10","10","0","0","0","0","0.92","Mrigakshi","Jaiswal","",""
"Studio FIT","2025-12-01, 7:30 PM","Supreme HQ, Bandra","Full Time","9290.32","0.00","0.00","0.00","0.00","8","7","0","0","1","0","1.00","Mrigakshi","Jaiswal","",""
"Studio Barre 57","2025-12-01, 6:15 PM","Supreme HQ, Bandra","Full Time","7363.54","0.00","0.00","0.00","0.00","8","8","0","0","0","1","0.95","Mrigakshi","Jaiswal","",""