"Class Name","Class Date","Location","Payrate","Total Revenue","Base Payout","Additional Payout","Total Payout","Tip","Participants","Checked in","Comps","Checked In Comps","Late Cancellations","Non Paid Customers","Time (h)","Instructor First Name","Instructor Last Name","Employee Code","Payrate Code"
"Studio Cardio Barre","2025-12-17, 10:15 AM","Supreme HQ, Bandra","Junior Trainer","0.00","1250.00","0.00","1250.00","0.00","0","0","0","0","0","0","0.95","Simran","Dutt","",""
"Studio Barre 57","2025-12-17, 9:00 AM","Supreme HQ, Bandra","Junior Trainer","0.00","1250.00","0.00","1250.00","0.00","0","0","0","0","0","0","0.95","Simran","Dutt","",""
"Studio Barre 57","2025-12-15, 11:30 AM","Supreme HQ, Bandra","Junior Trainer","1120.58","1250.00","0.00","1250.00","0.00","1","0","0","0","0","0","0.95","Simran","Dutt","",""
"Studio Barre 57","2025-12-15, 9:45 AM","Supreme HQ, Bandra","Junior Trainer","1777.62","1250.00","0.00","1250.00","0.00","2","0","0","0","0","0","0.95","Simran","Dutt","",""
"Studio Mat 57","2025-12-14, 5:15 PM","Kwality House, Kemps Corner","Junior Trainer","1500.00","1250.00","0.00","1250.00","0.00","1","0","0","0","0","0","0.95","Simran","Dutt","",""
"Studio Barre 57","2025-12-14, 4:00 PM","Kwality House, Kemps Corner","Junior Trainer","0.00","1250.00","0.00","1250.00","0.00","0","0","0","0","0","0","1.00","Simran","Dutt","",""
"Studio Barre 57","2025-12-13, 5:30 PM","Kwality House, Kemps Corner","Junior Trainer","0.00","1250.00","0.00","1250.00","0.00","0","0","0","0","0","0","0.95","Simran","Dutt","",""
"Studio Cardio Barre Express","2025-12-13, 4:30 PM","Kwality House, Kemps Corner","Junior Trainer","0.00","1250.00","0.00","1250.00","0.00","0","0","0","0","0","0","0.75","Simran","Dutt","",""
"Studio Cardio Barre","2025-12-10, 10:15 AM","Supreme HQ, Bandra","Junior Trainer","0.00","1250.00","0.00","1250.00","0.00","0","0","0","0","0","0","0.95","Simran","Dutt","",""
"Studio Barre 57","2025-12-10, 9:00 AM","Supreme HQ, Bandra","Junior Trainer","4118.84","1250.00","0.00","1250.00","0.00","3","2","0","0","1","0","0.95","Simran","Dutt","",""
"Studio Barre 57","2025-12-08, 11:30 AM","Supreme HQ, Bandra","Junior Trainer","3509.30","1250.00","0.00","1250.00","0.00","3","3","0","0","0","0","0.95","Simran","Dutt","",""
"Studio Mat 57","2025-12-07, 5:15 PM","Kwality House, Kemps Corner","Junior Trainer","5249.24","1250.00","0.00","1250.00","0.00","4","3","0","0","1","0","0.95","Simran","Dutt","",""
"Studio Barre 57","2025-12-07, 4:00 PM","Kwality House, Kemps Corner","Junior Trainer","5927.92","1250.00","0.00","1250.00","0.00","5","4","0","0","1","0","1.00","Simran","Dutt","",""
"Studio Barre 57","2025-12-06, 5:30 PM","Kwality House, Kemps Corner","Junior Trainer","6089.60","1250.00","0.00","1250.00","0.00","5","5","0","0","0","0","0.95","Simran","Dutt","",""
"Studio Cardio Barre Express","2025-12-06, 4:30 PM","Kwality House, Kemps Corner","Junior Trainer","2727.43","1250.00","0.00","1250.00","0.00","2","1","0","0","1","0","0.75","Simran","Dutt","",""
"Studio Cardio Barre","2025-12-05, 11:15 AM","Kwality House, Kemps Corner","Junior Trainer","1679.87","1250.00","0.00","1250.00","0.00","5","5","0","0","0","0","1.00","Simran","Dutt","",""
"Studio Barre 57","2025-12-05, 8:30 AM","Kwality House, Kemps Corner","Junior Trainer","6671.23","1250.00","0.00","1250.00","0.00","8","6","0","0","1","2","0.95","Simran","Dutt","",""
"Studio Barre 57","2025-12-04, 7:15 PM","Kwality House, Kemps Corner","Junior Trainer","6870.04","1250.00","0.00","1250.00","0.00","7","7","0","0","0","0","0.95","Simran","Dutt","",""
"Studio Barre 57","2025-12-08, 9:45 AM","Supreme HQ, Bandra","Junior Trainer","1500.00","1250.00","0.00","1250.00","0.00","1","1","0","0","0","0","0.95","Simran","Dutt","",""
"Studio Barre 57","2025-12-01, 9:45 AM","Supreme HQ, Bandra","Junior Trainer","1843.63","1250.00","0.00","1250.00","0.00","2","2","0","0","0","0","0.95","Simran","Dutt","",""
"Studio Barre 57","2025-12-03, 7:00 PM","Kwality House, Kemps Corner","Junior Trainer","11524.90","1250.00","0.00","1250.00","0.00","11","10","0","0","1","1","0.95","Simran","Dutt","",""
"Studio Barre 57","2025-12-03, 5:45 PM","Kwality House, Kemps Corner","Junior Trainer","1510.42","1250.00","0.00","1250.00","0.00","2","2","0","0","0","0","0.95","Simran","Dutt","",""
"Studio Barre 57","2025-12-01, 11:30 AM","Supreme HQ, Bandra","Junior Trainer","2941.99","1250.00","0.00","1250.00","0.00","3","3","0","0","0","0","0.95","Simran","Dutt","",""