"Class Name","Class Date","Location","Payrate","Time (h)","Instructor First Name","Instructor Last Name","Employee Code","Payrate Code","Customer Name","Customer Email","Sale Date","Checked in","Checked in","Late Cancelled","Payment Method","Payment Method Name","Paid","Instructor Payout"
"powerCycle ( Only Legends )","2025-12-10, 10:30 AM","Supreme HQ, Bandra","Junior Trainer","0.83","Raunak","Khemuka","","","Anahat Singh ","anahatnandinisingh@gmail.com","2025-12-10, 12:43 AM","Yes","No","No","Subscription","Studio 1 Month Unlimited Membership","1433.65","0.00"
"powerCycle Express ( Only Legends )","2025-12-09, 7:15 PM","Supreme HQ, Bandra","Junior Trainer","0.67","Raunak","Khemuka","","","Jiyaa Kalra","kalrajiyaa@gmail.com","2025-12-09, 7:09 PM","Yes","No","No","Subscription","Studio 6 Month Unlimited Membership","1500.00","0.00"
"powerCycle Express ( Only Legends )","2025-12-09, 7:15 PM","Supreme HQ, Bandra","Junior Trainer","0.67","Raunak","Khemuka","","","Aditya Sinha","sinha.aditya1@gmail.com","2025-12-09, 6:47 PM","Yes","No","No","Package","Studio 2 Week Unlimited Membership","10.42","0.00"
"powerCycle Express ( Only Legends )","2025-12-09, 7:15 PM","Supreme HQ, Bandra","Junior Trainer","0.67","Raunak","Khemuka","","","Sharan Shrivastava","sharan.shrivastava@hotmail.com","2025-12-08, 11:54 PM","Yes","No","No","Subscription","Studio 12 Class Package","1128.75","0.00"
"powerCycle Express ( Only Legends )","2025-12-09, 7:15 PM","Supreme HQ, Bandra","Junior Trainer","0.67","Raunak","Khemuka","","","Priyanka  Kauntia","priyankakauntia@hotmail.com","2025-12-08, 8:35 PM","Yes","No","No","Subscription","Studio 1 Month Unlimited Membership","897.64","0.00"
"powerCycle Express ( Only Legends )","2025-12-09, 7:15 PM","Supreme HQ, Bandra","Junior Trainer","0.67","Raunak","Khemuka","","","Smita  Rodrigues Nath","rodrigues.smita@gmail.com","2025-12-05, 5:44 PM","Yes","No","No","Subscription","Studio 3 Month Unlimited Membership","1500.00","0.00"
"powerCycle","2025-12-09, 6:00 PM","Supreme HQ, Bandra","Junior Trainer","0.83","Raunak","Khemuka","","","Lalita  Jagtiani","ljagtiani@hotmail.com","2025-12-09, 2:16 PM","Yes","No","No","Subscription","Studio 12 Class Package","1119.34","0.00"
"powerCycle","2025-12-09, 6:00 PM","Supreme HQ, Bandra","Junior Trainer","0.83","Raunak","Khemuka","","","Sanjam  Kini ","sanjam.sahni@gmail.com","2025-12-09, 12:10 PM","No","No","Yes","Subscription","Studio Annual Unlimited Membership","15.00","0.00"
"powerCycle","2025-12-09, 6:00 PM","Supreme HQ, Bandra","Junior Trainer","0.83","Raunak","Khemuka","","","Archana  Iyer","archana.archie19@gmail.com","2025-12-08, 1:25 PM","Yes","No","No","Subscription","Studio 1 Month Unlimited Membership","1500.00","0.00"
"powerCycle","2025-12-07, 10:00 AM","Kwality House, Kemps Corner","Junior Trainer","0.83","Raunak","Khemuka","","","Tina  Mistry","malcolmtina@gmail.com","2025-12-07, 9:42 AM","Yes","No","No","Subscription","Studio 6 Month Unlimited Membership","539.35","0.00"
"powerCycle","2025-12-07, 10:00 AM","Kwality House, Kemps Corner","Junior Trainer","0.83","Raunak","Khemuka","","","Farah Bandukwalla","farah.bandukwalla@gmail.com","2025-12-07, 9:37 AM","Yes","No","No","Subscription","Studio 6 Month Unlimited Membership","1500.00","0.00"
"powerCycle","2025-12-07, 10:00 AM","Kwality House, Kemps Corner","Junior Trainer","0.83","Raunak","Khemuka","","","Malcolm Mistry","malcolm@ushtate.com","2025-12-07, 9:36 AM","Yes","No","No","Subscription","Studio 6 Month Unlimited Membership","1500.00","0.00"
"powerCycle","2025-12-07, 10:00 AM","Kwality House, Kemps Corner","Junior Trainer","0.83","Raunak","Khemuka","","","Sabiha Ghiasi ","sabiha.ghiasi@gmail.com","2025-12-07, 9:18 AM","Yes","No","No","Subscription","Studio Annual Unlimited Membership","75.05","0.00"
"powerCycle","2025-12-07, 10:00 AM","Kwality House, Kemps Corner","Junior Trainer","0.83","Raunak","Khemuka","","","Dhanshri Merchant","dhanshri.merchant@gmail.com","2025-12-04, 5:34 PM","Yes","No","No","Subscription","Studio 3 Month Unlimited Membership","898.28","0.00"
"powerCycle ( Rock vs Techno )","2025-12-05, 8:00 AM","Supreme HQ, Bandra","Junior Trainer","0.83","Raunak","Khemuka","","","Sneha  Taurani ","sneha@tips.in","2025-12-04, 6:21 PM","Yes","No","No","Subscription","Studio Extended 10 Single Class Pack","1500.00","0.00"
"powerCycle ( Rock vs Techno )","2025-12-05, 8:00 AM","Supreme HQ, Bandra","Junior Trainer","0.83","Raunak","Khemuka","","","Anuraag  Bhosale","bhosale.anuraag@gmail.com","2025-12-04, 10:57 AM","Yes","No","No","UPI","","1575.00","0.00"
"powerCycle","2025-12-04, 7:15 PM","Kwality House, Kemps Corner","Junior Trainer","0.83","Raunak","Khemuka","","","Sumedha Lal","lalsumedha1998@gmail.com","2025-12-02, 5:46 PM","Yes","No","No","Subscription","Studio 1 Month Unlimited Membership","1500.00","0.00"
"powerCycle","2025-12-04, 5:45 PM","Kwality House, Kemps Corner","Junior Trainer","0.83","Raunak","Khemuka","","","Saarah Adenwala","saarahadenwala@gmail.com","2025-12-04, 4:59 PM","Yes","No","No","Subscription","Studio 3 Month Unlimited Membership","718.62","0.00"
"powerCycle","2025-12-04, 5:45 PM","Kwality House, Kemps Corner","Junior Trainer","0.83","Raunak","Khemuka","","","Angkana Sanghavi","angkana95@gmail.com","2025-12-04, 4:31 PM","Yes","No","No","UPI","","1575.00","0.00"
"powerCycle","2025-12-04, 5:45 PM","Kwality House, Kemps Corner","Junior Trainer","0.83","Raunak","Khemuka","","","Ekta Maru","m.ekta90@gmail.com","2025-12-04, 4:20 PM","Yes","No","No","Package","Studio 2 Week Unlimited Membership","10.42","0.00"
"powerCycle","2025-12-04, 5:45 PM","Kwality House, Kemps Corner","Junior Trainer","0.83","Raunak","Khemuka","","","Mahika Thakur","mrt368@nyu.edu","2025-12-04, 3:35 PM","Yes","No","No","Subscription","Studio Annual Unlimited Membership","155.76","0.00"
"powerCycle","2025-12-04, 5:45 PM","Kwality House, Kemps Corner","Junior Trainer","0.83","Raunak","Khemuka","","","Avantika Goenka","avantikagoenka94@gmail.com","2025-12-04, 3:06 PM","No","No","Yes","Subscription","Studio 8 Class Package","1338.75","0.00"
"powerCycle","2025-12-04, 5:45 PM","Kwality House, Kemps Corner","Junior Trainer","0.83","Raunak","Khemuka","","","Parul  Shah ","parulshah0205@gmail.com","2025-12-04, 1:33 PM","Yes","No","No","Subscription","Studio 3 Month Unlimited Membership","1500.00","0.00"
"powerCycle","2025-12-04, 5:45 PM","Kwality House, Kemps Corner","Junior Trainer","0.83","Raunak","Khemuka","","","Avanti Maluste","avanti.maluste@gmail.com","2025-12-04, 8:28 AM","Yes","No","No","UPI","","1575.00","0.00"
"powerCycle","2025-12-03, 10:30 AM","Supreme HQ, Bandra","Junior Trainer","0.83","Raunak","Khemuka","","","Irina Decamillo","irina.decamillo@gmail.com","2025-12-03, 12:25 PM","Yes","No","No","Subscription","Studio 12 Class Package","1185.19","0.00"
"powerCycle","2025-12-03, 10:30 AM","Supreme HQ, Bandra","Junior Trainer","0.83","Raunak","Khemuka","","","Reyna Jagtiani","reyna@twaincommunications.com","2025-12-03, 10:46 AM","Yes","No","No","Package","Studio Staff/Family Class","0.00","0.00"
"powerCycle","2025-12-03, 10:30 AM","Supreme HQ, Bandra","Junior Trainer","0.83","Raunak","Khemuka","","","Anahat Singh ","anahatnandinisingh@gmail.com","2025-12-02, 8:55 PM","Yes","No","No","Subscription","Studio 1 Month Unlimited Membership","1433.65","0.00"
"powerCycle","2025-12-01, 10:00 AM","Supreme HQ, Bandra","Junior Trainer","0.83","Raunak","Khemuka","","","Anahat Singh ","anahatnandinisingh@gmail.com","2025-12-01, 9:41 AM","Yes","No","No","Subscription","Studio 1 Month Unlimited Membership","601.21","0.00"
"powerCycle","2025-12-01, 10:00 AM","Supreme HQ, Bandra","Junior Trainer","0.83","Raunak","Khemuka","","","Nicole Passendji","nicole.passendji@gmail.com","2025-11-30, 6:32 PM","Yes","No","No","Subscription","Studio 12 Class Package","1119.34","0.00"
"powerCycle","2025-12-01, 10:00 AM","Supreme HQ, Bandra","Junior Trainer","0.83","Raunak","Khemuka","","","Anisha Merchant","anisha.merchant@gmail.com","2025-11-28, 5:21 PM","Yes","No","No","Subscription","Studio 12 Class Package","1119.34","0.00"
"powerCycle","2025-12-01, 8:45 AM","Supreme HQ, Bandra","Junior Trainer","0.83","Raunak","Khemuka","","","Khyati Motwani","khyatimotwani14@gmail.com","2025-11-30, 3:19 PM","No","No","Yes","Package","Newcomers 2 For 1","787.50","0.00"
"powerCycle","2025-12-01, 8:45 AM","Supreme HQ, Bandra","Junior Trainer","0.83","Raunak","Khemuka","","","Sneha  Taurani ","sneha@tips.in","2025-11-30, 1:35 PM","Yes","No","No","Subscription","Studio Extended 10 Single Class Pack","1500.00","0.00"
"powerCycle","2025-12-01, 8:45 AM","Supreme HQ, Bandra","Junior Trainer","0.83","Raunak","Khemuka","","","Nidhi Iyer","nidhhe@gmail.com","2025-11-30, 8:38 AM","No","No","Yes","Package","Studio 4 Class Package","1404.38","0.00"