"Class Name","Class Date","Location","Payrate","Time (h)","Instructor First Name","Instructor Last Name","Employee Code","Payrate Code","Customer Name","Customer Email","Sale Date","Checked in","Checked in","Late Cancelled","Payment Method","Payment Method Name","Paid","Instructor Payout"
"powerCycle","2025-12-10, 10:00 AM","Kwality House, Kemps Corner","Junior Trainer","0.83","Anmol","Sharma","","","Maithili Raut","maithili.raut@gmail.com","2025-12-10, 9:43 AM","Yes","No","No","Subscription","Studio Annual Unlimited Membership","155.76","0.00"
"powerCycle","2025-12-10, 10:00 AM","Kwality House, Kemps Corner","Junior Trainer","0.83","Anmol","Sharma","","","Ekta Maru","m.ekta90@gmail.com","2025-12-10, 9:40 AM","Yes","No","No","Package","Studio 2 Week Unlimited Membership","10.42","0.00"
"powerCycle","2025-12-10, 10:00 AM","Kwality House, Kemps Corner","Junior Trainer","0.83","Anmol","Sharma","","","Asimah Balwa","asimah.balwa@gmail.com","2025-12-10, 9:34 AM","Yes","No","No","Subscription","Studio Annual Unlimited Membership","155.76","0.00"
"powerCycle","2025-12-10, 10:00 AM","Kwality House, Kemps Corner","Junior Trainer","0.83","Anmol","Sharma","","","Madhu Kampani","madhukampani@gmail.com","2025-12-09, 9:57 PM","No","No","Yes","Subscription","Studio 12 Class Package","1316.88","0.00"
"powerCycle","2025-12-10, 10:00 AM","Kwality House, Kemps Corner","Junior Trainer","0.83","Anmol","Sharma","","","Nikita Pacheriwal","ntodi@hotmail.com","2025-12-09, 2:21 PM","Yes","No","No","Subscription","Studio 3 Month Unlimited Membership","1500.00","0.00"
"powerCycle","2025-12-10, 10:00 AM","Kwality House, Kemps Corner","Junior Trainer","0.83","Anmol","Sharma","","","Reena  Chhabra","reenachh@gmail.com","2025-12-07, 9:43 AM","Yes","No","No","Subscription","Studio 6 Month Unlimited Membership","635.23","0.00"
"powerCycle","2025-12-10, 10:00 AM","Kwality House, Kemps Corner","Junior Trainer","0.83","Anmol","Sharma","","","Alec Sharp","asharp777@yahoo.com","2025-12-05, 8:56 AM","Yes","No","No","Package","Studio 4 Class Package","1404.38","0.00"
"powerCycle","2025-12-03, 10:00 AM","Kwality House, Kemps Corner","Junior Trainer","0.83","Anmol","Sharma","","","Ilya Hora","hora.ilya@gmail.com","2025-12-03, 11:18 AM","Yes","No","No","UPI","","1575.00","0.00"
"powerCycle","2025-12-03, 10:00 AM","Kwality House, Kemps Corner","Junior Trainer","0.83","Anmol","Sharma","","","Anu Patel","anu.patel91@gmail.com","2025-12-03, 9:23 AM","Yes","No","No","Subscription","Studio 3 Month Unlimited Membership","1500.00","0.00"
"powerCycle","2025-12-03, 10:00 AM","Kwality House, Kemps Corner","Junior Trainer","0.83","Anmol","Sharma","","","Gayatri  B","gayatri9bajaj@gmail.com","2025-12-02, 11:09 AM","Yes","No","No","Subscription","Studio Extended 10 Single Class Pack","1500.00","0.00"
"powerCycle","2025-12-03, 10:00 AM","Kwality House, Kemps Corner","Junior Trainer","0.83","Anmol","Sharma","","","Anjie Kakar","anjiekakar@gmail.com","2025-11-29, 7:39 PM","Yes","No","No","Subscription","Studio 12 Class Package","1128.75","0.00"
"powerCycle","2025-12-03, 10:00 AM","Kwality House, Kemps Corner","Junior Trainer","0.83","Anmol","Sharma","","","Reena  Chhabra","reenachh@gmail.com","2025-11-29, 7:05 AM","Yes","No","No","Subscription","Studio 6 Month Unlimited Membership","635.23","0.00"
"powerCycle","2025-12-03, 10:00 AM","Kwality House, Kemps Corner","Junior Trainer","0.83","Anmol","Sharma","","","Anisha Merchant","anisha.merchant@gmail.com","2025-11-28, 5:22 PM","Yes","No","No","Subscription","Studio 12 Class Package","1119.34","0.00"
"powerCycle","2025-12-15, 6:00 PM","Kwality House, Kemps Corner","Junior Trainer","0.83","Anmol","Sharma","","","Yash  Sanghvi","sanghviyash@hotmail.com","2025-12-11, 12:23 PM","No","No","No","Subscription","Studio 6 Month Unlimited Membership","1500.00","0.00"
"powerCycle","2025-12-15, 6:00 PM","Kwality House, Kemps Corner","Junior Trainer","0.83","Anmol","Sharma","","","Nida Patel","nidapatel1997@gmail.com","2025-12-09, 6:55 PM","No","No","No","Package","Newcomers 2 For 1","787.50","0.00"
"powerCycle","2025-12-11, 7:15 PM","Supreme HQ, Bandra","Junior Trainer","0.83","Anmol","Sharma","","","Pooja Gururaj","pooja21guru@gmail.com","2025-12-09, 2:39 AM","No","No","No","Subscription","Studio 3 Month Unlimited Membership","1500.00","0.00"
"powerCycle  ( PolyJAMourous )","2025-12-11, 6:00 PM","Supreme HQ, Bandra","Junior Trainer","0.83","Anmol","Sharma","","","Nidhi Iyer","nidhhe@gmail.com","2025-12-10, 7:25 PM","No","No","No","Package","Studio 4 Class Package","1404.38","0.00"
"powerCycle","2025-12-09, 6:00 PM","Kwality House, Kemps Corner","Junior Trainer","0.83","Anmol","Sharma","","","Saarah Adenwala","saarahadenwala@gmail.com","2025-12-09, 4:24 PM","Yes","No","No","Subscription","Studio 3 Month Unlimited Membership","718.62","0.00"
"powerCycle","2025-12-09, 6:00 PM","Kwality House, Kemps Corner","Junior Trainer","0.83","Anmol","Sharma","","","Sachin Kothari ","skkothari76@gmail.com","2025-12-09, 2:13 PM","Yes","No","No","Subscription","Studio Annual Unlimited Membership","15.01","0.00"
"powerCycle","2025-12-09, 6:00 PM","Kwality House, Kemps Corner","Junior Trainer","0.83","Anmol","Sharma","","","Zoya  Saqlain ","zoyalakdawala98@gmail.com","2025-12-09, 11:53 AM","Yes","No","No","Subscription","Studio 3 Month Unlimited Membership","1500.00","0.00"
"powerCycle","2025-12-09, 6:00 PM","Kwality House, Kemps Corner","Junior Trainer","0.83","Anmol","Sharma","","","Nida Patel","nidapatel1997@gmail.com","2025-12-09, 8:40 AM","Yes","No","No","Package","Newcomers 2 For 1","787.50","0.00"
"powerCycle","2025-12-08, 7:30 PM","Kwality House, Kemps Corner","Junior Trainer","0.83","Anmol","Sharma","","","Suhani  Chowatia ","suhanichowatia17@gmail.com","2025-12-08, 7:38 PM","Yes","No","No","Subscription","Studio 3 Month Unlimited Membership","1500.00","0.00"
"powerCycle","2025-12-08, 7:30 PM","Kwality House, Kemps Corner","Junior Trainer","0.83","Anmol","Sharma","","","Sumedha Lal","lalsumedha1998@gmail.com","2025-12-08, 7:35 PM","Yes","No","No","Subscription","Studio 1 Month Unlimited Membership","1500.00","0.00"
"powerCycle","2025-12-08, 7:30 PM","Kwality House, Kemps Corner","Junior Trainer","0.83","Anmol","Sharma","","","Aliasgar  Nalwala","ali@asmaco.com","2025-12-08, 7:34 PM","Yes","No","No","Subscription","Studio 6 Month Unlimited Membership","477.59","0.00"
"powerCycle","2025-12-08, 7:30 PM","Kwality House, Kemps Corner","Junior Trainer","0.83","Anmol","Sharma","","","Prisha  Israni ","israniprisha@gmail.com","2025-12-08, 4:52 PM","Yes","No","No","Subscription","Studio 1 Month Unlimited Membership","1500.00","0.00"
"powerCycle","2025-12-08, 7:30 PM","Kwality House, Kemps Corner","Junior Trainer","0.83","Anmol","Sharma","","","Zoya  Saqlain ","zoyalakdawala98@gmail.com","2025-12-08, 1:20 PM","Yes","No","No","Subscription","Studio 3 Month Unlimited Membership","1500.00","0.00"
"powerCycle","2025-12-08, 6:00 PM","Kwality House, Kemps Corner","Junior Trainer","0.83","Anmol","Sharma","","","Farah Bandukwalla","farah.bandukwalla@gmail.com","2025-12-08, 5:30 PM","Yes","No","No","Subscription","Studio 6 Month Unlimited Membership","1500.00","0.00"
"powerCycle","2025-12-08, 6:00 PM","Kwality House, Kemps Corner","Junior Trainer","0.83","Anmol","Sharma","","","Sumeeta Chopra","sumita1967@gmail.com","2025-12-08, 8:11 AM","Yes","No","No","Subscription","Studio 1 Month Unlimited Membership","1500.00","0.00"
"powerCycle","2025-12-08, 6:00 PM","Kwality House, Kemps Corner","Junior Trainer","0.83","Anmol","Sharma","","","Anaanya Chopra","anaanyachopra22@gmail.com","2025-12-08, 8:10 AM","Yes","No","No","Subscription","Studio 1 Month Unlimited Membership","1500.00","0.00"
"powerCycle","2025-12-08, 6:00 PM","Kwality House, Kemps Corner","Junior Trainer","0.83","Anmol","Sharma","","","Yash  Sanghvi","sanghviyash@hotmail.com","2025-12-07, 4:24 PM","Yes","No","No","Subscription","Studio 6 Month Unlimited Membership","1500.00","0.00"
"powerCycle","2025-12-07, 5:00 PM","Kwality House, Kemps Corner","Junior Trainer","0.83","Anmol","Sharma","","","Namha Adukia","namhaadukia@gmail.com","2025-12-07, 5:01 PM","Yes","No","No","Subscription","Studio 3 Month Unlimited Membership","1500.00","0.00"
"powerCycle","2025-12-07, 5:00 PM","Kwality House, Kemps Corner","Junior Trainer","0.83","Anmol","Sharma","","","Latisha Shah","latishashah@gmail.com","2025-12-07, 4:42 PM","Yes","No","No","Subscription","Studio 1 Month Unlimited Membership","1500.00","0.00"
"powerCycle","2025-12-07, 5:00 PM","Kwality House, Kemps Corner","Junior Trainer","0.83","Anmol","Sharma","","","Sumeeta Chopra","sumita1967@gmail.com","2025-12-07, 10:29 AM","Yes","No","No","Subscription","Studio 1 Month Unlimited Membership","1500.00","0.00"
"powerCycle","2025-12-07, 5:00 PM","Kwality House, Kemps Corner","Junior Trainer","0.83","Anmol","Sharma","","","Aishwarya Kakar","kakaraishwarya@gmail.com","2025-12-07, 12:51 AM","Yes","No","No","Card","","1575.00","0.00"
"powerCycle ( Disney Pop )","2025-12-06, 11:00 AM","Supreme HQ, Bandra","Junior Trainer","0.83","Anmol","Sharma","","","Khyati Dand","khyatidand@gmail.com","2025-12-06, 1:16 AM","Yes","No","No","Subscription","Studio 12 Class Package","1128.75","0.00"
"powerCycle ( Disney Pop )","2025-12-06, 11:00 AM","Supreme HQ, Bandra","Junior Trainer","0.83","Anmol","Sharma","","","Anahat Singh ","anahatnandinisingh@gmail.com","2025-12-06, 12:41 AM","No","No","Yes","Subscription","Studio 1 Month Unlimited Membership","1433.65","0.00"
"powerCycle ( Disney Pop )","2025-12-06, 11:00 AM","Supreme HQ, Bandra","Junior Trainer","0.83","Anmol","Sharma","","","Raksha Shroff","rakshamshroff19@gmail.com","2025-12-03, 12:04 PM","Yes","No","No","Subscription","Studio 6 Month Unlimited Membership","1085.53","0.00"
"powerCycle ","2025-12-06, 9:30 AM","Supreme HQ, Bandra","Junior Trainer","0.83","Anmol","Sharma","","","Madhumitha  R","rumadhu99@gmail.com","2025-12-06, 10:42 AM","Yes","No","No","Package","Studio Staff/Family Class","0.00","0.00"
"powerCycle ","2025-12-06, 9:30 AM","Supreme HQ, Bandra","Junior Trainer","0.83","Anmol","Sharma","","","CHRISTOPHER WHITFIELD","chris9642@me.com","2025-12-06, 10:40 AM","Yes","No","No","Package","Studio Single Class","1500.00","0.00"
"powerCycle ","2025-12-06, 9:30 AM","Supreme HQ, Bandra","Junior Trainer","0.83","Anmol","Sharma","","","Mohini Dewalla","mohinidewalla18@gmail.com","2025-12-06, 10:40 AM","Yes","No","No","Package","Studio Staff/Family Class","0.00","0.00"
"powerCycle ","2025-12-06, 9:30 AM","Supreme HQ, Bandra","Junior Trainer","0.83","Anmol","Sharma","","","Shalini Pillai Banerjee ","shpillai@gmail.com","2025-12-06, 9:21 AM","Yes","No","No","Subscription","Studio Extended 10 Single Class Pack","1500.00","0.00"
"powerCycle ","2025-12-06, 9:30 AM","Supreme HQ, Bandra","Junior Trainer","0.83","Anmol","Sharma","","","Treina Campos","treina.campos@gmail.com","2025-12-05, 10:09 PM","Yes","No","No","Subscription","Studio Extended 10 Single Class Pack","1417.50","0.00"
"powerCycle ","2025-12-06, 9:30 AM","Supreme HQ, Bandra","Junior Trainer","0.83","Anmol","Sharma","","","Sneha  Taurani ","sneha@tips.in","2025-12-05, 5:38 PM","Yes","No","No","Subscription","Studio Extended 10 Single Class Pack","1500.00","0.00"
"powerCycle ","2025-12-06, 9:30 AM","Supreme HQ, Bandra","Junior Trainer","0.83","Anmol","Sharma","","","Nidhi Iyer","nidhhe@gmail.com","2025-12-05, 5:32 PM","No","No","Yes","Package","Studio 4 Class Package","1404.38","0.00"
"powerCycle ","2025-12-06, 9:30 AM","Supreme HQ, Bandra","Junior Trainer","0.83","Anmol","Sharma","","","Prachi Ghadge","prachighadge1@gmail.com","2025-12-04, 8:57 PM","Yes","No","No","Subscription","Studio 3 Month Unlimited Membership","1500.00","0.00"
"powerCycle ","2025-12-06, 9:30 AM","Supreme HQ, Bandra","Junior Trainer","0.83","Anmol","Sharma","","","Mehr  Minhas ","mehrxminhas@gmail.com","2025-12-04, 11:00 AM","Yes","No","No","Package","Newcomers 2 For 1","787.50","0.00"
"powerCycle ","2025-12-06, 9:30 AM","Supreme HQ, Bandra","Junior Trainer","0.83","Anmol","Sharma","","","Devsmita Mukherjee","devsmita.mukherjee@gmail.com","2025-11-29, 2:32 PM","Yes","No","No","Subscription","Studio 12 Class Package","1316.88","0.00"
"powerCycle Express","2025-12-05, 7:15 PM","Kwality House, Kemps Corner","Junior Trainer","0.67","Anmol","Sharma","","","Yash  Sanghvi","sanghviyash@hotmail.com","2025-12-01, 11:42 AM","Yes","No","No","Subscription","Studio 6 Month Unlimited Membership","1500.00","0.00"
"powerCycle","2025-12-04, 7:15 PM","Supreme HQ, Bandra","Junior Trainer","0.83","Anmol","Sharma","","","Raashi Mehra","raashimehra30@gmail.com","2025-12-04, 6:59 PM","Yes","No","No","Subscription","Studio 6 Month Unlimited Membership","1174.75","0.00"
"powerCycle","2025-12-04, 7:15 PM","Supreme HQ, Bandra","Junior Trainer","0.83","Anmol","Sharma","","","Pooja Gururaj","pooja21guru@gmail.com","2025-11-29, 11:53 PM","No","No","Yes","Subscription","Studio 3 Month Unlimited Membership","1500.00","0.00"
"powerCycle","2025-12-04, 6:00 PM","Supreme HQ, Bandra","Junior Trainer","0.83","Anmol","Sharma","","","Shreya  Sharma","shreya.454@gmail.com","2025-12-04, 3:56 PM","No","No","Yes","Subscription","Studio Annual Unlimited Membership","1500.00","0.00"
"powerCycle","2025-12-02, 6:00 PM","Kwality House, Kemps Corner","Junior Trainer","0.83","Anmol","Sharma","","","Riah Daswani","riahdaswani@gmail.com","2025-12-02, 3:52 PM","Yes","No","No","Subscription","Studio Annual Unlimited Membership","15.01","0.00"
"powerCycle","2025-12-02, 6:00 PM","Kwality House, Kemps Corner","Junior Trainer","0.83","Anmol","Sharma","","","Zoya  Saqlain ","zoyalakdawala98@gmail.com","2025-12-02, 12:14 PM","Yes","No","No","Subscription","Studio 3 Month Unlimited Membership","1500.00","0.00"
"powerCycle","2025-12-01, 7:30 PM","Kwality House, Kemps Corner","Junior Trainer","0.83","Anmol","Sharma","","","Sumedha Lal","lalsumedha1998@gmail.com","2025-12-01, 7:09 PM","Yes","No","No","Subscription","Studio 1 Month Unlimited Membership","1500.00","0.00"
"powerCycle","2025-12-01, 7:30 PM","Kwality House, Kemps Corner","Junior Trainer","0.83","Anmol","Sharma","","","Ria Chauhan Vora","ria@apwig.com","2025-12-01, 10:45 AM","Yes","No","No","Subscription","Studio 6 Month Unlimited Membership","1500.00","0.00"
"powerCycle","2025-12-01, 7:30 PM","Kwality House, Kemps Corner","Junior Trainer","0.83","Anmol","Sharma","","","Yash  Sanghvi","sanghviyash@hotmail.com","2025-11-27, 9:44 AM","Yes","No","No","Subscription","Studio 6 Month Unlimited Membership","1500.00","0.00"
"powerCycle","2025-12-01, 6:00 PM","Kwality House, Kemps Corner","Junior Trainer","0.83","Anmol","Sharma","","","Mahika Thakur","mrt368@nyu.edu","2025-12-01, 5:38 PM","Yes","No","No","Subscription","Studio Annual Unlimited Membership","155.76","0.00"
"powerCycle","2025-12-01, 6:00 PM","Kwality House, Kemps Corner","Junior Trainer","0.83","Anmol","Sharma","","","Yash  Sanghvi","sanghviyash@hotmail.com","2025-11-27, 9:44 AM","Yes","No","No","Subscription","Studio 6 Month Unlimited Membership","1500.00","0.00"