"Class Name","Class Date","Location","Payrate","Total Revenue","Base Payout","Additional Payout","Total Payout","Tip","Participants","Checked in","Comps","Checked In Comps","Late Cancellations","Non Paid Customers","Time (h)","Instructor First Name","Instructor Last Name","Employee Code","Payrate Code"
"Physique 57 x The Kin Club","2025-12-14, 8:45 AM","Kwality House, Kemps Corner","Sr. Sr Trainer","11400.00","2000.00","0.00","2000.00","0.00","6","0","0","0","0","0","0.83","Rohan","Dahima","",""
"powerCycle","2025-12-17, 8:00 AM","Kwality House, Kemps Corner","Sr. Sr Trainer","0.00","2000.00","0.00","2000.00","0.00","0","0","0","0","0","0","0.83","Rohan","Dahima","",""
"powerCycle Express","2025-12-18, 10:30 AM","Supreme HQ, Bandra","Sr. Sr Trainer","0.00","2000.00","0.00","2000.00","0.00","0","0","0","0","0","0","0.67","Rohan","Dahima","",""
"Studio Barre 57","2025-12-18, 9:00 AM","Supreme HQ, Bandra","Sr. Sr Trainer","0.00","2000.00","0.00","2000.00","0.00","0","0","0","0","0","0","0.95","Rohan","Dahima","",""
"Studio FIT","2025-12-18, 7:15 AM","Supreme HQ, Bandra","Sr. Sr Trainer","2917.50","2000.00","0.00","2000.00","0.00","2","0","0","0","0","0","1.00","Rohan","Dahima","",""
"Studio Barre 57","2025-12-17, 11:30 AM","Kwality House, Kemps Corner","Sr. Sr Trainer","0.00","2000.00","0.00","2000.00","0.00","0","0","0","0","0","0","0.95","Rohan","Dahima","",""
"Studio Barre 57","2025-12-17, 9:15 AM","Kwality House, Kemps Corner","Sr. Sr Trainer","0.00","2000.00","0.00","2000.00","0.00","0","0","0","0","0","0","0.95","Rohan","Dahima","",""
"powerCycle","2025-12-16, 7:15 PM","Kwality House, Kemps Corner","Sr. Sr Trainer","3000.00","2000.00","0.00","2000.00","0.00","3","0","0","0","0","1","0.83","Rohan","Dahima","",""
"Studio Barre 57","2025-12-16, 5:45 PM","Kwality House, Kemps Corner","Sr. Sr Trainer","0.00","2000.00","0.00","2000.00","0.00","0","0","0","0","0","0","0.95","Rohan","Dahima","",""
"Studio Barre 57","2025-12-14, 11:30 AM","Kwality House, Kemps Corner","Sr. Sr Trainer","4221.26","2000.00","0.00","2000.00","0.00","3","0","0","0","0","0","1.00","Rohan","Dahima","",""
"Strength Lab (Full Body)","2025-12-14, 10:00 AM","Kwality House, Kemps Corner","Sr. Sr Trainer","7223.22","2000.00","0.00","2000.00","0.00","7","0","0","0","0","1","1.00","Rohan","Dahima","",""
"powerCycle ( Boy Bands )","2025-12-13, 11:00 AM","Supreme HQ, Bandra","Sr. Sr Trainer","4029.86","2000.00","0.00","2000.00","0.00","5","0","0","0","0","0","0.83","Rohan","Dahima","",""
"powerCycle","2025-12-13, 9:30 AM","Supreme HQ, Bandra","Sr. Sr Trainer","10.42","2000.00","0.00","2000.00","0.00","1","0","0","0","0","0","0.83","Rohan","Dahima","",""
"powerCycle Express","2025-12-12, 7:15 PM","Kwality House, Kemps Corner","Sr. Sr Trainer","2910.55","2000.00","0.00","2000.00","0.00","2","0","0","0","0","0","0.67","Rohan","Dahima","",""
"Strength Lab (Full Body)","2025-12-12, 6:00 PM","Kwality House, Kemps Corner","Sr. Sr Trainer","161.70","2000.00","0.00","2000.00","0.00","1","0","0","0","0","0","1.00","Rohan","Dahima","",""
"powerCycle Express ( PolyJAMourous )","2025-12-11, 10:30 AM","Supreme HQ, Bandra","Sr. Sr Trainer","5131.25","2000.00","0.00","2000.00","0.00","6","5","0","0","1","0","0.67","Rohan","Dahima","",""
"Studio Barre 57","2025-12-11, 9:00 AM","Supreme HQ, Bandra","Sr. Sr Trainer","2870.02","2000.00","0.00","2000.00","0.00","3","3","0","0","0","0","0.95","Rohan","Dahima","",""
"Studio FIT ( SUPER SETS )","2025-12-11, 7:15 AM","Supreme HQ, Bandra","Sr. Sr Trainer","12085.72","2000.00","0.00","2000.00","0.00","10","9","0","0","1","0","1.00","Rohan","Dahima","",""
"powerCycle","2025-12-02, 7:15 PM","Kwality House, Kemps Corner","Sr. Sr Trainer","11891.58","2000.00","0.00","2000.00","0.00","11","9","0","0","2","0","0.83","Rohan","Dahima","",""
"Studio Barre 57","2025-12-02, 5:45 PM","Kwality House, Kemps Corner","Sr. Sr Trainer","16053.42","2000.00","0.00","2000.00","0.00","17","17","0","0","0","2","0.95","Rohan","Dahima","",""
"Studio Cardio Barre Plus","2025-12-01, 11:30 AM","Kwality House, Kemps Corner","Sr. Sr Trainer","2105.60","2000.00","0.00","2000.00","0.00","6","6","0","0","0","0","0.95","Rohan","Dahima","",""
"Strength Lab (Push) ","2025-12-01, 9:15 AM","Kwality House, Kemps Corner","Sr. Sr Trainer","3262.66","2000.00","0.00","2000.00","0.00","3","3","0","0","0","0","1.00","Rohan","Dahima","",""
"powerCycle","2025-12-01, 8:00 AM","Kwality House, Kemps Corner","Sr. Sr Trainer","6786.16","2000.00","0.00","2000.00","0.00","6","6","0","0","0","0","0.83","Rohan","Dahima","",""