"Class Name","Class Date","Location","Payrate","Total Revenue","Base Payout","Additional Payout","Total Payout","Tip","Participants","Checked in","Comps","Checked In Comps","Late Cancellations","Non Paid Customers","Time (h)","Instructor First Name","Instructor Last Name","Employee Code","Payrate Code"
"powerCycle","2025-12-17, 10:30 AM","Supreme HQ, Bandra","Junior Trainer","0.00","1250.00","0.00","1250.00","0.00","0","0","0","0","0","0","0.83","Raunak","Khemuka","",""
"powerCycle Express","2025-12-16, 7:15 PM","Supreme HQ, Bandra","Junior Trainer","0.00","1250.00","0.00","1250.00","0.00","0","0","0","0","0","0","0.67","Raunak","Khemuka","",""
"powerCycle","2025-12-16, 6:00 PM","Supreme HQ, Bandra","Junior Trainer","0.00","1250.00","0.00","1250.00","0.00","0","0","0","0","0","0","0.83","Raunak","Khemuka","",""
"powerCycle","2025-12-14, 10:00 AM","Kwality House, Kemps Corner","Junior Trainer","0.00","1250.00","0.00","1250.00","0.00","0","0","0","0","0","0","0.83","Raunak","Khemuka","",""
"powerCycle","2025-12-12, 8:00 AM","Supreme HQ, Bandra","Junior Trainer","0.00","1250.00","0.00","1250.00","0.00","0","0","0","0","0","0","0.83","Raunak","Khemuka","",""
"powerCycle ( Only Legends )","2025-12-10, 10:30 AM","Supreme HQ, Bandra","Junior Trainer","1433.65","1250.00","0.00","1250.00","0.00","1","1","0","0","0","0","0.83","Raunak","Khemuka","",""
"powerCycle Express ( Only Legends )","2025-12-09, 7:15 PM","Supreme HQ, Bandra","Junior Trainer","5036.81","1250.00","0.00","1250.00","0.00","5","5","0","0","0","0","0.67","Raunak","Khemuka","",""
"powerCycle","2025-12-09, 6:00 PM","Supreme HQ, Bandra","Junior Trainer","2634.34","1250.00","0.00","1250.00","0.00","3","2","0","0","1","0","0.83","Raunak","Khemuka","",""
"powerCycle","2025-12-07, 10:00 AM","Kwality House, Kemps Corner","Junior Trainer","4512.68","1250.00","0.00","1250.00","0.00","5","5","0","0","0","0","0.83","Raunak","Khemuka","",""
"powerCycle ( Rock vs Techno )","2025-12-05, 8:00 AM","Supreme HQ, Bandra","Junior Trainer","3075.00","1250.00","0.00","1250.00","0.00","2","2","0","0","0","0","0.83","Raunak","Khemuka","",""
"powerCycle","2025-12-04, 7:15 PM","Kwality House, Kemps Corner","Junior Trainer","1500.00","1250.00","0.00","1250.00","0.00","1","1","0","0","0","0","0.83","Raunak","Khemuka","",""
"powerCycle","2025-12-04, 5:45 PM","Kwality House, Kemps Corner","Junior Trainer","6873.55","1250.00","0.00","1250.00","0.00","7","6","0","0","1","0","0.83","Raunak","Khemuka","",""
"powerCycle","2025-12-03, 10:30 AM","Supreme HQ, Bandra","Junior Trainer","2618.84","1250.00","0.00","1250.00","0.00","3","3","0","0","0","1","0.83","Raunak","Khemuka","",""
"powerCycle","2025-12-01, 10:00 AM","Supreme HQ, Bandra","Junior Trainer","2839.89","1250.00","0.00","1250.00","0.00","3","3","0","0","0","0","0.83","Raunak","Khemuka","",""
"powerCycle","2025-12-01, 8:45 AM","Supreme HQ, Bandra","Junior Trainer","3691.88","1250.00","0.00","1250.00","0.00","3","1","0","0","2","0","0.83","Raunak","Khemuka","",""